-- --------------------------------------------------------
-- Host:                         127.0.0.1
-- Server version:               8.0.30 - MySQL Community Server - GPL
-- Server OS:                    Win64
-- HeidiSQL Version:             12.1.0.6537
-- --------------------------------------------------------

/*!40101 SET @OLD_CHARACTER_SET_CLIENT=@@CHARACTER_SET_CLIENT */;
/*!40101 SET NAMES utf8 */;
/*!50503 SET NAMES utf8mb4 */;
/*!40103 SET @OLD_TIME_ZONE=@@TIME_ZONE */;
/*!40103 SET TIME_ZONE='+00:00' */;
/*!40014 SET @OLD_FOREIGN_KEY_CHECKS=@@FOREIGN_KEY_CHECKS, FOREIGN_KEY_CHECKS=0 */;
/*!40101 SET @OLD_SQL_MODE=@@SQL_MODE, SQL_MODE='NO_AUTO_VALUE_ON_ZERO' */;
/*!40111 SET @OLD_SQL_NOTES=@@SQL_NOTES, SQL_NOTES=0 */;

-- Dumping structure for table rosheta.areas
CREATE TABLE IF NOT EXISTS `areas` (
  `id` bigint unsigned NOT NULL AUTO_INCREMENT,
  `city_id` bigint unsigned NOT NULL,
  `name` varchar(255) CHARACTER SET utf8mb4 COLLATE utf8mb4_unicode_ci NOT NULL,
  `name_ar` varchar(255) CHARACTER SET utf8mb4 COLLATE utf8mb4_unicode_ci NOT NULL,
  `is_active` tinyint(1) NOT NULL DEFAULT '1',
  `sort_order` int NOT NULL DEFAULT '0',
  `created_at` timestamp NULL DEFAULT NULL,
  `updated_at` timestamp NULL DEFAULT NULL,
  PRIMARY KEY (`id`),
  KEY `areas_city_id_index` (`city_id`),
  KEY `areas_is_active_index` (`is_active`),
  CONSTRAINT `areas_city_id_foreign` FOREIGN KEY (`city_id`) REFERENCES `cities` (`id`) ON DELETE CASCADE
) ENGINE=InnoDB AUTO_INCREMENT=639 DEFAULT CHARSET=utf8mb4 COLLATE=utf8mb4_unicode_ci;

-- Dumping data for table rosheta.areas: ~258 rows (approximately)
INSERT INTO `areas` (`id`, `city_id`, `name`, `name_ar`, `is_active`, `sort_order`, `created_at`, `updated_at`) VALUES
	(1, 1, 'geheny', 'الجهيني', 1, 0, '2025-10-31 22:55:58', '2025-10-31 22:55:58'),
	(2, 1, 'sidi sabih', 'سيدي صبيح', 1, 1, '2025-11-01 14:31:47', '2025-11-01 14:31:47'),
	(3, 1, 'Effertz Light', 'nostrum aut', 1, 54, '2025-11-17 08:18:15', '2025-11-17 08:18:15'),
	(7, 1, 'Cole Hill', 'dolor eum', 1, 36, '2025-11-17 08:18:15', '2025-11-17 08:18:15'),
	(8, 1, 'Kacie Ridges', 'ut numquam', 1, 36, '2025-11-17 08:18:15', '2025-11-17 08:18:15'),
	(11, 1, 'Waters Crest', 'ducimus similique', 0, 21, '2025-11-17 08:18:15', '2025-11-17 08:18:15'),
	(12, 6, 'Leannon Square', 'nihil asperiores', 1, 62, '2025-11-17 08:18:15', '2025-11-17 08:18:15'),
	(13, 1, 'Shields Plains', 'neque pariatur', 1, 56, '2025-11-17 08:18:15', '2025-11-17 08:18:15'),
	(14, 10, 'Klocko Crescent', 'voluptas neque', 1, 77, '2025-11-17 08:18:15', '2025-11-17 08:18:15'),
	(15, 13, 'Anna Extensions', 'nihil odit', 1, 2, '2025-11-17 08:18:15', '2025-11-17 08:18:15'),
	(16, 11, 'Estrella Forge', 'maxime recusandae', 1, 40, '2025-11-17 08:18:15', '2025-11-17 08:18:15'),
	(17, 12, 'Koch Rapid', 'minus atque', 1, 33, '2025-11-17 08:18:15', '2025-11-17 08:18:15'),
	(18, 5, 'Kara Stravenue', 'iste dolorum', 1, 65, '2025-11-17 08:18:15', '2025-11-17 08:18:15'),
	(19, 13, 'Hackett Dale', 'voluptas eius', 1, 100, '2025-11-17 08:18:15', '2025-11-17 08:18:15'),
	(21, 1, 'Daugherty Ranch', 'neque sequi', 0, 78, '2025-11-17 08:18:16', '2025-11-17 08:18:16'),
	(22, 11, 'Creola Isle', 'repellat amet', 1, 51, '2025-11-17 08:18:16', '2025-11-17 08:18:16'),
	(24, 20, 'Russ Camp', 'eos aspernatur', 1, 71, '2025-11-17 08:18:16', '2025-11-17 08:18:16'),
	(26, 14, 'Shields Island', 'optio quia', 1, 23, '2025-11-17 08:18:16', '2025-11-17 08:18:16'),
	(29, 5, 'Zack Wall', 'laboriosam qui', 1, 18, '2025-11-17 08:18:16', '2025-11-17 08:18:16'),
	(30, 1, 'Dawson Freeway', 'hic beatae', 1, 67, '2025-11-17 08:18:16', '2025-11-17 08:18:16'),
	(33, 27, 'Stephanie Heights', 'ut amet', 1, 69, '2025-11-17 08:18:16', '2025-11-17 08:18:16'),
	(34, 20, 'Thompson Stream', 'voluptatem qui', 1, 43, '2025-11-17 08:18:16', '2025-11-17 08:18:16'),
	(35, 13, 'Evalyn Underpass', 'velit dolores', 1, 92, '2025-11-17 08:18:16', '2025-11-17 08:18:16'),
	(39, 23, 'Casper Viaduct', 'laudantium dolores', 1, 11, '2025-11-17 08:18:16', '2025-11-17 08:18:16'),
	(40, 8, 'Reanna Union', 'aliquam recusandae', 1, 26, '2025-11-17 08:18:16', '2025-11-17 08:18:16'),
	(41, 31, 'Kathlyn Square', 'et earum', 1, 74, '2025-11-17 08:18:16', '2025-11-17 08:18:16'),
	(42, 27, 'Thompson Land', 'odio distinctio', 1, 97, '2025-11-17 08:18:16', '2025-11-17 08:18:16'),
	(44, 20, 'Alysha Curve', 'est non', 1, 77, '2025-11-17 08:18:16', '2025-11-17 08:18:16'),
	(45, 33, 'Gaylord Plaza', 'rerum reiciendis', 1, 56, '2025-11-17 08:18:16', '2025-11-17 08:18:16'),
	(46, 13, 'Josh Flat', 'quisquam labore', 0, 32, '2025-11-17 08:18:16', '2025-11-17 08:18:16'),
	(47, 6, 'Adela Circles', 'consequatur sit', 1, 55, '2025-11-17 08:18:16', '2025-11-17 08:18:16'),
	(48, 18, 'Vandervort Lights', 'rem adipisci', 1, 8, '2025-11-17 08:18:16', '2025-11-17 08:18:16'),
	(50, 23, 'Lockman Keys', 'sit vitae', 1, 83, '2025-11-17 08:18:16', '2025-11-17 08:18:16'),
	(52, 12, 'Rolfson Shoal', 'tenetur qui', 0, 37, '2025-11-17 08:18:16', '2025-11-17 08:18:16'),
	(53, 5, 'Mittie Wall', 'voluptas ut', 1, 45, '2025-11-17 08:18:16', '2025-11-17 08:18:16'),
	(54, 33, 'Ibrahim Circles', 'ut occaecati', 1, 51, '2025-11-17 08:18:16', '2025-11-17 08:18:16'),
	(55, 24, 'Tracey Shoals', 'nisi voluptatibus', 1, 50, '2025-11-17 08:18:16', '2025-11-17 08:18:16'),
	(58, 33, 'Jamal Brook', 'sit fuga', 1, 49, '2025-11-17 08:18:16', '2025-11-17 08:18:16'),
	(59, 55, 'Kilback Brook', 'omnis explicabo', 1, 59, '2025-11-17 08:18:16', '2025-11-17 08:18:16'),
	(61, 42, 'Effie Walk', 'et ea', 1, 23, '2025-11-17 08:18:16', '2025-11-17 08:18:16'),
	(62, 59, 'Marianne Street', 'doloremque ut', 1, 76, '2025-11-17 08:18:16', '2025-11-17 08:18:16'),
	(63, 12, 'Sabrina Way', 'omnis ex', 1, 100, '2025-11-17 08:18:16', '2025-11-17 08:18:16'),
	(67, 4, 'Adeline Rue', 'et vitae', 1, 93, '2025-11-17 08:18:16', '2025-11-17 08:18:16'),
	(68, 19, 'Stokes Garden', 'repellat sapiente', 0, 28, '2025-11-17 08:18:16', '2025-11-17 08:18:16'),
	(71, 41, 'Hodkiewicz Corners', 'nostrum minima', 1, 52, '2025-11-17 08:18:16', '2025-11-17 08:18:16'),
	(72, 55, 'Olson Harbor', 'sunt tenetur', 0, 78, '2025-11-17 08:18:16', '2025-11-17 08:18:16'),
	(75, 33, 'Murray Lodge', 'natus eligendi', 1, 1, '2025-11-17 08:18:16', '2025-11-17 08:18:16'),
	(78, 4, 'Molly Pines', 'voluptates debitis', 1, 16, '2025-11-17 08:18:16', '2025-11-17 08:18:16'),
	(81, 55, 'Hintz Circles', 'necessitatibus dolor', 1, 61, '2025-11-17 08:18:16', '2025-11-17 08:18:16'),
	(85, 57, 'Daugherty Mountain', 'at dolorum', 0, 93, '2025-11-17 08:18:16', '2025-11-17 08:18:16'),
	(91, 41, 'Ruecker Ways', 'molestiae voluptate', 1, 33, '2025-11-17 08:18:16', '2025-11-17 08:18:16'),
	(92, 20, 'Arianna Crest', 'magni vel', 1, 43, '2025-11-17 08:18:16', '2025-11-17 08:18:16'),
	(95, 94, 'Schroeder Heights', 'rerum nulla', 1, 51, '2025-11-17 08:18:16', '2025-11-17 08:18:16'),
	(96, 19, 'Brooklyn Forks', 'nobis dolorem', 0, 24, '2025-11-17 08:18:16', '2025-11-17 08:18:16'),
	(97, 47, 'Gerhold Station', 'illum expedita', 1, 56, '2025-11-17 08:18:16', '2025-11-17 08:18:16'),
	(98, 39, 'Luettgen Prairie', 'cumque sunt', 1, 49, '2025-11-17 08:18:16', '2025-11-17 08:18:16'),
	(99, 53, 'Lula Junction', 'laudantium doloribus', 0, 18, '2025-11-17 08:18:16', '2025-11-17 08:18:16'),
	(104, 93, 'Hills Junction', 'omnis similique', 1, 83, '2025-11-17 08:18:16', '2025-11-17 08:18:16'),
	(105, 14, 'Shanie Course', 'ut quibusdam', 1, 5, '2025-11-17 08:18:16', '2025-11-17 08:18:16'),
	(106, 49, 'Runte Pass', 'et sit', 1, 88, '2025-11-17 08:18:16', '2025-11-17 08:18:16'),
	(107, 10, 'Elissa Forges', 'dicta velit', 1, 93, '2025-11-17 08:18:16', '2025-11-17 08:18:16'),
	(110, 104, 'Kaycee Pines', 'doloribus aut', 1, 94, '2025-11-17 08:18:16', '2025-11-17 08:18:16'),
	(112, 12, 'Aufderhar Skyway', 'dolore at', 1, 87, '2025-11-17 08:18:16', '2025-11-17 08:18:16'),
	(113, 43, 'Coralie Mountains', 'magni sit', 0, 22, '2025-11-17 08:18:16', '2025-11-17 08:18:16'),
	(114, 59, 'Andreanne Shoal', 'deleniti recusandae', 1, 17, '2025-11-17 08:18:16', '2025-11-17 08:18:16'),
	(115, 39, 'Reilly Flats', 'minima reiciendis', 1, 22, '2025-11-17 08:18:16', '2025-11-17 08:18:16'),
	(116, 39, 'Lexi Pine', 'dolore rerum', 0, 33, '2025-11-17 08:18:16', '2025-11-17 08:18:16'),
	(118, 8, 'Arne Brook', 'atque rem', 1, 31, '2025-11-17 08:20:17', '2025-11-17 08:20:17'),
	(119, 38, 'Moen Turnpike', 'nam fugiat', 1, 87, '2025-11-17 08:20:17', '2025-11-17 08:20:17'),
	(120, 102, 'Zulauf Villages', 'aut dicta', 1, 93, '2025-11-17 08:20:17', '2025-11-17 08:20:17'),
	(123, 10, 'White Isle', 'deserunt est', 1, 14, '2025-11-17 08:20:17', '2025-11-17 08:20:17'),
	(124, 11, 'Herzog Crossing', 'officia qui', 1, 9, '2025-11-17 08:20:17', '2025-11-17 08:20:17'),
	(125, 19, 'Alia Wall', 'at et', 1, 95, '2025-11-17 08:20:17', '2025-11-17 08:20:17'),
	(126, 48, 'Nona Mission', 'aliquid quam', 1, 84, '2025-11-17 08:20:17', '2025-11-17 08:20:17'),
	(127, 43, 'Jasen Cliff', 'voluptatem quo', 1, 68, '2025-11-17 08:20:17', '2025-11-17 08:20:17'),
	(128, 55, 'Phoebe Land', 'excepturi assumenda', 0, 11, '2025-11-17 08:20:17', '2025-11-17 08:20:17'),
	(129, 109, 'Schaden Dale', 'explicabo adipisci', 1, 43, '2025-11-17 08:20:17', '2025-11-17 08:20:17'),
	(131, 24, 'Bernhard Plains', 'adipisci voluptatem', 0, 18, '2025-11-17 08:20:17', '2025-11-17 08:20:17'),
	(134, 23, 'Evangeline Square', 'rerum exercitationem', 1, 42, '2025-11-17 08:20:18', '2025-11-17 08:20:18'),
	(137, 104, 'Salvatore Ports', 'commodi sit', 1, 69, '2025-11-17 08:20:18', '2025-11-17 08:20:18'),
	(139, 96, 'Scarlett Plaza', 'ipsum et', 1, 52, '2025-11-17 08:20:18', '2025-11-17 08:20:18'),
	(141, 120, 'Celestine Knoll', 'voluptatem veritatis', 1, 77, '2025-11-17 08:20:18', '2025-11-17 08:20:18'),
	(143, 66, 'Dakota Springs', 'reiciendis quaerat', 1, 13, '2025-11-17 08:20:18', '2025-11-17 08:20:18'),
	(144, 30, 'Reinhold Turnpike', 'eligendi rem', 1, 74, '2025-11-17 08:20:18', '2025-11-17 08:20:18'),
	(145, 63, 'Runte Glens', 'iusto dignissimos', 1, 58, '2025-11-17 08:20:18', '2025-11-17 08:20:18'),
	(148, 106, 'Tessie Fall', 'aut minima', 1, 70, '2025-11-17 08:20:18', '2025-11-17 08:20:18'),
	(151, 20, 'Maximo Pine', 'ipsam maxime', 1, 20, '2025-11-17 08:20:18', '2025-11-17 08:20:18'),
	(154, 145, 'Wilderman Groves', 'repellat dolore', 1, 8, '2025-11-17 08:20:18', '2025-11-17 08:20:18'),
	(157, 6, 'Corkery Flats', 'harum rem', 0, 34, '2025-11-17 08:20:18', '2025-11-17 08:20:18'),
	(160, 90, 'Jordi Street', 'reiciendis earum', 1, 77, '2025-11-17 08:20:18', '2025-11-17 08:20:18'),
	(161, 55, 'Abagail Landing', 'aliquid doloribus', 1, 45, '2025-11-17 08:20:18', '2025-11-17 08:20:18'),
	(167, 90, 'Will Burg', 'ea nam', 1, 31, '2025-11-17 08:20:18', '2025-11-17 08:20:18'),
	(169, 98, 'Dietrich Parks', 'at maxime', 0, 100, '2025-11-17 08:20:18', '2025-11-17 08:20:18'),
	(171, 124, 'Hagenes Trail', 'enim ut', 1, 17, '2025-11-17 08:20:18', '2025-11-17 08:20:18'),
	(176, 30, 'Daisy Knoll', 'animi assumenda', 1, 89, '2025-11-17 08:20:18', '2025-11-17 08:20:18'),
	(177, 120, 'Brain Cliff', 'mollitia qui', 1, 95, '2025-11-17 08:20:18', '2025-11-17 08:20:18'),
	(179, 67, 'Graham Islands', 'dolore sint', 0, 5, '2025-11-17 08:20:18', '2025-11-17 08:20:18'),
	(183, 20, 'Orval Pines', 'sed consequuntur', 1, 4, '2025-11-17 08:20:18', '2025-11-17 08:20:18'),
	(184, 43, 'Pete Inlet', 'et placeat', 1, 76, '2025-11-17 08:20:18', '2025-11-17 08:20:18'),
	(187, 105, 'Larkin Loop', 'in consequatur', 1, 76, '2025-11-17 08:20:18', '2025-11-17 08:20:18'),
	(188, 67, 'Aufderhar Curve', 'fuga fuga', 1, 88, '2025-11-17 08:20:18', '2025-11-17 08:20:18'),
	(189, 53, 'Windler Pass', 'fugiat aut', 1, 92, '2025-11-17 08:20:18', '2025-11-17 08:20:18'),
	(191, 107, 'Dorothea Loop', 'et et', 1, 57, '2025-11-17 08:20:18', '2025-11-17 08:20:18'),
	(193, 75, 'Jamal Rue', 'et ut', 1, 8, '2025-11-17 08:20:18', '2025-11-17 08:20:18'),
	(195, 86, 'Tina Mission', 'corporis amet', 1, 91, '2025-11-17 08:20:18', '2025-11-17 08:20:18'),
	(197, 79, 'Twila Springs', 'est culpa', 1, 90, '2025-11-17 08:20:18', '2025-11-17 08:20:18'),
	(200, 126, 'Tracy Port', 'est voluptates', 1, 81, '2025-11-17 08:20:18', '2025-11-17 08:20:18'),
	(204, 13, 'Mayra Drive', 'ea ducimus', 1, 85, '2025-11-17 08:20:18', '2025-11-17 08:20:18'),
	(205, 1, 'Bashirian Coves', 'aut molestias', 1, 61, '2025-11-17 08:20:18', '2025-11-17 08:20:18'),
	(206, 49, 'Grant Lights', 'quibusdam ratione', 1, 97, '2025-11-17 08:20:18', '2025-11-17 08:20:18'),
	(207, 23, 'Ferry Passage', 'saepe quia', 1, 54, '2025-11-17 08:20:18', '2025-11-17 08:20:18'),
	(211, 80, 'Amelia Points', 'nulla aut', 1, 7, '2025-11-17 08:20:18', '2025-11-17 08:20:18'),
	(212, 43, 'Doyle Tunnel', 'dignissimos dignissimos', 1, 78, '2025-11-17 08:20:18', '2025-11-17 08:20:18'),
	(213, 47, 'Ward Terrace', 'aut consequatur', 1, 63, '2025-11-17 08:20:18', '2025-11-17 08:20:18'),
	(214, 207, 'Moore Ferry', 'impedit architecto', 1, 24, '2025-11-17 08:20:18', '2025-11-17 08:20:18'),
	(215, 144, 'Lilian Keys', 'et possimus', 1, 44, '2025-11-17 08:20:18', '2025-11-17 08:20:18'),
	(216, 168, 'Layne Freeway', 'delectus aut', 1, 66, '2025-11-17 08:20:18', '2025-11-17 08:20:18'),
	(218, 43, 'Shea Street', 'qui minus', 1, 88, '2025-11-17 08:20:18', '2025-11-17 08:20:18'),
	(222, 104, 'Carley Oval', 'sunt est', 1, 32, '2025-11-17 08:20:19', '2025-11-17 08:20:19'),
	(224, 12, 'Langosh Drive', 'ea quia', 0, 9, '2025-11-17 08:20:19', '2025-11-17 08:20:19'),
	(227, 108, 'Klocko Greens', 'aspernatur et', 1, 50, '2025-11-17 08:20:19', '2025-11-17 08:20:19'),
	(228, 151, 'Linnie Trail', 'ea suscipit', 0, 85, '2025-11-17 08:20:19', '2025-11-17 08:20:19'),
	(229, 75, 'Nona Forges', 'enim at', 1, 52, '2025-11-17 08:20:19', '2025-11-17 08:20:19'),
	(231, 192, 'Kovacek Meadows', 'ipsum omnis', 1, 2, '2025-11-17 08:20:19', '2025-11-17 08:20:19'),
	(232, 47, 'Abbott Station', 'modi et', 1, 13, '2025-11-17 08:20:19', '2025-11-17 08:20:19'),
	(234, 233, 'Kling Mission', 'eligendi nihil', 1, 40, '2025-11-17 08:20:19', '2025-11-17 08:20:19'),
	(237, 106, 'Violet Gardens', 'debitis earum', 1, 51, '2025-11-17 08:20:19', '2025-11-17 08:20:19'),
	(242, 144, 'Alisa Court', 'eos quo', 1, 57, '2025-11-17 08:20:19', '2025-11-17 08:20:19'),
	(243, 53, 'Armstrong Fords', 'blanditiis maxime', 1, 68, '2025-11-17 08:20:19', '2025-11-17 08:20:19'),
	(248, 195, 'Aubrey Ramp', 'quibusdam sed', 1, 95, '2025-11-17 08:20:19', '2025-11-17 08:20:19'),
	(250, 211, 'Rosenbaum Lodge', 'animi consequatur', 1, 25, '2025-11-17 08:20:19', '2025-11-17 08:20:19'),
	(251, 178, 'Don Harbors', 'nulla veritatis', 1, 4, '2025-11-17 08:20:19', '2025-11-17 08:20:19'),
	(253, 158, 'Diana Rest', 'molestias porro', 1, 20, '2025-11-17 08:20:19', '2025-11-17 08:20:19'),
	(254, 24, 'Louvenia View', 'hic ratione', 0, 19, '2025-11-17 08:20:19', '2025-11-17 08:20:19'),
	(255, 90, 'Monahan Burg', 'earum delectus', 1, 37, '2025-11-17 08:20:19', '2025-11-17 08:20:19'),
	(256, 18, 'Hilpert Summit', 'repellendus in', 1, 60, '2025-11-17 08:20:19', '2025-11-17 08:20:19'),
	(258, 23, 'Blick Neck', 'eum laudantium', 1, 2, '2025-11-17 08:20:19', '2025-11-17 08:20:19'),
	(265, 238, 'Sipes Burgs', 'sed fugit', 1, 6, '2025-11-17 08:20:19', '2025-11-17 08:20:19'),
	(275, 4, 'Sincere Highway', 'quas reiciendis', 1, 10, '2025-11-17 08:20:19', '2025-11-17 08:20:19'),
	(282, 1, 'Legros Isle', 'id molestiae', 1, 39, '2025-11-17 08:20:19', '2025-11-17 08:20:19'),
	(284, 250, 'Luisa Lock', 'voluptas saepe', 1, 96, '2025-11-17 08:20:19', '2025-11-17 08:20:19'),
	(286, 265, 'Swift Ways', 'voluptas magnam', 1, 27, '2025-11-17 08:20:19', '2025-11-17 08:20:19'),
	(287, 109, 'Beatty River', 'facilis aut', 1, 62, '2025-11-17 08:20:19', '2025-11-17 08:20:19'),
	(288, 33, 'Emerson Park', 'eligendi reiciendis', 1, 49, '2025-11-17 08:20:19', '2025-11-17 08:20:19'),
	(289, 144, 'Goodwin Road', 'tempore quia', 1, 24, '2025-11-17 08:20:19', '2025-11-17 08:20:19'),
	(292, 39, 'Ryan Shore', 'est repudiandae', 1, 52, '2025-11-17 08:20:19', '2025-11-17 08:20:19'),
	(297, 1, 'Hyatt Harbors', 'modi ut', 1, 44, '2025-11-17 08:20:19', '2025-11-17 08:20:19'),
	(298, 211, 'Garnet Road', 'odit aut', 1, 13, '2025-11-17 08:20:19', '2025-11-17 08:20:19'),
	(303, 124, 'Savannah Ridges', 'dignissimos repellat', 1, 8, '2025-11-17 08:20:20', '2025-11-17 08:20:20'),
	(306, 63, 'Medhurst Alley', 'dignissimos dolorem', 1, 59, '2025-11-17 08:20:20', '2025-11-17 08:20:20'),
	(312, 35, 'Berge Burgs', 'iusto velit', 1, 7, '2025-11-17 08:20:20', '2025-11-17 08:20:20'),
	(314, 280, 'Haleigh Shoal', 'omnis sapiente', 1, 99, '2025-11-17 08:20:20', '2025-11-17 08:20:20'),
	(318, 290, 'Gaylord Tunnel', 'ut eos', 1, 36, '2025-11-17 08:20:20', '2025-11-17 08:20:20'),
	(322, 11, 'Vandervort Pines', 'deserunt commodi', 1, 48, '2025-11-17 08:20:20', '2025-11-17 08:20:20'),
	(325, 8, 'Kuvalis Crossing', 'veniam qui', 1, 9, '2025-11-17 08:20:20', '2025-11-17 08:20:20'),
	(326, 43, 'Hartmann Plains', 'fugit velit', 1, 36, '2025-11-17 08:20:20', '2025-11-17 08:20:20'),
	(327, 194, 'Sebastian Forest', 'esse beatae', 1, 1, '2025-11-17 08:20:20', '2025-11-17 08:20:20'),
	(328, 177, 'Daphney Gateway', 'et velit', 1, 57, '2025-11-17 08:20:20', '2025-11-17 08:20:20'),
	(332, 131, 'Treutel Islands', 'quo delectus', 1, 28, '2025-11-17 08:20:20', '2025-11-17 08:20:20'),
	(336, 264, 'Schaden Plain', 'reiciendis itaque', 1, 66, '2025-11-17 08:20:20', '2025-11-17 08:20:20'),
	(340, 194, 'Wisoky Stream', 'ut occaecati', 1, 93, '2025-11-21 16:30:28', '2025-11-21 16:30:28'),
	(343, 4, 'Kaden Stream', 'repellendus aliquid', 1, 75, '2025-11-21 16:30:28', '2025-11-21 16:30:28'),
	(344, 65, 'Celia Junctions', 'magnam facilis', 1, 63, '2025-11-21 16:30:28', '2025-11-21 16:30:28'),
	(345, 333, 'Shields Turnpike', 'sit et', 1, 30, '2025-11-21 16:30:28', '2025-11-21 16:30:28'),
	(348, 126, 'Cummings Wells', 'voluptatem quia', 1, 64, '2025-11-21 16:30:28', '2025-11-21 16:30:28'),
	(349, 293, 'Kurtis Locks', 'et perferendis', 1, 61, '2025-11-21 16:30:28', '2025-11-21 16:30:28'),
	(352, 14, 'Williamson Row', 'unde aut', 1, 68, '2025-11-21 16:30:28', '2025-11-21 16:30:28'),
	(356, 244, 'Cathy Point', 'expedita sit', 1, 52, '2025-11-21 16:30:28', '2025-11-21 16:30:28'),
	(358, 232, 'Clint Harbors', 'aperiam autem', 1, 68, '2025-11-21 16:30:28', '2025-11-21 16:30:28'),
	(360, 124, 'Deion Fords', 'eaque aut', 1, 25, '2025-11-21 16:30:28', '2025-11-21 16:30:28'),
	(362, 57, 'Luettgen Junctions', 'aliquid quia', 1, 71, '2025-11-21 16:30:28', '2025-11-21 16:30:28'),
	(366, 273, 'Will Garden', 'dolorem et', 0, 27, '2025-11-21 16:30:28', '2025-11-21 16:30:28'),
	(370, 6, 'McGlynn Trail', 'qui qui', 1, 5, '2025-11-21 16:30:28', '2025-11-21 16:30:28'),
	(372, 264, 'Miller Union', 'voluptas nam', 1, 52, '2025-11-21 16:30:28', '2025-11-21 16:30:28'),
	(374, 30, 'Marquardt Key', 'quidem reiciendis', 1, 74, '2025-11-21 16:30:28', '2025-11-21 16:30:28'),
	(380, 13, 'Jaskolski Stravenue', 'deserunt eveniet', 1, 42, '2025-11-21 16:30:29', '2025-11-21 16:30:29'),
	(383, 311, 'Justine Inlet', 'sint fugiat', 1, 8, '2025-11-21 16:30:29', '2025-11-21 16:30:29'),
	(386, 66, 'Crona Pine', 'quod et', 1, 21, '2025-11-21 16:30:29', '2025-11-21 16:30:29'),
	(389, 357, 'Guadalupe Spurs', 'distinctio adipisci', 1, 20, '2025-11-21 16:30:29', '2025-11-21 16:30:29'),
	(394, 207, 'Upton River', 'eum impedit', 1, 62, '2025-11-21 16:30:29', '2025-11-21 16:30:29'),
	(399, 302, 'Gerhold Brook', 'quisquam dignissimos', 1, 8, '2025-11-21 16:30:29', '2025-11-21 16:30:29'),
	(406, 151, 'Leffler Stravenue', 'molestiae recusandae', 1, 27, '2025-11-21 16:30:29', '2025-11-21 16:30:29'),
	(409, 257, 'Antoinette Plains', 'excepturi ipsa', 1, 92, '2025-11-21 16:30:29', '2025-11-21 16:30:29'),
	(412, 30, 'Sunny Key', 'eos repellendus', 1, 38, '2025-11-21 16:30:29', '2025-11-21 16:30:29'),
	(413, 229, 'Cremin Streets', 'suscipit minus', 1, 25, '2025-11-21 16:30:29', '2025-11-21 16:30:29'),
	(423, 14, 'Jeromy Center', 'qui doloribus', 1, 88, '2025-11-21 16:30:29', '2025-11-21 16:30:29'),
	(425, 194, 'Nathaniel Road', 'et natus', 1, 12, '2025-11-21 16:30:29', '2025-11-21 16:30:29'),
	(427, 6, 'Shane Station', 'quibusdam eaque', 1, 92, '2025-11-21 16:30:29', '2025-11-21 16:30:29'),
	(430, 42, 'Stephan Village', 'esse velit', 1, 56, '2025-11-21 16:30:29', '2025-11-21 16:30:29'),
	(433, 102, 'Selmer Walks', 'laborum sed', 1, 14, '2025-11-21 16:30:29', '2025-11-21 16:30:29'),
	(434, 10, 'Okuneva Cape', 'consequatur quam', 1, 51, '2025-11-21 16:30:29', '2025-11-21 16:30:29'),
	(437, 225, 'Fay Ridge', 'et tempora', 1, 69, '2025-11-21 16:30:29', '2025-11-21 16:30:29'),
	(444, 5, 'Dorothy Greens', 'qui sed', 1, 87, '2025-11-25 12:46:21', '2025-11-25 12:46:21'),
	(449, 107, 'Ariel Terrace', 'dolor nulla', 0, 42, '2025-11-25 12:46:21', '2025-11-25 12:46:21'),
	(453, 232, 'Hauck Track', 'ducimus quidem', 1, 25, '2025-11-25 12:46:21', '2025-11-25 12:46:21'),
	(454, 253, 'Casimer Lakes', 'accusamus quas', 0, 38, '2025-11-25 12:46:21', '2025-11-25 12:46:21'),
	(455, 107, 'Audie Prairie', 'sed maiores', 1, 86, '2025-11-25 12:46:21', '2025-11-25 12:46:21'),
	(456, 151, 'Schaden Parks', 'aperiam eveniet', 1, 36, '2025-11-25 12:46:21', '2025-11-25 12:46:21'),
	(467, 31, 'Lelah Rue', 'distinctio id', 1, 94, '2025-11-25 12:46:21', '2025-11-25 12:46:21'),
	(468, 590, 'Trystan Points', 'sit placeat', 1, 2, '2025-11-25 12:46:21', '2025-11-25 12:46:21'),
	(470, 421, 'Rippin Drives', 'excepturi mollitia', 1, 92, '2025-11-25 12:46:21', '2025-11-25 12:46:21'),
	(474, 47, 'Wilkinson Keys', 'quaerat et', 1, 20, '2025-11-25 12:46:21', '2025-11-25 12:46:21'),
	(477, 80, 'Olga Forges', 'culpa est', 1, 1, '2025-11-25 12:46:21', '2025-11-25 12:46:21'),
	(479, 397, 'Tyra Junctions', 'aut nam', 1, 23, '2025-11-25 12:46:21', '2025-11-25 12:46:21'),
	(483, 94, 'Orrin Vista', 'cumque animi', 1, 49, '2025-11-25 12:46:21', '2025-11-25 12:46:21'),
	(487, 347, 'Hartmann Road', 'autem beatae', 1, 99, '2025-11-25 12:46:21', '2025-11-25 12:46:21'),
	(490, 290, 'Jakubowski Rapids', 'repellendus autem', 1, 30, '2025-11-25 12:46:21', '2025-11-25 12:46:21'),
	(492, 416, 'Walker Mews', 'vero voluptas', 1, 20, '2025-11-25 12:46:22', '2025-11-25 12:46:22'),
	(494, 80, 'McCullough Expressway', 'aut esse', 1, 83, '2025-11-25 12:46:22', '2025-11-25 12:46:22'),
	(495, 457, 'O\'Keefe Wells', 'et culpa', 1, 18, '2025-11-25 12:46:22', '2025-11-25 12:46:22'),
	(497, 105, 'Goldner Throughway', 'similique dolores', 1, 35, '2025-11-25 12:46:22', '2025-11-25 12:46:22'),
	(502, 256, 'Hilpert Valley', 'non iste', 1, 15, '2025-11-25 12:46:22', '2025-11-25 12:46:22'),
	(503, 124, 'King Rapids', 'quasi nostrum', 1, 40, '2025-11-25 12:46:22', '2025-11-25 12:46:22'),
	(510, 143, 'O\'Keefe Light', 'neque praesentium', 1, 7, '2025-11-25 12:46:22', '2025-11-25 12:46:22'),
	(511, 18, 'Nathanael Ways', 'animi assumenda', 1, 28, '2025-11-25 12:46:22', '2025-11-25 12:46:22'),
	(512, 48, 'Padberg Light', 'laborum eius', 0, 19, '2025-11-25 12:46:22', '2025-11-25 12:46:22'),
	(514, 431, 'Carroll Shoal', 'est sunt', 1, 19, '2025-11-25 12:46:22', '2025-11-25 12:46:22'),
	(518, 158, 'Dickinson Wall', 'ipsum aut', 1, 27, '2025-11-25 12:46:22', '2025-11-25 12:46:22'),
	(519, 323, 'Viola Spring', 'minus adipisci', 1, 34, '2025-11-25 12:46:22', '2025-11-25 12:46:22'),
	(520, 223, 'Darrel Mountains', 'doloremque reiciendis', 1, 28, '2025-11-25 12:46:22', '2025-11-25 12:46:22'),
	(526, 41, 'Jarrett Roads', 'exercitationem mollitia', 1, 54, '2025-11-25 12:46:22', '2025-11-25 12:46:22'),
	(527, 24, 'Kiel Hills', 'quisquam rerum', 1, 49, '2025-11-25 12:46:22', '2025-11-25 12:46:22'),
	(532, 75, 'Quitzon Neck', 'minima et', 1, 47, '2025-11-25 12:46:22', '2025-11-25 12:46:22'),
	(538, 456, 'Bruen Knoll', 'blanditiis perspiciatis', 1, 25, '2025-11-25 12:46:22', '2025-11-25 12:46:22'),
	(539, 297, 'Wisoky Harbor', 'quia corporis', 1, 44, '2025-11-25 12:46:22', '2025-11-25 12:46:22'),
	(542, 39, 'Lowell Bypass', 'ut inventore', 1, 19, '2025-11-25 12:46:22', '2025-11-25 12:46:22'),
	(543, 4, 'Lia Fork', 'quibusdam iure', 1, 83, '2025-11-25 12:46:22', '2025-11-25 12:46:22'),
	(544, 427, 'Kuhic Tunnel', 'natus quod', 1, 42, '2025-11-25 12:46:22', '2025-11-25 12:46:22'),
	(545, 192, 'Mackenzie Gardens', 'officiis consequatur', 1, 58, '2025-11-25 12:46:22', '2025-11-25 12:46:22'),
	(554, 267, 'Raegan Island', 'voluptatem voluptates', 1, 35, '2025-11-25 12:46:22', '2025-11-25 12:46:22'),
	(557, 306, 'Bruen Gardens', 'dolor minus', 1, 57, '2025-11-25 12:46:22', '2025-11-25 12:46:22'),
	(558, 19, 'Oleta Locks', 'earum sed', 1, 35, '2025-11-25 12:46:22', '2025-11-25 12:46:22'),
	(569, 79, 'Bergnaum Parkways', 'distinctio alias', 1, 35, '2025-11-25 12:46:23', '2025-11-25 12:46:23'),
	(570, 253, 'Liam Pines', 'consequatur aut', 1, 27, '2025-11-25 12:46:23', '2025-11-25 12:46:23'),
	(572, 397, 'Marquardt Pines', 'veritatis suscipit', 1, 49, '2025-11-25 12:46:23', '2025-11-25 12:46:23'),
	(574, 543, 'Kuvalis Glen', 'consequatur amet', 1, 11, '2025-11-25 12:46:23', '2025-11-25 12:46:23'),
	(575, 443, 'Benton Plaza', 'laudantium sit', 1, 2, '2025-11-25 12:46:23', '2025-11-25 12:46:23'),
	(580, 59, 'Estefania Underpass', 'at facere', 1, 78, '2025-11-25 12:46:23', '2025-11-25 12:46:23'),
	(581, 257, 'Ettie Loaf', 'laboriosam vitae', 1, 45, '2025-11-25 12:46:23', '2025-11-25 12:46:23'),
	(584, 210, 'Margie Station', 'totam fuga', 1, 65, '2025-11-25 12:46:23', '2025-11-25 12:46:23'),
	(585, 469, 'Demetrius Mission', 'nisi non', 1, 31, '2025-11-25 12:46:23', '2025-11-25 12:46:23'),
	(590, 313, 'Wunsch Shore', 'facere quis', 1, 60, '2025-11-25 12:46:23', '2025-11-25 12:46:23'),
	(591, 194, 'Green Canyon', 'veniam cum', 1, 56, '2025-11-25 12:46:23', '2025-11-25 12:46:23'),
	(599, 571, 'Jacobi Forest', 'quo eum', 1, 67, '2025-11-25 12:46:23', '2025-11-25 12:46:23'),
	(600, 133, 'Tillman Manor', 'accusamus quis', 1, 41, '2025-11-25 12:46:23', '2025-11-25 12:46:23'),
	(603, 584, 'Leuschke Village', 'placeat deserunt', 1, 61, '2025-11-25 12:46:23', '2025-11-25 12:46:23'),
	(604, 223, 'Nienow Camp', 'dolore asperiores', 1, 24, '2025-11-25 12:46:23', '2025-11-25 12:46:23'),
	(605, 244, 'Keebler Plains', 'debitis non', 1, 80, '2025-11-25 12:46:23', '2025-11-25 12:46:23'),
	(607, 39, 'Oswald Cliff', 'deserunt quibusdam', 1, 12, '2025-11-25 12:46:23', '2025-11-25 12:46:23'),
	(614, 565, 'Ulises Light', 'in omnis', 1, 33, '2025-11-25 12:46:23', '2025-11-25 12:46:23'),
	(619, 133, 'Carmelo Flat', 'ut quo', 1, 50, '2025-11-25 12:46:23', '2025-11-25 12:46:23'),
	(621, 407, 'Grimes Ways', 'sit cum', 1, 18, '2025-11-25 12:46:23', '2025-11-25 12:46:23'),
	(624, 416, 'Collier Route', 'ut quod', 1, 96, '2025-11-25 12:46:24', '2025-11-25 12:46:24'),
	(626, 376, 'Langworth Villages', 'qui vitae', 1, 48, '2025-11-25 12:46:24', '2025-11-25 12:46:24'),
	(629, 245, 'Alisa Unions', 'magni cum', 1, 53, '2025-11-25 12:46:24', '2025-11-25 12:46:24'),
	(632, 27, 'Leffler Summit', 'saepe unde', 1, 58, '2025-11-25 12:46:24', '2025-11-25 12:46:24'),
	(635, 102, 'Annabel Brook', 'voluptate odit', 1, 46, '2025-11-25 12:46:24', '2025-11-25 12:46:24'),
	(637, 305, 'Seamus Plains', 'laudantium inventore', 1, 63, '2025-11-25 12:46:24', '2025-11-25 12:46:24');

-- Dumping structure for table rosheta.cache
CREATE TABLE IF NOT EXISTS `cache` (
  `key` varchar(255) COLLATE utf8mb4_unicode_ci NOT NULL,
  `value` mediumtext COLLATE utf8mb4_unicode_ci NOT NULL,
  `expiration` int NOT NULL,
  PRIMARY KEY (`key`)
) ENGINE=InnoDB DEFAULT CHARSET=utf8mb4 COLLATE=utf8mb4_unicode_ci;

-- Dumping data for table rosheta.cache: ~2 rows (approximately)
INSERT INTO `cache` (`key`, `value`, `expiration`) VALUES
	('laravel-cache-livewire-rate-limiter:16d36dff9abd246c67dfac3e63b993a169af77e6', 'i:2;', 1765302603),
	('laravel-cache-livewire-rate-limiter:16d36dff9abd246c67dfac3e63b993a169af77e6:timer', 'i:1765302603;', 1765302603);

-- Dumping structure for table rosheta.cache_locks
CREATE TABLE IF NOT EXISTS `cache_locks` (
  `key` varchar(255) COLLATE utf8mb4_unicode_ci NOT NULL,
  `owner` varchar(255) COLLATE utf8mb4_unicode_ci NOT NULL,
  `expiration` int NOT NULL,
  PRIMARY KEY (`key`)
) ENGINE=InnoDB DEFAULT CHARSET=utf8mb4 COLLATE=utf8mb4_unicode_ci;

-- Dumping data for table rosheta.cache_locks: ~0 rows (approximately)

-- Dumping structure for table rosheta.cities
CREATE TABLE IF NOT EXISTS `cities` (
  `id` bigint unsigned NOT NULL AUTO_INCREMENT,
  `governorate_id` bigint unsigned NOT NULL,
  `name` varchar(255) CHARACTER SET utf8mb4 COLLATE utf8mb4_unicode_ci NOT NULL,
  `name_ar` varchar(255) CHARACTER SET utf8mb4 COLLATE utf8mb4_unicode_ci NOT NULL,
  `is_active` tinyint(1) NOT NULL DEFAULT '1',
  `sort_order` int NOT NULL DEFAULT '0',
  `created_at` timestamp NULL DEFAULT NULL,
  `updated_at` timestamp NULL DEFAULT NULL,
  PRIMARY KEY (`id`),
  KEY `cities_governorate_id_index` (`governorate_id`),
  KEY `cities_is_active_index` (`is_active`),
  CONSTRAINT `cities_governorate_id_foreign` FOREIGN KEY (`governorate_id`) REFERENCES `governorates` (`id`) ON DELETE CASCADE
) ENGINE=InnoDB AUTO_INCREMENT=638 DEFAULT CHARSET=utf8mb4 COLLATE=utf8mb4_unicode_ci;

-- Dumping data for table rosheta.cities: ~205 rows (approximately)
INSERT INTO `cities` (`id`, `governorate_id`, `name`, `name_ar`, `is_active`, `sort_order`, `created_at`, `updated_at`) VALUES
	(1, 4, 'Qalub', 'قليوب', 1, 0, '2025-10-31 22:55:08', '2025-10-31 22:55:08'),
	(4, 27, 'Port Brenda', 'et provident', 1, 60, '2025-11-17 08:18:15', '2025-11-17 08:18:15'),
	(5, 6, 'North Jennieside', 'inventore sit', 1, 18, '2025-11-17 08:18:15', '2025-11-17 08:18:15'),
	(6, 22, 'South Quincy', 'temporibus nihil', 1, 21, '2025-11-17 08:18:15', '2025-11-17 08:18:15'),
	(8, 15, 'New Lysanne', 'quasi beatae', 1, 54, '2025-11-17 08:18:15', '2025-11-17 08:18:15'),
	(10, 7, 'DuBuquemouth', 'deserunt maxime', 1, 86, '2025-11-17 08:18:15', '2025-11-17 08:18:15'),
	(11, 9, 'Langworthport', 'eligendi nemo', 1, 6, '2025-11-17 08:18:15', '2025-11-17 08:18:15'),
	(12, 25, 'New Graceshire', 'rerum a', 0, 66, '2025-11-17 08:18:15', '2025-11-17 08:18:15'),
	(13, 10, 'New Jack', 'distinctio quos', 1, 43, '2025-11-17 08:18:15', '2025-11-17 08:18:15'),
	(14, 10, 'Saulton', 'aut omnis', 1, 39, '2025-11-17 08:18:15', '2025-11-17 08:18:15'),
	(18, 12, 'Port Wilmerchester', 'reprehenderit error', 1, 41, '2025-11-17 08:18:15', '2025-11-17 08:18:15'),
	(19, 27, 'Tamiaside', 'velit tenetur', 1, 60, '2025-11-17 08:18:15', '2025-11-17 08:18:15'),
	(20, 9, 'Denesikchester', 'cum quos', 1, 4, '2025-11-17 08:18:16', '2025-11-17 08:18:16'),
	(23, 1, 'East Kareem', 'aspernatur sunt', 1, 44, '2025-11-17 08:18:16', '2025-11-17 08:18:16'),
	(24, 14, 'North Timothy', 'voluptate soluta', 1, 34, '2025-11-17 08:18:16', '2025-11-17 08:18:16'),
	(27, 5, 'Parkerfurt', 'voluptates aut', 1, 98, '2025-11-17 08:18:16', '2025-11-17 08:18:16'),
	(29, 3, 'Wernerstad', 'perspiciatis fugit', 0, 84, '2025-11-17 08:18:16', '2025-11-17 08:18:16'),
	(30, 26, 'Bauchmouth', 'sed architecto', 1, 70, '2025-11-17 08:18:16', '2025-11-17 08:18:16'),
	(31, 8, 'New Paul', 'tempore officiis', 1, 46, '2025-11-17 08:18:16', '2025-11-17 08:18:16'),
	(33, 24, 'New Marlee', 'sint nam', 1, 5, '2025-11-17 08:18:16', '2025-11-17 08:18:16'),
	(35, 8, 'South Ethylbury', 'eveniet deserunt', 1, 65, '2025-11-17 08:18:16', '2025-11-17 08:18:16'),
	(38, 8, 'West Aurelieview', 'qui autem', 1, 40, '2025-11-17 08:18:16', '2025-11-17 08:18:16'),
	(39, 17, 'Brigittetown', 'aperiam quia', 1, 25, '2025-11-17 08:18:16', '2025-11-17 08:18:16'),
	(41, 1, 'North Margarita', 'qui quod', 1, 73, '2025-11-17 08:18:16', '2025-11-17 08:18:16'),
	(42, 27, 'New Lamarstad', 'quia qui', 1, 31, '2025-11-17 08:18:16', '2025-11-17 08:18:16'),
	(43, 8, 'Lake Macieland', 'et non', 1, 52, '2025-11-17 08:18:16', '2025-11-17 08:18:16'),
	(44, 3, 'Antwanhaven', 'debitis quia', 1, 100, '2025-11-17 08:18:16', '2025-11-17 08:18:16'),
	(46, 10, 'Yundtside', 'inventore recusandae', 1, 60, '2025-11-17 08:18:16', '2025-11-17 08:18:16'),
	(47, 13, 'South Ezekiel', 'eum consequatur', 1, 48, '2025-11-17 08:18:16', '2025-11-17 08:18:16'),
	(48, 5, 'Port Ardith', 'voluptatem et', 1, 7, '2025-11-17 08:18:16', '2025-11-17 08:18:16'),
	(49, 12, 'Lake Salmaside', 'beatae ipsam', 1, 69, '2025-11-17 08:18:16', '2025-11-17 08:18:16'),
	(53, 25, 'South Lauren', 'qui recusandae', 1, 72, '2025-11-17 08:18:16', '2025-11-17 08:18:16'),
	(55, 17, 'Beerville', 'enim suscipit', 1, 41, '2025-11-17 08:18:16', '2025-11-17 08:18:16'),
	(57, 12, 'Schadenmouth', 'et sint', 1, 34, '2025-11-17 08:18:16', '2025-11-17 08:18:16'),
	(59, 6, 'Thompsonstad', 'omnis delectus', 1, 70, '2025-11-17 08:18:16', '2025-11-17 08:18:16'),
	(63, 25, 'North Consuelo', 'impedit repellat', 1, 72, '2025-11-17 08:18:16', '2025-11-17 08:18:16'),
	(65, 18, 'North Agustin', 'veniam quia', 1, 54, '2025-11-17 08:18:16', '2025-11-17 08:18:16'),
	(66, 7, 'Lake Nanniehaven', 'dolor et', 1, 8, '2025-11-17 08:18:16', '2025-11-17 08:18:16'),
	(67, 4, 'Lake Darenshire', 'aspernatur est', 1, 48, '2025-11-17 08:18:16', '2025-11-17 08:18:16'),
	(75, 3, 'West Doylefort', 'assumenda quis', 0, 8, '2025-11-17 08:18:16', '2025-11-17 08:18:16'),
	(76, 23, 'Dudleyton', 'est cumque', 1, 44, '2025-11-17 08:18:16', '2025-11-17 08:18:16'),
	(79, 26, 'North Adellemouth', 'quae voluptatibus', 1, 40, '2025-11-17 08:18:16', '2025-11-17 08:18:16'),
	(80, 6, 'East Whitney', 'et aliquid', 1, 29, '2025-11-17 08:18:16', '2025-11-17 08:18:16'),
	(83, 12, 'South Rory', 'esse sint', 1, 45, '2025-11-17 08:18:16', '2025-11-17 08:18:16'),
	(86, 26, 'Litteltown', 'illum maxime', 1, 70, '2025-11-17 08:18:16', '2025-11-17 08:18:16'),
	(89, 2, 'Labadiebury', 'ut similique', 1, 91, '2025-11-17 08:18:16', '2025-11-17 08:18:16'),
	(90, 17, 'Stammburgh', 'impedit impedit', 1, 78, '2025-11-17 08:18:16', '2025-11-17 08:18:16'),
	(93, 15, 'North Juwanshire', 'et illum', 1, 91, '2025-11-17 08:18:16', '2025-11-17 08:18:16'),
	(94, 13, 'Lake Abnerhaven', 'et repellendus', 1, 56, '2025-11-17 08:18:16', '2025-11-17 08:18:16'),
	(95, 21, 'Fisherberg', 'voluptatum rerum', 1, 7, '2025-11-17 08:18:16', '2025-11-17 08:18:16'),
	(96, 6, 'North Dylanbury', 'distinctio soluta', 1, 91, '2025-11-17 08:18:16', '2025-11-17 08:18:16'),
	(98, 1, 'Port Raoul', 'facere quaerat', 1, 11, '2025-11-17 08:18:16', '2025-11-17 08:18:16'),
	(102, 20, 'Kamronside', 'voluptatem et', 1, 43, '2025-11-17 08:18:16', '2025-11-17 08:18:16'),
	(104, 1, 'South Einoland', 'id dolorem', 1, 62, '2025-11-17 08:18:16', '2025-11-17 08:18:16'),
	(105, 24, 'West Matilde', 'sit veritatis', 1, 81, '2025-11-17 08:18:16', '2025-11-17 08:18:16'),
	(106, 6, 'Port Taraside', 'repudiandae unde', 1, 29, '2025-11-17 08:18:16', '2025-11-17 08:18:16'),
	(107, 7, 'Mathiasport', 'ea distinctio', 1, 87, '2025-11-17 08:18:16', '2025-11-17 08:18:16'),
	(108, 25, 'Serenityview', 'provident alias', 1, 43, '2025-11-17 08:18:16', '2025-11-17 08:18:16'),
	(109, 4, 'South Maritza', 'aut et', 1, 23, '2025-11-17 08:18:16', '2025-11-17 08:18:16'),
	(120, 7, 'Yasminfurt', 'voluptas qui', 0, 24, '2025-11-17 08:20:17', '2025-11-17 08:20:17'),
	(124, 18, 'Lake Joshhaven', 'nihil dolor', 1, 67, '2025-11-17 08:20:17', '2025-11-17 08:20:17'),
	(126, 3, 'South Evansport', 'nihil praesentium', 1, 3, '2025-11-17 08:20:17', '2025-11-17 08:20:17'),
	(131, 23, 'South Savanah', 'exercitationem aut', 1, 36, '2025-11-17 08:20:17', '2025-11-17 08:20:17'),
	(133, 10, 'North Annette', 'ducimus iste', 1, 2, '2025-11-17 08:20:18', '2025-11-17 08:20:18'),
	(137, 24, 'Heathcotetown', 'nesciunt sed', 1, 80, '2025-11-17 08:20:18', '2025-11-17 08:20:18'),
	(139, 18, 'Fordberg', 'blanditiis eligendi', 0, 45, '2025-11-17 08:20:18', '2025-11-17 08:20:18'),
	(143, 25, 'West Orionmouth', 'quasi qui', 1, 67, '2025-11-17 08:20:18', '2025-11-17 08:20:18'),
	(144, 19, 'North Londonstad', 'autem dolor', 1, 91, '2025-11-17 08:20:18', '2025-11-17 08:20:18'),
	(145, 5, 'Reichelborough', 'facere sit', 1, 16, '2025-11-17 08:20:18', '2025-11-17 08:20:18'),
	(151, 19, 'North Coymouth', 'voluptatem qui', 1, 71, '2025-11-17 08:20:18', '2025-11-17 08:20:18'),
	(155, 7, 'Rosenbaumberg', 'sequi est', 1, 82, '2025-11-17 08:20:18', '2025-11-17 08:20:18'),
	(158, 8, 'New Jacklynhaven', 'autem autem', 1, 68, '2025-11-17 08:20:18', '2025-11-17 08:20:18'),
	(168, 11, 'West Carmelo', 'dolore nemo', 1, 63, '2025-11-17 08:20:18', '2025-11-17 08:20:18'),
	(170, 6, 'North Jamir', 'aut odit', 1, 12, '2025-11-17 08:20:18', '2025-11-17 08:20:18'),
	(177, 13, 'Emmaleeborough', 'in minima', 0, 3, '2025-11-17 08:20:18', '2025-11-17 08:20:18'),
	(178, 26, 'Lake Friedrichstad', 'qui nulla', 1, 26, '2025-11-17 08:20:18', '2025-11-17 08:20:18'),
	(181, 12, 'West Matildabury', 'voluptatem id', 0, 12, '2025-11-17 08:20:18', '2025-11-17 08:20:18'),
	(183, 16, 'Bulahtown', 'sapiente amet', 1, 15, '2025-11-17 08:20:18', '2025-11-17 08:20:18'),
	(192, 18, 'New Lorenzberg', 'eius culpa', 1, 11, '2025-11-17 08:20:18', '2025-11-17 08:20:18'),
	(194, 14, 'Larsonhaven', 'voluptates omnis', 1, 68, '2025-11-17 08:20:18', '2025-11-17 08:20:18'),
	(195, 22, 'Albertoberg', 'sequi quas', 1, 25, '2025-11-17 08:20:18', '2025-11-17 08:20:18'),
	(203, 8, 'Labadieview', 'non et', 1, 1, '2025-11-17 08:20:18', '2025-11-17 08:20:18'),
	(204, 26, 'East London', 'placeat aut', 1, 9, '2025-11-17 08:20:18', '2025-11-17 08:20:18'),
	(207, 15, 'Carterchester', 'quod magnam', 1, 45, '2025-11-17 08:20:18', '2025-11-17 08:20:18'),
	(210, 20, 'Jairoberg', 'voluptas dolor', 1, 39, '2025-11-17 08:20:18', '2025-11-17 08:20:18'),
	(211, 5, 'Schadenshire', 'suscipit quo', 1, 93, '2025-11-17 08:20:18', '2025-11-17 08:20:18'),
	(213, 21, 'South Ceasar', 'ab ea', 1, 71, '2025-11-17 08:20:18', '2025-11-17 08:20:18'),
	(215, 17, 'East Wilbertfurt', 'enim illum', 1, 39, '2025-11-17 08:20:18', '2025-11-17 08:20:18'),
	(223, 16, 'Royburgh', 'officiis quaerat', 1, 61, '2025-11-17 08:20:19', '2025-11-17 08:20:19'),
	(224, 5, 'South Zackeryland', 'aspernatur soluta', 1, 92, '2025-11-17 08:20:19', '2025-11-17 08:20:19'),
	(225, 19, 'New Astridland', 'et voluptatem', 1, 40, '2025-11-17 08:20:19', '2025-11-17 08:20:19'),
	(227, 9, 'West Hilmabury', 'necessitatibus quis', 1, 82, '2025-11-17 08:20:19', '2025-11-17 08:20:19'),
	(229, 7, 'Lake Myrl', 'delectus molestiae', 1, 65, '2025-11-17 08:20:19', '2025-11-17 08:20:19'),
	(232, 23, 'Waelchiton', 'totam libero', 1, 70, '2025-11-17 08:20:19', '2025-11-17 08:20:19'),
	(233, 10, 'East Armandport', 'omnis ea', 0, 18, '2025-11-17 08:20:19', '2025-11-17 08:20:19'),
	(237, 22, 'Evefort', 'deserunt id', 1, 6, '2025-11-17 08:20:19', '2025-11-17 08:20:19'),
	(238, 2, 'West Alexa', 'animi vitae', 1, 91, '2025-11-17 08:20:19', '2025-11-17 08:20:19'),
	(240, 4, 'Port Marianeburgh', 'eligendi nobis', 1, 25, '2025-11-17 08:20:19', '2025-11-17 08:20:19'),
	(244, 13, 'South Vivienneland', 'alias cupiditate', 1, 46, '2025-11-17 08:20:19', '2025-11-17 08:20:19'),
	(245, 27, 'Amparostad', 'quasi magnam', 1, 57, '2025-11-17 08:20:19', '2025-11-17 08:20:19'),
	(247, 23, 'Kuvalisberg', 'sequi omnis', 1, 89, '2025-11-17 08:20:19', '2025-11-17 08:20:19'),
	(248, 12, 'Zacharyshire', 'est doloremque', 1, 27, '2025-11-17 08:20:19', '2025-11-17 08:20:19'),
	(250, 2, 'Lake Delpha', 'et repudiandae', 1, 65, '2025-11-17 08:20:19', '2025-11-17 08:20:19'),
	(252, 17, 'Alekmouth', 'repellendus laudantium', 1, 82, '2025-11-17 08:20:19', '2025-11-17 08:20:19'),
	(253, 11, 'Mauricebury', 'atque nihil', 1, 1, '2025-11-17 08:20:19', '2025-11-17 08:20:19'),
	(256, 21, 'New Juliana', 'dolorem impedit', 1, 100, '2025-11-17 08:20:19', '2025-11-17 08:20:19'),
	(257, 25, 'South Houston', 'aspernatur quaerat', 1, 34, '2025-11-17 08:20:19', '2025-11-17 08:20:19'),
	(258, 27, 'West Nikko', 'aspernatur tempore', 1, 84, '2025-11-17 08:20:19', '2025-11-17 08:20:19'),
	(264, 27, 'Boscoburgh', 'dolor delectus', 1, 96, '2025-11-17 08:20:19', '2025-11-17 08:20:19'),
	(265, 13, 'New Kamilletown', 'et similique', 1, 61, '2025-11-17 08:20:19', '2025-11-17 08:20:19'),
	(267, 23, 'East Guy', 'ut totam', 1, 49, '2025-11-17 08:20:19', '2025-11-17 08:20:19'),
	(269, 10, 'East Reynold', 'nulla delectus', 1, 80, '2025-11-17 08:20:19', '2025-11-17 08:20:19'),
	(273, 23, 'New Dallas', 'eligendi veniam', 1, 40, '2025-11-17 08:20:19', '2025-11-17 08:20:19'),
	(277, 17, 'North Trishabury', 'id recusandae', 1, 71, '2025-11-17 08:20:19', '2025-11-17 08:20:19'),
	(278, 24, 'East Werner', 'quisquam quisquam', 0, 14, '2025-11-17 08:20:19', '2025-11-17 08:20:19'),
	(280, 2, 'Marilieland', 'laudantium debitis', 1, 46, '2025-11-17 08:20:19', '2025-11-17 08:20:19'),
	(284, 1, 'Schillermouth', 'ut odio', 1, 15, '2025-11-17 08:20:19', '2025-11-17 08:20:19'),
	(290, 16, 'North Derekmouth', 'est culpa', 1, 28, '2025-11-17 08:20:19', '2025-11-17 08:20:19'),
	(293, 21, 'Carychester', 'molestias sint', 0, 71, '2025-11-17 08:20:19', '2025-11-17 08:20:19'),
	(295, 18, 'Lake Angelineland', 'corporis voluptatum', 1, 6, '2025-11-17 08:20:19', '2025-11-17 08:20:19'),
	(297, 11, 'North Granvillestad', 'quisquam dolores', 1, 24, '2025-11-17 08:20:19', '2025-11-17 08:20:19'),
	(298, 20, 'West Normabury', 'quo est', 1, 82, '2025-11-17 08:20:19', '2025-11-17 08:20:19'),
	(302, 13, 'North Oralhaven', 'expedita et', 1, 50, '2025-11-17 08:20:20', '2025-11-17 08:20:20'),
	(305, 8, 'Noeliaton', 'facilis impedit', 1, 15, '2025-11-17 08:20:20', '2025-11-17 08:20:20'),
	(306, 11, 'West Shanaport', 'sed sit', 1, 6, '2025-11-17 08:20:20', '2025-11-17 08:20:20'),
	(311, 6, 'Cristianfurt', 'enim sapiente', 1, 60, '2025-11-17 08:20:20', '2025-11-17 08:20:20'),
	(313, 17, 'East Brittanyberg', 'sit velit', 1, 5, '2025-11-17 08:20:20', '2025-11-17 08:20:20'),
	(318, 14, 'Rosalindchester', 'libero aliquid', 1, 85, '2025-11-17 08:20:20', '2025-11-17 08:20:20'),
	(323, 7, 'Mckaylaton', 'beatae repudiandae', 1, 58, '2025-11-17 08:20:20', '2025-11-17 08:20:20'),
	(330, 14, 'North Noemichester', 'ut voluptas', 1, 23, '2025-11-17 08:20:20', '2025-11-17 08:20:20'),
	(333, 27, 'Balistreriborough', 'vitae vero', 1, 5, '2025-11-17 08:20:20', '2025-11-17 08:20:20'),
	(339, 14, 'North Bridget', 'eligendi quidem', 1, 62, '2025-11-21 16:30:28', '2025-11-21 16:30:28'),
	(347, 8, 'Goldnerside', 'consequatur est', 1, 55, '2025-11-21 16:30:28', '2025-11-21 16:30:28'),
	(349, 19, 'Bednartown', 'incidunt beatae', 1, 39, '2025-11-21 16:30:28', '2025-11-21 16:30:28'),
	(356, 22, 'South Jermain', 'natus distinctio', 1, 41, '2025-11-21 16:30:28', '2025-11-21 16:30:28'),
	(357, 12, 'Schmelerton', 'beatae ducimus', 1, 26, '2025-11-21 16:30:28', '2025-11-21 16:30:28'),
	(361, 27, 'Port Jasper', 'illum et', 1, 28, '2025-11-21 16:30:28', '2025-11-21 16:30:28'),
	(370, 19, 'Oletown', 'placeat ut', 1, 37, '2025-11-21 16:30:28', '2025-11-21 16:30:28'),
	(371, 26, 'New Remington', 'repellat totam', 1, 7, '2025-11-21 16:30:28', '2025-11-21 16:30:28'),
	(375, 10, 'Huelland', 'consectetur voluptate', 0, 2, '2025-11-21 16:30:29', '2025-11-21 16:30:29'),
	(376, 10, 'Doloresfort', 'excepturi debitis', 1, 8, '2025-11-21 16:30:29', '2025-11-21 16:30:29'),
	(380, 25, 'West Brenttown', 'ea sapiente', 1, 77, '2025-11-21 16:30:29', '2025-11-21 16:30:29'),
	(381, 5, 'Bartellside', 'ratione quis', 1, 99, '2025-11-21 16:30:29', '2025-11-21 16:30:29'),
	(387, 25, 'Rempelstad', 'velit doloremque', 1, 43, '2025-11-21 16:30:29', '2025-11-21 16:30:29'),
	(388, 11, 'Lake Dusty', 'consequatur sit', 1, 7, '2025-11-21 16:30:29', '2025-11-21 16:30:29'),
	(390, 12, 'East Katrinamouth', 'ipsam enim', 1, 99, '2025-11-21 16:30:29', '2025-11-21 16:30:29'),
	(394, 10, 'Nadiaview', 'consequatur aspernatur', 1, 80, '2025-11-21 16:30:29', '2025-11-21 16:30:29'),
	(396, 18, 'North Karamouth', 'vel ducimus', 1, 83, '2025-11-21 16:30:29', '2025-11-21 16:30:29'),
	(397, 5, 'New Philiphaven', 'cumque ut', 1, 98, '2025-11-21 16:30:29', '2025-11-21 16:30:29'),
	(398, 18, 'Dejahside', 'laborum autem', 1, 77, '2025-11-21 16:30:29', '2025-11-21 16:30:29'),
	(407, 6, 'Lake Kristinabury', 'et cupiditate', 1, 24, '2025-11-21 16:30:29', '2025-11-21 16:30:29'),
	(408, 24, 'Jaspermouth', 'cupiditate est', 1, 9, '2025-11-21 16:30:29', '2025-11-21 16:30:29'),
	(409, 25, 'North Emanuelmouth', 'dolorem dolore', 1, 72, '2025-11-21 16:30:29', '2025-11-21 16:30:29'),
	(411, 24, 'Port Amyaville', 'quia facere', 1, 38, '2025-11-21 16:30:29', '2025-11-21 16:30:29'),
	(416, 5, 'New Elyse', 'soluta sequi', 1, 77, '2025-11-21 16:30:29', '2025-11-21 16:30:29'),
	(417, 17, 'Lake Janelle', 'perferendis eum', 1, 5, '2025-11-21 16:30:29', '2025-11-21 16:30:29'),
	(418, 20, 'Port Zetta', 'quos alias', 1, 94, '2025-11-21 16:30:29', '2025-11-21 16:30:29'),
	(419, 4, 'South Kelton', 'hic ipsa', 1, 12, '2025-11-21 16:30:29', '2025-11-21 16:30:29'),
	(421, 9, 'Gislasonstad', 'ut veritatis', 1, 24, '2025-11-21 16:30:29', '2025-11-21 16:30:29'),
	(425, 25, 'East Walker', 'rem non', 0, 30, '2025-11-21 16:30:29', '2025-11-21 16:30:29'),
	(427, 7, 'Jacobifort', 'ab voluptatum', 1, 2, '2025-11-21 16:30:29', '2025-11-21 16:30:29'),
	(431, 12, 'Ahmadhaven', 'ut sint', 1, 46, '2025-11-21 16:30:29', '2025-11-21 16:30:29'),
	(436, 24, 'North Trevatown', 'qui veritatis', 1, 81, '2025-11-21 16:30:29', '2025-11-21 16:30:29'),
	(443, 11, 'Predovicview', 'in cum', 1, 85, '2025-11-25 12:46:21', '2025-11-25 12:46:21'),
	(449, 24, 'Eudoraburgh', 'mollitia quidem', 1, 10, '2025-11-25 12:46:21', '2025-11-25 12:46:21'),
	(456, 14, 'Goldnerville', 'labore sunt', 1, 45, '2025-11-25 12:46:21', '2025-11-25 12:46:21'),
	(457, 6, 'West Billberg', 'ut exercitationem', 1, 26, '2025-11-25 12:46:21', '2025-11-25 12:46:21'),
	(468, 20, 'East Faustostad', 'at cupiditate', 1, 88, '2025-11-25 12:46:21', '2025-11-25 12:46:21'),
	(469, 18, 'Watershaven', 'molestias nulla', 1, 17, '2025-11-25 12:46:21', '2025-11-25 12:46:21'),
	(479, 12, 'Dougfort', 'et minus', 1, 33, '2025-11-25 12:46:21', '2025-11-25 12:46:21'),
	(487, 5, 'Grantburgh', 'labore minima', 1, 5, '2025-11-25 12:46:21', '2025-11-25 12:46:21'),
	(490, 18, 'West Ivoryville', 'quae tempora', 1, 24, '2025-11-25 12:46:21', '2025-11-25 12:46:21'),
	(492, 22, 'Lake Elbert', 'qui nulla', 1, 18, '2025-11-25 12:46:22', '2025-11-25 12:46:22'),
	(494, 2, 'North Bentonport', 'ab aliquam', 1, 19, '2025-11-25 12:46:22', '2025-11-25 12:46:22'),
	(495, 5, 'Lindfurt', 'eius facilis', 0, 1, '2025-11-25 12:46:22', '2025-11-25 12:46:22'),
	(500, 20, 'Schummshire', 'dicta reprehenderit', 1, 27, '2025-11-25 12:46:22', '2025-11-25 12:46:22'),
	(505, 13, 'New Elinoreshire', 'reprehenderit maiores', 1, 10, '2025-11-25 12:46:22', '2025-11-25 12:46:22'),
	(522, 7, 'Farrellborough', 'suscipit sit', 1, 60, '2025-11-25 12:46:22', '2025-11-25 12:46:22'),
	(537, 18, 'Ondrickaton', 'mollitia vel', 1, 5, '2025-11-25 12:46:22', '2025-11-25 12:46:22'),
	(539, 23, 'East Carmelville', 'deserunt id', 1, 28, '2025-11-25 12:46:22', '2025-11-25 12:46:22'),
	(543, 17, 'New Jamir', 'sed eum', 1, 95, '2025-11-25 12:46:22', '2025-11-25 12:46:22'),
	(544, 13, 'Schambergerfort', 'iure provident', 0, 21, '2025-11-25 12:46:22', '2025-11-25 12:46:22'),
	(549, 27, 'New Napoleon', 'qui minus', 1, 60, '2025-11-25 12:46:22', '2025-11-25 12:46:22'),
	(553, 10, 'Lake Leannaport', 'dolorum id', 1, 90, '2025-11-25 12:46:22', '2025-11-25 12:46:22'),
	(560, 19, 'Hackettfurt', 'quos omnis', 1, 60, '2025-11-25 12:46:22', '2025-11-25 12:46:22'),
	(565, 13, 'Steveshire', 'aut qui', 1, 12, '2025-11-25 12:46:23', '2025-11-25 12:46:23'),
	(570, 26, 'West Theatown', 'nulla ipsa', 1, 18, '2025-11-25 12:46:23', '2025-11-25 12:46:23'),
	(571, 2, 'Port Bernadinechester', 'necessitatibus et', 1, 79, '2025-11-25 12:46:23', '2025-11-25 12:46:23'),
	(573, 3, 'North Adela', 'ut sit', 1, 42, '2025-11-25 12:46:23', '2025-11-25 12:46:23'),
	(577, 13, 'New Sven', 'quisquam nisi', 1, 4, '2025-11-25 12:46:23', '2025-11-25 12:46:23'),
	(579, 15, 'Fabiolaborough', 'iusto corporis', 1, 46, '2025-11-25 12:46:23', '2025-11-25 12:46:23'),
	(580, 15, 'Davisshire', 'nam aut', 1, 78, '2025-11-25 12:46:23', '2025-11-25 12:46:23'),
	(581, 13, 'Mayertville', 'quia repellendus', 1, 20, '2025-11-25 12:46:23', '2025-11-25 12:46:23'),
	(584, 17, 'South Kadeville', 'voluptatem non', 1, 89, '2025-11-25 12:46:23', '2025-11-25 12:46:23'),
	(590, 7, 'East Fredrickfurt', 'culpa voluptatem', 1, 83, '2025-11-25 12:46:23', '2025-11-25 12:46:23'),
	(592, 5, 'North Thea', 'doloremque iure', 1, 33, '2025-11-25 12:46:23', '2025-11-25 12:46:23'),
	(594, 8, 'South Zeldamouth', 'incidunt aut', 1, 81, '2025-11-25 12:46:23', '2025-11-25 12:46:23'),
	(598, 24, 'Amiraside', 'itaque sunt', 1, 27, '2025-11-25 12:46:23', '2025-11-25 12:46:23'),
	(611, 26, 'Gibsontown', 'at ipsa', 1, 62, '2025-11-25 12:46:23', '2025-11-25 12:46:23'),
	(612, 4, 'Kyrahaven', 'illum reprehenderit', 1, 93, '2025-11-25 12:46:23', '2025-11-25 12:46:23'),
	(615, 23, 'Leonardomouth', 'maiores officiis', 1, 79, '2025-11-25 12:46:23', '2025-11-25 12:46:23'),
	(627, 8, 'West Sincere', 'repellat sequi', 1, 64, '2025-11-25 12:46:24', '2025-11-25 12:46:24'),
	(629, 15, 'Jaimeport', 'est odio', 1, 54, '2025-11-25 12:46:24', '2025-11-25 12:46:24'),
	(630, 9, 'Port Nedshire', 'numquam dolor', 0, 30, '2025-11-25 12:46:24', '2025-11-25 12:46:24'),
	(635, 7, 'Fletaton', 'est ut', 1, 2, '2025-11-25 12:46:24', '2025-11-25 12:46:24');

-- Dumping structure for table rosheta.clients
CREATE TABLE IF NOT EXISTS `clients` (
  `id` bigint unsigned NOT NULL AUTO_INCREMENT,
  `name` varchar(255) COLLATE utf8mb4_unicode_ci NOT NULL,
  `email` varchar(255) COLLATE utf8mb4_unicode_ci DEFAULT NULL,
  `avatar` varchar(255) COLLATE utf8mb4_unicode_ci DEFAULT NULL,
  `phone_number` varchar(255) COLLATE utf8mb4_unicode_ci NOT NULL,
  `password` varchar(255) COLLATE utf8mb4_unicode_ci NOT NULL,
  `created_at` timestamp NULL DEFAULT NULL,
  `updated_at` timestamp NULL DEFAULT NULL,
  PRIMARY KEY (`id`),
  UNIQUE KEY `clients_email_unique` (`email`)
) ENGINE=InnoDB AUTO_INCREMENT=107 DEFAULT CHARSET=utf8mb4 COLLATE=utf8mb4_unicode_ci;

-- Dumping data for table rosheta.clients: ~105 rows (approximately)
INSERT INTO `clients` (`id`, `name`, `email`, `avatar`, `phone_number`, `password`, `created_at`, `updated_at`) VALUES
	(1, 'Sammie Breitenberg', 'sschaefer@example.net', NULL, '+1-310-349-6668', '$2y$12$Q85dFa4vZSBfZBJds4LgbuOHr18JhcUdnewzCNoEwL6GASx295XA.', '2025-11-21 16:30:14', '2025-11-21 16:30:14'),
	(2, 'Mustafa Parker III', 'ronaldo89@example.net', NULL, '+1 (820) 856-8372', '$2y$12$Q85dFa4vZSBfZBJds4LgbuOHr18JhcUdnewzCNoEwL6GASx295XA.', '2025-11-21 16:30:14', '2025-11-21 16:30:14'),
	(3, 'Fredrick Walter', 'theodora.hackett@example.com', NULL, '314.602.8192', '$2y$12$Q85dFa4vZSBfZBJds4LgbuOHr18JhcUdnewzCNoEwL6GASx295XA.', '2025-11-21 16:30:14', '2025-11-21 16:30:14'),
	(4, 'Alf Lehner', 'joanie.bogan@example.com', NULL, '209.792.1189', '$2y$12$Q85dFa4vZSBfZBJds4LgbuOHr18JhcUdnewzCNoEwL6GASx295XA.', '2025-11-21 16:30:14', '2025-11-21 16:30:14'),
	(5, 'Connie Wintheiser', 'ipacocha@example.com', NULL, '+1 (848) 646-0383', '$2y$12$Q85dFa4vZSBfZBJds4LgbuOHr18JhcUdnewzCNoEwL6GASx295XA.', '2025-11-21 16:30:14', '2025-11-21 16:30:14'),
	(6, 'Mrs. Era Fay PhD', 'wiza.thomas@example.org', NULL, '1-949-925-8028', '$2y$12$Q85dFa4vZSBfZBJds4LgbuOHr18JhcUdnewzCNoEwL6GASx295XA.', '2025-11-21 16:30:14', '2025-11-21 16:30:14'),
	(7, 'Gerry Zieme', 'joshuah.pacocha@example.org', NULL, '(253) 306-6243', '$2y$12$Q85dFa4vZSBfZBJds4LgbuOHr18JhcUdnewzCNoEwL6GASx295XA.', '2025-11-21 16:30:14', '2025-11-21 16:30:14'),
	(8, 'Prof. Imogene Little', 'joaquin.mohr@example.com', NULL, '(260) 974-3758', '$2y$12$Q85dFa4vZSBfZBJds4LgbuOHr18JhcUdnewzCNoEwL6GASx295XA.', '2025-11-21 16:30:14', '2025-11-21 16:30:14'),
	(9, 'Jean Mann', 'abagail.bode@example.org', NULL, '+15159665304', '$2y$12$Q85dFa4vZSBfZBJds4LgbuOHr18JhcUdnewzCNoEwL6GASx295XA.', '2025-11-21 16:30:14', '2025-11-21 16:30:14'),
	(10, 'Jackie Dickinson PhD', 'grempel@example.com', NULL, '843-759-6195', '$2y$12$Q85dFa4vZSBfZBJds4LgbuOHr18JhcUdnewzCNoEwL6GASx295XA.', '2025-11-21 16:30:14', '2025-11-21 16:30:14'),
	(11, 'Florine Nikolaus PhD', 'davis.frank@example.org', NULL, '848.262.4947', '$2y$12$Q85dFa4vZSBfZBJds4LgbuOHr18JhcUdnewzCNoEwL6GASx295XA.', '2025-11-21 16:30:14', '2025-11-21 16:30:14'),
	(12, 'Adam Luettgen', 'aokon@example.net', NULL, '(626) 499-6331', '$2y$12$Q85dFa4vZSBfZBJds4LgbuOHr18JhcUdnewzCNoEwL6GASx295XA.', '2025-11-21 16:30:14', '2025-11-21 16:30:14'),
	(13, 'Mr. Oda Gaylord', 'ischmeler@example.com', NULL, '1-947-278-8983', '$2y$12$Q85dFa4vZSBfZBJds4LgbuOHr18JhcUdnewzCNoEwL6GASx295XA.', '2025-11-21 16:30:14', '2025-11-21 16:30:14'),
	(14, 'Jarred Miller MD', 'pedro52@example.net', NULL, '952-398-0876', '$2y$12$Q85dFa4vZSBfZBJds4LgbuOHr18JhcUdnewzCNoEwL6GASx295XA.', '2025-11-21 16:30:14', '2025-11-21 16:30:14'),
	(15, 'Mr. kamal gelgel', 'kimo151944@gmail.com', 'clients/avatars/01KB2ARS2SYC7XKE8RGHZV82FH.png', '01551095853', '$2y$12$uCQngriHwKFkFzRCigB93e92YNJvDhHU.wULH4YDbSeo7aKHyKHhq', '2025-11-21 16:30:14', '2025-12-01 17:26:02'),
	(16, 'Alanna Marvin', 'jtorp@example.net', NULL, '223-648-3226', '$2y$12$Q85dFa4vZSBfZBJds4LgbuOHr18JhcUdnewzCNoEwL6GASx295XA.', '2025-11-21 16:30:14', '2025-11-21 16:30:14'),
	(17, 'Miss Mireille Lynch DVM', 'ejakubowski@example.net', NULL, '816-610-9490', '$2y$12$Q85dFa4vZSBfZBJds4LgbuOHr18JhcUdnewzCNoEwL6GASx295XA.', '2025-11-21 16:30:14', '2025-11-21 16:30:14'),
	(18, 'Reid Koch', 'kieran.torphy@example.com', NULL, '458.742.4594', '$2y$12$Q85dFa4vZSBfZBJds4LgbuOHr18JhcUdnewzCNoEwL6GASx295XA.', '2025-11-21 16:30:14', '2025-11-21 16:30:14'),
	(19, 'Maritza Becker', 'spencer.helga@example.org', NULL, '785-738-2585', '$2y$12$Q85dFa4vZSBfZBJds4LgbuOHr18JhcUdnewzCNoEwL6GASx295XA.', '2025-11-21 16:30:14', '2025-11-21 16:30:14'),
	(20, 'Mr. Orion Carroll', 'lkoss@example.org', NULL, '248.405.8347', '$2y$12$Q85dFa4vZSBfZBJds4LgbuOHr18JhcUdnewzCNoEwL6GASx295XA.', '2025-11-21 16:30:14', '2025-11-21 16:30:14'),
	(21, 'Trevion Bernhard', 'maryse20@example.org', NULL, '+1-563-306-0197', '$2y$12$Q85dFa4vZSBfZBJds4LgbuOHr18JhcUdnewzCNoEwL6GASx295XA.', '2025-11-21 16:30:14', '2025-11-21 16:30:14'),
	(22, 'Korey Morissette', 'richie.corwin@example.org', NULL, '+1-831-233-5466', '$2y$12$Q85dFa4vZSBfZBJds4LgbuOHr18JhcUdnewzCNoEwL6GASx295XA.', '2025-11-21 16:30:14', '2025-11-21 16:30:14'),
	(23, 'Uriel Koch', 'fkoepp@example.org', NULL, '757.319.0258', '$2y$12$Q85dFa4vZSBfZBJds4LgbuOHr18JhcUdnewzCNoEwL6GASx295XA.', '2025-11-21 16:30:14', '2025-11-21 16:30:14'),
	(24, 'Amalia Rosenbaum', 'bridget45@example.org', NULL, '351.816.0022', '$2y$12$Q85dFa4vZSBfZBJds4LgbuOHr18JhcUdnewzCNoEwL6GASx295XA.', '2025-11-21 16:30:14', '2025-11-21 16:30:14'),
	(25, 'Rosalind Aufderhar', 'lind.ashleigh@example.org', NULL, '724.305.9466', '$2y$12$Q85dFa4vZSBfZBJds4LgbuOHr18JhcUdnewzCNoEwL6GASx295XA.', '2025-11-21 16:30:14', '2025-11-21 16:30:14'),
	(26, 'Gerald Smith', 'terrance.schmitt@example.org', NULL, '(913) 342-1408', '$2y$12$Q85dFa4vZSBfZBJds4LgbuOHr18JhcUdnewzCNoEwL6GASx295XA.', '2025-11-21 16:30:14', '2025-11-21 16:30:14'),
	(27, 'Amari Reinger', 'thompson.darren@example.org', NULL, '+1 (609) 425-1003', '$2y$12$Q85dFa4vZSBfZBJds4LgbuOHr18JhcUdnewzCNoEwL6GASx295XA.', '2025-11-21 16:30:14', '2025-11-21 16:30:14'),
	(28, 'Miss Dannie Bergstrom MD', 'sandra45@example.com', NULL, '1-845-731-8051', '$2y$12$Q85dFa4vZSBfZBJds4LgbuOHr18JhcUdnewzCNoEwL6GASx295XA.', '2025-11-21 16:30:14', '2025-11-21 16:30:14'),
	(29, 'Dovie Jenkins', 'javonte.gottlieb@example.org', NULL, '(315) 766-8436', '$2y$12$Q85dFa4vZSBfZBJds4LgbuOHr18JhcUdnewzCNoEwL6GASx295XA.', '2025-11-21 16:30:14', '2025-11-21 16:30:14'),
	(30, 'Lessie Witting DVM', 'frami.jettie@example.net', NULL, '1-859-298-2944', '$2y$12$Q85dFa4vZSBfZBJds4LgbuOHr18JhcUdnewzCNoEwL6GASx295XA.', '2025-11-21 16:30:14', '2025-11-21 16:30:14'),
	(31, 'Misty Collier', 'kihn.mariana@example.net', NULL, '720.643.3157', '$2y$12$Q85dFa4vZSBfZBJds4LgbuOHr18JhcUdnewzCNoEwL6GASx295XA.', '2025-11-21 16:30:14', '2025-11-21 16:30:14'),
	(32, 'Miss Jade Stamm V', 'brooke76@example.org', NULL, '480-441-2079', '$2y$12$Q85dFa4vZSBfZBJds4LgbuOHr18JhcUdnewzCNoEwL6GASx295XA.', '2025-11-21 16:30:14', '2025-11-21 16:30:14'),
	(33, 'Prof. Citlalli Carter', 'serenity.kuphal@example.net', NULL, '+1 (352) 974-8668', '$2y$12$Q85dFa4vZSBfZBJds4LgbuOHr18JhcUdnewzCNoEwL6GASx295XA.', '2025-11-21 16:30:14', '2025-11-21 16:30:14'),
	(34, 'Hassan Pagac', 'sbergstrom@example.com', NULL, '1-302-425-1981', '$2y$12$Q85dFa4vZSBfZBJds4LgbuOHr18JhcUdnewzCNoEwL6GASx295XA.', '2025-11-21 16:30:14', '2025-11-21 16:30:14'),
	(35, 'Dan Torp', 'zaltenwerth@example.com', NULL, '+1.845.793.4054', '$2y$12$Q85dFa4vZSBfZBJds4LgbuOHr18JhcUdnewzCNoEwL6GASx295XA.', '2025-11-21 16:30:14', '2025-11-21 16:30:14'),
	(36, 'Prof. Freddie McLaughlin IV', 'leonor.homenick@example.com', NULL, '435-931-7857', '$2y$12$Q85dFa4vZSBfZBJds4LgbuOHr18JhcUdnewzCNoEwL6GASx295XA.', '2025-11-21 16:30:14', '2025-11-21 16:30:14'),
	(37, 'Rosa Renner', 'briana.ebert@example.com', NULL, '1-385-566-5054', '$2y$12$Q85dFa4vZSBfZBJds4LgbuOHr18JhcUdnewzCNoEwL6GASx295XA.', '2025-11-21 16:30:14', '2025-11-21 16:30:14'),
	(38, 'Ocie Thompson', 'nyah51@example.org', NULL, '279-468-6895', '$2y$12$Q85dFa4vZSBfZBJds4LgbuOHr18JhcUdnewzCNoEwL6GASx295XA.', '2025-11-21 16:30:14', '2025-11-21 16:30:14'),
	(39, 'Lois Ryan V', 'vrodriguez@example.com', NULL, '1-270-754-0370', '$2y$12$Q85dFa4vZSBfZBJds4LgbuOHr18JhcUdnewzCNoEwL6GASx295XA.', '2025-11-21 16:30:14', '2025-11-21 16:30:14'),
	(40, 'Luther Green', 'elizabeth01@example.com', NULL, '810.986.1893', '$2y$12$Q85dFa4vZSBfZBJds4LgbuOHr18JhcUdnewzCNoEwL6GASx295XA.', '2025-11-21 16:30:14', '2025-11-21 16:30:14'),
	(41, 'Joannie Jacobson', 'raul24@example.org', NULL, '+17744055395', '$2y$12$Q85dFa4vZSBfZBJds4LgbuOHr18JhcUdnewzCNoEwL6GASx295XA.', '2025-11-21 16:30:14', '2025-11-21 16:30:14'),
	(42, 'Ms. Bailee Mosciski Jr.', 'pfeffer.laury@example.net', NULL, '(559) 733-1793', '$2y$12$Q85dFa4vZSBfZBJds4LgbuOHr18JhcUdnewzCNoEwL6GASx295XA.', '2025-11-21 16:30:14', '2025-11-21 16:30:14'),
	(43, 'Miss Mable Effertz DDS', 'elang@example.org', NULL, '1-267-494-1599', '$2y$12$Q85dFa4vZSBfZBJds4LgbuOHr18JhcUdnewzCNoEwL6GASx295XA.', '2025-11-21 16:30:14', '2025-11-21 16:30:14'),
	(44, 'Dr. Stephen Abernathy', 'rafael79@example.org', NULL, '989-967-2606', '$2y$12$Q85dFa4vZSBfZBJds4LgbuOHr18JhcUdnewzCNoEwL6GASx295XA.', '2025-11-21 16:30:14', '2025-11-21 16:30:14'),
	(45, 'Nella Ratke', 'marquis.kirlin@example.net', NULL, '(952) 816-7161', '$2y$12$Q85dFa4vZSBfZBJds4LgbuOHr18JhcUdnewzCNoEwL6GASx295XA.', '2025-11-21 16:30:14', '2025-11-21 16:30:14'),
	(46, 'Teresa Pacocha DVM', 'blanda.lou@example.com', NULL, '+1-678-679-0824', '$2y$12$Q85dFa4vZSBfZBJds4LgbuOHr18JhcUdnewzCNoEwL6GASx295XA.', '2025-11-21 16:30:14', '2025-11-21 16:30:14'),
	(47, 'Rupert Prohaska', 'rosalinda.beahan@example.com', NULL, '640-469-4972', '$2y$12$Q85dFa4vZSBfZBJds4LgbuOHr18JhcUdnewzCNoEwL6GASx295XA.', '2025-11-21 16:30:14', '2025-11-21 16:30:14'),
	(48, 'Brett Lang', 'keshawn.upton@example.com', NULL, '+1-864-645-0074', '$2y$12$Q85dFa4vZSBfZBJds4LgbuOHr18JhcUdnewzCNoEwL6GASx295XA.', '2025-11-21 16:30:14', '2025-11-21 16:30:14'),
	(49, 'Prof. Trevor Steuber DDS', 'federico.shanahan@example.net', NULL, '+1-205-307-5670', '$2y$12$Q85dFa4vZSBfZBJds4LgbuOHr18JhcUdnewzCNoEwL6GASx295XA.', '2025-11-21 16:30:14', '2025-11-21 16:30:14'),
	(50, 'Ms. Malika Welch DDS', 'camila72@example.net', NULL, '580.786.1899', '$2y$12$Q85dFa4vZSBfZBJds4LgbuOHr18JhcUdnewzCNoEwL6GASx295XA.', '2025-11-21 16:30:14', '2025-11-21 16:30:14'),
	(51, 'selim', 'john@example.com', NULL, '01234567890', '$2y$12$pZevHy/B.7AZrygCggvIj.8HXN.QFZXniRTIermKZtpy9955rmPG6', '2025-11-21 18:40:38', '2025-11-21 18:40:38'),
	(52, 'selim', 'kimo@admin.com', NULL, '01111942187', '$2y$12$ZioqdIdACSBvazcvETGJEu0Li1GTwyqbVDwmFaMpBdQzTqBOwU6ha', '2025-11-23 19:05:48', '2025-11-23 19:05:48'),
	(53, 'Bessie Casper', 'meta89@example.org', NULL, '+1 (276) 806-2468', '$2y$12$5fuHMfQAQbIb536JM08TteFR5iZRsqpcJ96C5a.fso.j68JzT8..u', '2025-11-25 12:46:07', '2025-11-25 12:46:07'),
	(54, 'Lane Johns', 'lehner.gustave@example.com', NULL, '380-668-4132', '$2y$12$5fuHMfQAQbIb536JM08TteFR5iZRsqpcJ96C5a.fso.j68JzT8..u', '2025-11-25 12:46:07', '2025-11-25 12:46:07'),
	(55, 'Adrain Kris', 'gulgowski.theron@example.net', NULL, '986-651-9477', '$2y$12$5fuHMfQAQbIb536JM08TteFR5iZRsqpcJ96C5a.fso.j68JzT8..u', '2025-11-25 12:46:07', '2025-11-25 12:46:07'),
	(56, 'Savion Raynor II', 'damien.lesch@example.com', NULL, '520-468-3362', '$2y$12$5fuHMfQAQbIb536JM08TteFR5iZRsqpcJ96C5a.fso.j68JzT8..u', '2025-11-25 12:46:07', '2025-11-25 12:46:07'),
	(57, 'Miss Lacey Gutkowski III', 'ybergstrom@example.com', NULL, '270-489-2154', '$2y$12$5fuHMfQAQbIb536JM08TteFR5iZRsqpcJ96C5a.fso.j68JzT8..u', '2025-11-25 12:46:07', '2025-11-25 12:46:07'),
	(58, 'Marty Kshlerin', 'pollich.zula@example.com', NULL, '(914) 823-4820', '$2y$12$5fuHMfQAQbIb536JM08TteFR5iZRsqpcJ96C5a.fso.j68JzT8..u', '2025-11-25 12:46:07', '2025-11-25 12:46:07'),
	(59, 'Dr. Simeon Mills Sr.', 'sporer.zack@example.net', NULL, '509.526.8581', '$2y$12$5fuHMfQAQbIb536JM08TteFR5iZRsqpcJ96C5a.fso.j68JzT8..u', '2025-11-25 12:46:08', '2025-11-25 12:46:08'),
	(60, 'Dr. Deondre Nitzsche MD', 'adolfo32@example.org', NULL, '1-484-293-6698', '$2y$12$5fuHMfQAQbIb536JM08TteFR5iZRsqpcJ96C5a.fso.j68JzT8..u', '2025-11-25 12:46:08', '2025-11-25 12:46:08'),
	(61, 'Daija Oberbrunner', 'pierce.boyer@example.com', NULL, '+1.657.855.8717', '$2y$12$5fuHMfQAQbIb536JM08TteFR5iZRsqpcJ96C5a.fso.j68JzT8..u', '2025-11-25 12:46:08', '2025-11-25 12:46:08'),
	(62, 'Gussie Gleichner', 'uwalsh@example.net', NULL, '+19176276145', '$2y$12$5fuHMfQAQbIb536JM08TteFR5iZRsqpcJ96C5a.fso.j68JzT8..u', '2025-11-25 12:46:08', '2025-11-25 12:46:08'),
	(63, 'Favian Jakubowski', 'michel15@example.net', NULL, '1-651-616-7675', '$2y$12$5fuHMfQAQbIb536JM08TteFR5iZRsqpcJ96C5a.fso.j68JzT8..u', '2025-11-25 12:46:08', '2025-11-25 12:46:08'),
	(64, 'Prof. Muriel Kris DDS', 'nitzsche.kane@example.com', NULL, '252.325.1267', '$2y$12$5fuHMfQAQbIb536JM08TteFR5iZRsqpcJ96C5a.fso.j68JzT8..u', '2025-11-25 12:46:08', '2025-11-25 12:46:08'),
	(65, 'Tamia Johnston II', 'rex.jacobson@example.net', NULL, '925.331.6161', '$2y$12$5fuHMfQAQbIb536JM08TteFR5iZRsqpcJ96C5a.fso.j68JzT8..u', '2025-11-25 12:46:08', '2025-11-25 12:46:08'),
	(66, 'Mr. Jermain Hills I', 'grady.burdette@example.org', NULL, '+1.360.978.1235', '$2y$12$5fuHMfQAQbIb536JM08TteFR5iZRsqpcJ96C5a.fso.j68JzT8..u', '2025-11-25 12:46:08', '2025-11-25 12:46:08'),
	(67, 'Michelle Rempel PhD', 'shomenick@example.net', NULL, '1-615-727-6670', '$2y$12$5fuHMfQAQbIb536JM08TteFR5iZRsqpcJ96C5a.fso.j68JzT8..u', '2025-11-25 12:46:08', '2025-11-25 12:46:08'),
	(68, 'Joany Wintheiser', 'tbeer@example.net', NULL, '+15852249511', '$2y$12$5fuHMfQAQbIb536JM08TteFR5iZRsqpcJ96C5a.fso.j68JzT8..u', '2025-11-25 12:46:08', '2025-11-25 12:46:08'),
	(69, 'Breanne Cole', 'marcelo31@example.com', NULL, '+1-229-378-8357', '$2y$12$5fuHMfQAQbIb536JM08TteFR5iZRsqpcJ96C5a.fso.j68JzT8..u', '2025-11-25 12:46:08', '2025-11-25 12:46:08'),
	(70, 'Keenan Prohaska MD', 'alvah17@example.org', NULL, '1-628-408-0969', '$2y$12$5fuHMfQAQbIb536JM08TteFR5iZRsqpcJ96C5a.fso.j68JzT8..u', '2025-11-25 12:46:08', '2025-11-25 12:46:08'),
	(71, 'Emmalee Kuhlman Sr.', 'maia31@example.com', NULL, '913-476-1783', '$2y$12$5fuHMfQAQbIb536JM08TteFR5iZRsqpcJ96C5a.fso.j68JzT8..u', '2025-11-25 12:46:08', '2025-11-25 12:46:08'),
	(72, 'Dr. Rubie Tromp', 'littel.emmett@example.com', NULL, '(231) 908-1666', '$2y$12$5fuHMfQAQbIb536JM08TteFR5iZRsqpcJ96C5a.fso.j68JzT8..u', '2025-11-25 12:46:08', '2025-11-25 12:46:08'),
	(73, 'Prof. Cory Bergnaum V', 'wiza.shana@example.org', NULL, '(813) 300-6788', '$2y$12$5fuHMfQAQbIb536JM08TteFR5iZRsqpcJ96C5a.fso.j68JzT8..u', '2025-11-25 12:46:08', '2025-11-25 12:46:08'),
	(74, 'Hubert Baumbach', 'powlowski.edna@example.org', NULL, '1-727-431-3568', '$2y$12$5fuHMfQAQbIb536JM08TteFR5iZRsqpcJ96C5a.fso.j68JzT8..u', '2025-11-25 12:46:08', '2025-11-25 12:46:08'),
	(75, 'Elroy Gutmann', 'hankunding@example.com', NULL, '816-434-4964', '$2y$12$5fuHMfQAQbIb536JM08TteFR5iZRsqpcJ96C5a.fso.j68JzT8..u', '2025-11-25 12:46:08', '2025-11-25 12:46:08'),
	(76, 'Floy Glover', 'kcorwin@example.org', NULL, '+1-650-438-4068', '$2y$12$5fuHMfQAQbIb536JM08TteFR5iZRsqpcJ96C5a.fso.j68JzT8..u', '2025-11-25 12:46:08', '2025-11-25 12:46:08'),
	(77, 'Taya Dach', 'okilback@example.org', NULL, '+17472830132', '$2y$12$5fuHMfQAQbIb536JM08TteFR5iZRsqpcJ96C5a.fso.j68JzT8..u', '2025-11-25 12:46:08', '2025-11-25 12:46:08'),
	(78, 'Prof. Josie Schaefer Jr.', 'smedhurst@example.net', NULL, '760.756.1357', '$2y$12$5fuHMfQAQbIb536JM08TteFR5iZRsqpcJ96C5a.fso.j68JzT8..u', '2025-11-25 12:46:08', '2025-11-25 12:46:08'),
	(79, 'Wellington Durgan', 'ehill@example.com', NULL, '564.529.1985', '$2y$12$5fuHMfQAQbIb536JM08TteFR5iZRsqpcJ96C5a.fso.j68JzT8..u', '2025-11-25 12:46:08', '2025-11-25 12:46:08'),
	(80, 'Milford Abernathy', 'adriel.bogan@example.net', NULL, '+17406438045', '$2y$12$5fuHMfQAQbIb536JM08TteFR5iZRsqpcJ96C5a.fso.j68JzT8..u', '2025-11-25 12:46:08', '2025-11-25 12:46:08'),
	(81, 'Van Considine', 'olga44@example.net', NULL, '607.581.2015', '$2y$12$5fuHMfQAQbIb536JM08TteFR5iZRsqpcJ96C5a.fso.j68JzT8..u', '2025-11-25 12:46:08', '2025-11-25 12:46:08'),
	(82, 'Isac Steuber', 'alford.smith@example.com', NULL, '281.593.8211', '$2y$12$5fuHMfQAQbIb536JM08TteFR5iZRsqpcJ96C5a.fso.j68JzT8..u', '2025-11-25 12:46:08', '2025-11-25 12:46:08'),
	(83, 'Demario Waters', 'russel.evans@example.net', NULL, '(283) 903-7194', '$2y$12$5fuHMfQAQbIb536JM08TteFR5iZRsqpcJ96C5a.fso.j68JzT8..u', '2025-11-25 12:46:08', '2025-11-25 12:46:08'),
	(84, 'Jazmyn O\'Connell PhD', 'ugoldner@example.org', NULL, '1-878-666-7826', '$2y$12$5fuHMfQAQbIb536JM08TteFR5iZRsqpcJ96C5a.fso.j68JzT8..u', '2025-11-25 12:46:08', '2025-11-25 12:46:08'),
	(85, 'Dr. Aracely Schmitt', 'larson.myles@example.net', NULL, '+1 (351) 577-3704', '$2y$12$5fuHMfQAQbIb536JM08TteFR5iZRsqpcJ96C5a.fso.j68JzT8..u', '2025-11-25 12:46:08', '2025-11-25 12:46:08'),
	(86, 'Quinn Rogahn', 'maida.bayer@example.com', NULL, '(341) 916-8815', '$2y$12$5fuHMfQAQbIb536JM08TteFR5iZRsqpcJ96C5a.fso.j68JzT8..u', '2025-11-25 12:46:08', '2025-11-25 12:46:08'),
	(87, 'Prof. Ayana Lueilwitz MD', 'broderick17@example.org', NULL, '+1 (442) 656-5349', '$2y$12$5fuHMfQAQbIb536JM08TteFR5iZRsqpcJ96C5a.fso.j68JzT8..u', '2025-11-25 12:46:08', '2025-11-25 12:46:08'),
	(88, 'Karl Weber', 'zdavis@example.org', NULL, '(734) 573-9235', '$2y$12$5fuHMfQAQbIb536JM08TteFR5iZRsqpcJ96C5a.fso.j68JzT8..u', '2025-11-25 12:46:08', '2025-11-25 12:46:08'),
	(89, 'Maurine Powlowski', 'jamison81@example.com', NULL, '934-685-9508', '$2y$12$5fuHMfQAQbIb536JM08TteFR5iZRsqpcJ96C5a.fso.j68JzT8..u', '2025-11-25 12:46:08', '2025-11-25 12:46:08'),
	(90, 'Polly Cronin', 'parisian.vivian@example.org', NULL, '936.891.9480', '$2y$12$5fuHMfQAQbIb536JM08TteFR5iZRsqpcJ96C5a.fso.j68JzT8..u', '2025-11-25 12:46:08', '2025-11-25 12:46:08'),
	(91, 'Mr. Jeramy Ebert', 'jeromy07@example.com', NULL, '+1 (512) 454-2560', '$2y$12$5fuHMfQAQbIb536JM08TteFR5iZRsqpcJ96C5a.fso.j68JzT8..u', '2025-11-25 12:46:08', '2025-11-25 12:46:08'),
	(92, 'Miss Yadira Schinner', 'jeremy03@example.net', NULL, '828-601-5913', '$2y$12$5fuHMfQAQbIb536JM08TteFR5iZRsqpcJ96C5a.fso.j68JzT8..u', '2025-11-25 12:46:08', '2025-11-25 12:46:08'),
	(93, 'Tatyana Tromp', 'olga83@example.net', NULL, '760.894.4115', '$2y$12$5fuHMfQAQbIb536JM08TteFR5iZRsqpcJ96C5a.fso.j68JzT8..u', '2025-11-25 12:46:08', '2025-11-25 12:46:08'),
	(94, 'Harmon Prohaska', 'shaniya.gibson@example.com', NULL, '+1-678-357-6337', '$2y$12$5fuHMfQAQbIb536JM08TteFR5iZRsqpcJ96C5a.fso.j68JzT8..u', '2025-11-25 12:46:08', '2025-11-25 12:46:08'),
	(95, 'Josiane Beahan', 'cordie.crona@example.com', NULL, '+1-623-414-0254', '$2y$12$5fuHMfQAQbIb536JM08TteFR5iZRsqpcJ96C5a.fso.j68JzT8..u', '2025-11-25 12:46:08', '2025-11-25 12:46:08'),
	(96, 'Mr. Keenan Schumm', 'destany.koss@example.org', NULL, '+1-651-957-1430', '$2y$12$5fuHMfQAQbIb536JM08TteFR5iZRsqpcJ96C5a.fso.j68JzT8..u', '2025-11-25 12:46:08', '2025-11-25 12:46:08'),
	(97, 'Sasha Lowe', 'rutherford.nicholas@example.com', NULL, '+1-484-837-3631', '$2y$12$5fuHMfQAQbIb536JM08TteFR5iZRsqpcJ96C5a.fso.j68JzT8..u', '2025-11-25 12:46:08', '2025-11-25 12:46:08'),
	(98, 'Erica O\'Conner', 'jgibson@example.com', NULL, '+1.484.935.3326', '$2y$12$5fuHMfQAQbIb536JM08TteFR5iZRsqpcJ96C5a.fso.j68JzT8..u', '2025-11-25 12:46:08', '2025-11-25 12:46:08'),
	(99, 'Niko Davis', 'metz.donnie@example.org', NULL, '1-678-657-1631', '$2y$12$5fuHMfQAQbIb536JM08TteFR5iZRsqpcJ96C5a.fso.j68JzT8..u', '2025-11-25 12:46:08', '2025-11-25 12:46:08'),
	(100, 'Dr. Sister Gutmann Jr.', 'mkris@example.com', NULL, '+1.573.459.8830', '$2y$12$5fuHMfQAQbIb536JM08TteFR5iZRsqpcJ96C5a.fso.j68JzT8..u', '2025-11-25 12:46:08', '2025-11-25 12:46:08'),
	(101, 'Prof. Omari Russel', 'fredrick.bradtke@example.org', NULL, '1-231-292-8805', '$2y$12$5fuHMfQAQbIb536JM08TteFR5iZRsqpcJ96C5a.fso.j68JzT8..u', '2025-11-25 12:46:08', '2025-11-25 12:46:08'),
	(102, 'Mr. Akeem Ziemann IV', 'rutherford.valerie@example.com', NULL, '1-262-779-2833', '$2y$12$5fuHMfQAQbIb536JM08TteFR5iZRsqpcJ96C5a.fso.j68JzT8..u', '2025-11-25 12:46:08', '2025-11-25 12:46:08'),
	(103, 'Raymundo Stamm DDS', 'danny92@example.com', NULL, '1-364-364-0346', '$2y$12$5YY5Ul.GuISjboTozQ6MTuI7tupKfEOBsje9ty4JW3AEJ4CJ0EE.K', '2025-11-25 12:48:02', '2025-11-25 12:48:02'),
	(104, 'Kaci Cole IV', 'karl92@example.org', NULL, '820.646.8364', '$2y$12$5YY5Ul.GuISjboTozQ6MTuI7tupKfEOBsje9ty4JW3AEJ4CJ0EE.K', '2025-11-25 12:48:02', '2025-11-25 12:48:02'),
	(106, 'kimo', NULL, 'clients/avatars/01KB2ARS2SYC7XKE8RGHZV82FH.png', '0111192187', '$2y$12$jVIRMtzpBAWF/ZU4vkv2ZuH8Ng2gIy.Hv4EeijJMECpVSvesp3LTG', '2025-11-27 07:37:03', '2025-11-27 07:37:03');

-- Dumping structure for table rosheta.client_addresses
CREATE TABLE IF NOT EXISTS `client_addresses` (
  `id` bigint unsigned NOT NULL AUTO_INCREMENT,
  `client_id` bigint unsigned NOT NULL,
  `address` varchar(255) COLLATE utf8mb4_unicode_ci NOT NULL,
  `location` json DEFAULT NULL,
  `created_at` timestamp NULL DEFAULT NULL,
  `updated_at` timestamp NULL DEFAULT NULL,
  `city_id` bigint unsigned DEFAULT NULL,
  `area_id` bigint unsigned DEFAULT NULL,
  PRIMARY KEY (`id`),
  KEY `client_addresses_client_id_foreign` (`client_id`),
  KEY `client_addresses_city_id_foreign` (`city_id`),
  KEY `client_addresses_area_id_foreign` (`area_id`),
  CONSTRAINT `client_addresses_area_id_foreign` FOREIGN KEY (`area_id`) REFERENCES `areas` (`id`) ON DELETE SET NULL,
  CONSTRAINT `client_addresses_city_id_foreign` FOREIGN KEY (`city_id`) REFERENCES `cities` (`id`) ON DELETE SET NULL,
  CONSTRAINT `client_addresses_client_id_foreign` FOREIGN KEY (`client_id`) REFERENCES `clients` (`id`) ON DELETE CASCADE
) ENGINE=InnoDB AUTO_INCREMENT=307 DEFAULT CHARSET=utf8mb4 COLLATE=utf8mb4_unicode_ci;

-- Dumping data for table rosheta.client_addresses: ~304 rows (approximately)
INSERT INTO `client_addresses` (`id`, `client_id`, `address`, `location`, `created_at`, `updated_at`, `city_id`, `area_id`) VALUES
	(1, 1, '701 Zackary Key Apt. 874\nKingtown, PA 20854-8136', '{"lat": 31.133563, "lng": 31.562995}', '2025-11-21 16:30:28', '2025-11-21 16:30:28', NULL, NULL),
	(2, 1, '2206 Fahey Well\nEast Monica, NM 56727', '{"lat": 31.413684, "lng": 31.521959}', '2025-11-21 16:30:28', '2025-11-21 16:30:28', 339, 340),
	(3, 1, '1078 Lera Union\nNew London, MS 15530-6068', '{"lat": 30.228581, "lng": 30.748372}', '2025-11-21 16:30:28', '2025-11-21 16:30:28', NULL, NULL),
	(4, 2, '34223 Eula Estates\nEast May, NH 21708', '{"lat": 30.093802, "lng": 31.593814}', '2025-11-21 16:30:28', '2025-11-21 16:30:28', NULL, NULL),
	(5, 3, '325 Marvin Knolls Apt. 676\nEast Korbinchester, PA 76709', '{"lat": 31.465882, "lng": 30.162267}', '2025-11-21 16:30:28', '2025-11-21 16:30:28', NULL, 343),
	(6, 3, '48216 Abbott Oval\nFritschfurt, TX 42190', '{"lat": 30.892431, "lng": 29.082111}', '2025-11-21 16:30:28', '2025-11-21 16:30:28', NULL, 344),
	(7, 4, '372 Kautzer Plains\nRippinfort, TX 23263', '{"lat": 30.590411, "lng": 30.694342}', '2025-11-21 16:30:28', '2025-11-21 16:30:28', NULL, 345),
	(8, 5, '7697 Elnora Drives\nEast Jakobtown, RI 89076-0167', '{"lat": 31.346285, "lng": 30.238808}', '2025-11-21 16:30:28', '2025-11-21 16:30:28', NULL, NULL),
	(9, 5, '78822 Kathryn Passage\nJuwanview, VT 48575-1410', '{"lat": 31.082732, "lng": 31.130337}', '2025-11-21 16:30:28', '2025-11-21 16:30:28', NULL, NULL),
	(10, 6, '9229 Kertzmann Extensions Apt. 315\nSouth Eltafurt, AZ 36732', '{"lat": 30.962586, "lng": 31.847774}', '2025-11-21 16:30:28', '2025-11-21 16:30:28', 347, 348),
	(11, 7, '3686 Rosina Mill Suite 069\nEloyside, MD 12674-6183', '{"lat": 31.090697, "lng": 30.642744}', '2025-11-21 16:30:28', '2025-11-21 16:30:28', NULL, 349),
	(12, 8, '7187 Bridgette Rest Suite 640\nSouth Petefurt, VA 62770', '{"lat": 31.031922, "lng": 29.320343}', '2025-11-21 16:30:28', '2025-11-21 16:30:28', 349, NULL),
	(13, 8, '9597 Adela River\nLake Haylee, OK 41627', '{"lat": 30.377326, "lng": 29.549761}', '2025-11-21 16:30:28', '2025-11-21 16:30:28', NULL, NULL),
	(14, 8, '37383 Stehr Extension\nBarbarachester, ME 05801', '{"lat": 31.180514, "lng": 30.884626}', '2025-11-21 16:30:28', '2025-11-21 16:30:28', NULL, 352),
	(15, 9, '78958 Spinka Valleys\nVerlamouth, PA 47427-0282', '{"lat": 30.822628, "lng": 30.496828}', '2025-11-21 16:30:28', '2025-11-21 16:30:28', NULL, NULL),
	(16, 10, '6423 Welch Ridges Suite 542\nGermanbury, MT 94509', '{"lat": 31.373083, "lng": 31.941515}', '2025-11-21 16:30:28', '2025-11-21 16:30:28', NULL, NULL),
	(17, 10, '9531 Pansy Club Suite 094\nMozellview, MS 29997-1800', '{"lat": 30.079775, "lng": 29.024113}', '2025-11-21 16:30:28', '2025-11-21 16:30:28', NULL, NULL),
	(18, 11, '2188 Leora Station Suite 733\nSouth Lillahaven, MO 01644', '{"lat": 30.709237, "lng": 31.331997}', '2025-11-21 16:30:28', '2025-11-21 16:30:28', NULL, 356),
	(19, 11, '3520 Faye Fields Apt. 750\nLarsonland, ID 26932-7659', '{"lat": 30.689575, "lng": 32.305716}', '2025-11-21 16:30:28', '2025-11-21 16:30:28', 356, NULL),
	(20, 12, '166 Jaqueline Roads Apt. 111\nLake Kennedyhaven, OH 16717', '{"lat": 30.323703, "lng": 31.767318}', '2025-11-21 16:30:28', '2025-11-21 16:30:28', 357, 358),
	(21, 12, '82342 Julia Club\nSchmelertown, KS 54733-9651', '{"lat": 31.444196, "lng": 30.735024}', '2025-11-21 16:30:28', '2025-11-21 16:30:28', NULL, NULL),
	(22, 13, '933 Fahey Plain\nEast Russfort, MT 01210-3723', '{"lat": 30.198254, "lng": 31.613533}', '2025-11-21 16:30:28', '2025-11-21 16:30:28', NULL, 360),
	(23, 13, '6160 O\'Conner Plaza\nAdelbertmouth, MS 83518-4132', '{"lat": 30.918748, "lng": 29.542987}', '2025-11-21 16:30:28', '2025-11-21 16:30:28', NULL, NULL),
	(24, 14, '80703 Brad Flats\nSusanafort, OK 65555-2796', '{"lat": 31.49915, "lng": 31.239081}', '2025-11-21 16:30:28', '2025-11-21 16:30:28', 361, 362),
	(25, 14, '9076 Waelchi Roads Suite 399\nEnosborough, NM 55588', '{"lat": 30.004437, "lng": 29.032694}', '2025-11-21 16:30:28', '2025-11-21 16:30:28', NULL, NULL),
	(26, 15, '2292 Ettie Center\nLebsackstad, VT 71360', '{"lat": 30.625539, "lng": 32.801426}', '2025-11-21 16:30:28', '2025-11-21 16:30:28', NULL, NULL),
	(27, 16, '62160 Waelchi Island Apt. 207\nMyahchester, UT 19620', '{"lat": 30.241428, "lng": 29.422613}', '2025-11-21 16:30:28', '2025-11-21 16:30:28', NULL, NULL),
	(28, 16, '881 Rodriguez Stravenue\nLake Camylle, NM 21159', '{"lat": 31.316586, "lng": 30.972601}', '2025-11-21 16:30:28', '2025-11-21 16:30:28', NULL, 366),
	(29, 17, '5077 Ambrose Loaf Apt. 211\nSchmittchester, IN 69857', '{"lat": 30.961335, "lng": 32.748283}', '2025-11-21 16:30:28', '2025-11-21 16:30:28', NULL, NULL),
	(30, 17, '15569 Ahmad Pike Apt. 319\nSchmidtshire, ND 04976-1259', '{"lat": 30.301777, "lng": 32.751818}', '2025-11-21 16:30:28', '2025-11-21 16:30:28', NULL, NULL),
	(31, 18, '53756 Tatum Road\nNaomishire, MN 53630-6558', '{"lat": 30.093527, "lng": 31.506611}', '2025-11-21 16:30:28', '2025-11-21 16:30:28', NULL, NULL),
	(32, 18, '59996 Luella Street\nO\'Connerport, MO 87070', '{"lat": 31.200947, "lng": 29.132649}', '2025-11-21 16:30:28', '2025-11-21 16:30:28', NULL, 370),
	(33, 18, '1059 Little Spurs Suite 850\nNew Malcolm, NJ 32088-6303', '{"lat": 30.322799, "lng": 31.548181}', '2025-11-21 16:30:28', '2025-11-21 16:30:28', 370, NULL),
	(34, 19, '32111 Wava Village\nWest Liam, CO 81392', '{"lat": 30.983889, "lng": 31.035032}', '2025-11-21 16:30:28', '2025-11-21 16:30:28', 371, 372),
	(35, 19, '42009 Ali Pass\nKalliestad, NC 66766-6695', '{"lat": 30.397889, "lng": 31.28392}', '2025-11-21 16:30:28', '2025-11-21 16:30:28', NULL, NULL),
	(36, 20, '750 Shawn Wells Suite 739\nGabrielleburgh, RI 08421-6981', '{"lat": 31.269094, "lng": 31.080224}', '2025-11-21 16:30:29', '2025-11-21 16:30:29', NULL, 374),
	(37, 20, '4350 Mario Trace\nNew Jefferey, MD 07767', '{"lat": 30.604575, "lng": 32.384063}', '2025-11-21 16:30:29', '2025-11-21 16:30:29', NULL, NULL),
	(38, 20, '60892 Catharine Vista\nKemmershire, KY 58732', '{"lat": 30.440926, "lng": 30.627285}', '2025-11-21 16:30:29', '2025-11-21 16:30:29', 375, NULL),
	(39, 21, '661 Hermiston Cove Apt. 547\nBrayanmouth, IA 29515-7187', '{"lat": 30.06898, "lng": 30.944019}', '2025-11-21 16:30:29', '2025-11-21 16:30:29', 376, NULL),
	(40, 21, '927 Ali Falls\nBreitenbergton, AR 70798-5244', '{"lat": 31.448361, "lng": 29.497584}', '2025-11-21 16:30:29', '2025-11-21 16:30:29', NULL, NULL),
	(41, 21, '66668 Liliana Cove Suite 685\nNew Kevon, MD 89934-8875', '{"lat": 30.776776, "lng": 30.231723}', '2025-11-21 16:30:29', '2025-11-21 16:30:29', NULL, NULL),
	(42, 22, '173 Stark Meadows\nElyssaport, OK 18662', '{"lat": 30.052929, "lng": 32.085149}', '2025-11-21 16:30:29', '2025-11-21 16:30:29', NULL, 380),
	(43, 22, '110 DuBuque Turnpike\nLake Edgardoport, MN 62254', '{"lat": 30.794502, "lng": 32.949342}', '2025-11-21 16:30:29', '2025-11-21 16:30:29', 380, NULL),
	(44, 23, '2042 Maggio Mill\nNorth Kirkburgh, GA 75794', '{"lat": 30.111662, "lng": 30.904463}', '2025-11-21 16:30:29', '2025-11-21 16:30:29', 381, NULL),
	(45, 24, '85642 Bailey Brooks\nPort Timothyshire, AR 32798', '{"lat": 30.397763, "lng": 29.093828}', '2025-11-21 16:30:29', '2025-11-21 16:30:29', NULL, 383),
	(46, 24, '30205 Mann Freeway Apt. 168\nDarrelville, GA 19169-5595', '{"lat": 31.451273, "lng": 29.033688}', '2025-11-21 16:30:29', '2025-11-21 16:30:29', NULL, NULL),
	(47, 25, '36050 Julius Lodge Suite 849\nPort Herminafurt, FL 85920-7213', '{"lat": 31.113425, "lng": 32.237696}', '2025-11-21 16:30:29', '2025-11-21 16:30:29', NULL, NULL),
	(48, 25, '80217 Brionna Ford\nLennaview, KY 55742-2400', '{"lat": 30.561109, "lng": 30.066292}', '2025-11-21 16:30:29', '2025-11-21 16:30:29', NULL, 386),
	(49, 26, '71924 Deanna Walk\nCarterside, CT 90066', '{"lat": 31.324715, "lng": 30.263395}', '2025-11-21 16:30:29', '2025-11-21 16:30:29', NULL, NULL),
	(50, 26, '2955 Bode Stravenue\nSouth Laurianneburgh, MS 93243', '{"lat": 30.13419, "lng": 31.155888}', '2025-11-21 16:30:29', '2025-11-21 16:30:29', 387, NULL),
	(51, 26, '6754 Sadie Rue\nNew Celia, AZ 65118', '{"lat": 31.165824, "lng": 31.777052}', '2025-11-21 16:30:29', '2025-11-21 16:30:29', 388, 389),
	(52, 27, '4105 Rice Forges Suite 615\nSouth Kamronhaven, AK 43595-6635', '{"lat": 31.451924, "lng": 30.847274}', '2025-11-21 16:30:29', '2025-11-21 16:30:29', NULL, NULL),
	(53, 28, '326 Streich Brook Apt. 590\nNigelview, HI 41127-6040', '{"lat": 31.330226, "lng": 31.992885}', '2025-11-21 16:30:29', '2025-11-21 16:30:29', 390, NULL),
	(54, 29, '449 Vivien Orchard\nKattiechester, KS 59618', '{"lat": 31.115717, "lng": 32.803906}', '2025-11-21 16:30:29', '2025-11-21 16:30:29', NULL, NULL),
	(55, 29, '962 Vida Points Suite 693\nPort Alysa, LA 46277-8039', '{"lat": 30.624507, "lng": 32.894251}', '2025-11-21 16:30:29', '2025-11-21 16:30:29', NULL, NULL),
	(56, 30, '6644 Isadore Trafficway\nPort Bertburgh, DE 16853-5552', '{"lat": 30.272313, "lng": 32.833893}', '2025-11-21 16:30:29', '2025-11-21 16:30:29', NULL, 394),
	(57, 30, '22161 Natasha Branch\nProhaskaborough, DC 93679-0860', '{"lat": 30.405195, "lng": 29.190824}', '2025-11-21 16:30:29', '2025-11-21 16:30:29', 394, NULL),
	(58, 30, '9635 Pacocha Meadow Suite 761\nKochfort, IL 18558-0031', '{"lat": 30.130612, "lng": 30.59954}', '2025-11-21 16:30:29', '2025-11-21 16:30:29', NULL, NULL),
	(59, 31, '8121 Parisian Radial\nMurraybury, SD 55107-8526', '{"lat": 30.6552, "lng": 30.088817}', '2025-11-21 16:30:29', '2025-11-21 16:30:29', 396, NULL),
	(60, 31, '77843 Chloe Plaza Suite 749\nNorth Gaston, AL 70378', '{"lat": 30.886273, "lng": 29.463702}', '2025-11-21 16:30:29', '2025-11-21 16:30:29', 397, NULL),
	(61, 32, '9027 Grimes Ferry Suite 605\nSouth Jaron, AK 27871-5326', '{"lat": 30.784098, "lng": 30.114283}', '2025-11-21 16:30:29', '2025-11-21 16:30:29', 398, 399),
	(62, 32, '1621 Bennie Neck Suite 069\nSvenmouth, OH 23468-2271', '{"lat": 30.305165, "lng": 30.647159}', '2025-11-21 16:30:29', '2025-11-21 16:30:29', NULL, NULL),
	(63, 33, '459 Levi Row\nEast Maeganton, AL 80528', '{"lat": 30.003421, "lng": 31.94431}', '2025-11-21 16:30:29', '2025-11-21 16:30:29', NULL, NULL),
	(64, 34, '4737 Wilhelm Rapid\nPort Emmyside, ID 53768', '{"lat": 31.302586, "lng": 31.279833}', '2025-11-21 16:30:29', '2025-11-21 16:30:29', NULL, NULL),
	(65, 34, '7242 Ivy Ford\nWest Lornaborough, ND 95607-1618', '{"lat": 30.209115, "lng": 32.593275}', '2025-11-21 16:30:29', '2025-11-21 16:30:29', NULL, NULL),
	(66, 34, '29771 Simonis Alley Suite 653\nLake Louveniamouth, DC 11385', '{"lat": 30.244023, "lng": 32.163851}', '2025-11-21 16:30:29', '2025-11-21 16:30:29', NULL, NULL),
	(67, 35, '8776 Ondricka Oval Apt. 177\nNew Dudleybury, HI 27692-6120', '{"lat": 30.883734, "lng": 31.340657}', '2025-11-21 16:30:29', '2025-11-21 16:30:29', NULL, NULL),
	(68, 36, '407 Powlowski Corners Suite 202\nNorth Rudyhaven, WA 76338', '{"lat": 30.08427, "lng": 32.11656}', '2025-11-21 16:30:29', '2025-11-21 16:30:29', NULL, 406),
	(69, 36, '873 Harvey Dam\nRobbieberg, NJ 89002', '{"lat": 30.73432, "lng": 31.989251}', '2025-11-21 16:30:29', '2025-11-21 16:30:29', NULL, NULL),
	(70, 37, '21872 Bartell Freeway Suite 111\nLake Lenoraton, ID 46309', '{"lat": 30.963825, "lng": 31.335632}', '2025-11-21 16:30:29', '2025-11-21 16:30:29', 407, NULL),
	(71, 37, '913 Harvey Forges Suite 804\nSouth Lourdes, CT 57523-8050', '{"lat": 31.27679, "lng": 32.481854}', '2025-11-21 16:30:29', '2025-11-21 16:30:29', 408, 409),
	(72, 38, '7780 Johathan Avenue Suite 753\nNorth Tylerborough, AK 60824', '{"lat": 30.453926, "lng": 30.894798}', '2025-11-21 16:30:29', '2025-11-21 16:30:29', 409, NULL),
	(73, 38, '1540 Wunsch Mill\nHalvorsontown, AL 58168-5657', '{"lat": 31.003368, "lng": 31.905808}', '2025-11-21 16:30:29', '2025-11-21 16:30:29', NULL, NULL),
	(74, 38, '955 Trent Union\nLeslieborough, GA 93242', '{"lat": 31.290536, "lng": 31.559334}', '2025-11-21 16:30:29', '2025-11-21 16:30:29', 411, 412),
	(75, 39, '874 Alisha Highway\nNorth Ryleyburgh, PA 32369', '{"lat": 30.620852, "lng": 30.377029}', '2025-11-21 16:30:29', '2025-11-21 16:30:29', NULL, 413),
	(76, 39, '34596 Pearline Fork\nMasonchester, NJ 43067', '{"lat": 31.345573, "lng": 30.289426}', '2025-11-21 16:30:29', '2025-11-21 16:30:29', NULL, NULL),
	(77, 39, '986 Cummerata Circles\nMicaelatown, FL 64736', '{"lat": 31.284155, "lng": 31.489079}', '2025-11-21 16:30:29', '2025-11-21 16:30:29', NULL, NULL),
	(78, 40, '2971 Colton Mews Apt. 472\nNikolausfort, CT 23058-5770', '{"lat": 30.486893, "lng": 29.283204}', '2025-11-21 16:30:29', '2025-11-21 16:30:29', NULL, NULL),
	(79, 40, '6860 Ofelia Common Apt. 460\nBradtketown, ID 49028-3061', '{"lat": 30.578689, "lng": 29.452177}', '2025-11-21 16:30:29', '2025-11-21 16:30:29', 416, NULL),
	(80, 40, '8084 Samson Springs Apt. 867\nJacobsonport, WY 33255-9631', '{"lat": 31.125752, "lng": 30.110286}', '2025-11-21 16:30:29', '2025-11-21 16:30:29', 417, NULL),
	(81, 41, '73052 Cruickshank Station Suite 615\nOkeymouth, NV 32055-4497', '{"lat": 31.493781, "lng": 32.987689}', '2025-11-21 16:30:29', '2025-11-21 16:30:29', 418, NULL),
	(82, 41, '7346 Sheila Meadows Suite 823\nWilmaside, FL 32341-1483', '{"lat": 30.081845, "lng": 32.234948}', '2025-11-21 16:30:29', '2025-11-21 16:30:29', 419, NULL),
	(83, 41, '335 Zemlak Trafficway\nEast Kenneth, NE 51934-6038', '{"lat": 31.498262, "lng": 30.47225}', '2025-11-21 16:30:29', '2025-11-21 16:30:29', NULL, NULL),
	(84, 42, '95039 O\'Kon Park Apt. 315\nLemketon, NM 38599-1976', '{"lat": 30.405298, "lng": 32.756175}', '2025-11-21 16:30:29', '2025-11-21 16:30:29', 421, NULL),
	(85, 43, '4769 Konopelski Stream Suite 406\nPort Kade, ME 15028-8997', '{"lat": 30.664435, "lng": 31.149138}', '2025-11-21 16:30:29', '2025-11-21 16:30:29', NULL, 423),
	(86, 43, '230 Rodriguez Pass Apt. 586\nJaylonchester, NE 18280-1518', '{"lat": 30.452487, "lng": 31.512995}', '2025-11-21 16:30:29', '2025-11-21 16:30:29', NULL, NULL),
	(87, 44, '512 Lakin Summit\nWest Maribelshire, FL 20799-2709', '{"lat": 30.212934, "lng": 30.913118}', '2025-11-21 16:30:29', '2025-11-21 16:30:29', NULL, 425),
	(88, 44, '2887 Chelsey Lights Suite 262\nCarmelside, MO 56445', '{"lat": 30.518007, "lng": 29.39828}', '2025-11-21 16:30:29', '2025-11-21 16:30:29', 425, NULL),
	(89, 45, '7275 Daugherty Avenue Apt. 294\nNorth Verdabury, WY 93074', '{"lat": 30.313107, "lng": 31.312008}', '2025-11-21 16:30:29', '2025-11-21 16:30:29', NULL, 427),
	(90, 45, '660 Wolf Oval\nPort Ashtynside, IL 18243-6611', '{"lat": 30.34721, "lng": 31.366098}', '2025-11-21 16:30:29', '2025-11-21 16:30:29', 427, NULL),
	(91, 46, '1347 Korbin Divide Suite 462\nCristborough, KS 62646-5263', '{"lat": 30.323696, "lng": 32.174998}', '2025-11-21 16:30:29', '2025-11-21 16:30:29', NULL, NULL),
	(92, 46, '3895 Rafael Ville Apt. 217\nWest Dorthamouth, ME 52291-8757', '{"lat": 30.605665, "lng": 29.720662}', '2025-11-21 16:30:29', '2025-11-21 16:30:29', NULL, 430),
	(93, 47, '78622 Brook Tunnel\nEast Myrtie, KY 78528', '{"lat": 30.431473, "lng": 31.527244}', '2025-11-21 16:30:29', '2025-11-21 16:30:29', NULL, NULL),
	(94, 47, '393 Albertha Cliffs\nLake Kassandra, MT 92550', '{"lat": 30.875219, "lng": 32.011726}', '2025-11-21 16:30:29', '2025-11-21 16:30:29', 431, NULL),
	(95, 48, '75660 Koss Roads\nNorth Quinten, DE 17230-5479', '{"lat": 31.133864, "lng": 32.692841}', '2025-11-21 16:30:29', '2025-11-21 16:30:29', NULL, 433),
	(96, 48, '74111 Marks Road\nLaurettaton, OK 17763', '{"lat": 30.551747, "lng": 30.421998}', '2025-11-21 16:30:29', '2025-11-21 16:30:29', NULL, 434),
	(97, 48, '541 Emilie Summit\nEast Itzelstad, NM 83392-9586', '{"lat": 30.726455, "lng": 29.256613}', '2025-11-21 16:30:29', '2025-11-21 16:30:29', NULL, NULL),
	(98, 49, '342 Rau Harbor Suite 814\nDurganberg, MD 27758', '{"lat": 30.720831, "lng": 29.271064}', '2025-11-21 16:30:29', '2025-11-21 16:30:29', NULL, NULL),
	(99, 49, '163 Stella Rapids Apt. 225\nStromanmouth, LA 05039', '{"lat": 30.42987, "lng": 29.573753}', '2025-11-21 16:30:29', '2025-11-21 16:30:29', 436, 437),
	(100, 49, '8494 Mittie Wells Suite 470\nRempelburgh, NY 57739-4165', '{"lat": 30.165009, "lng": 31.74336}', '2025-11-21 16:30:29', '2025-11-21 16:30:29', NULL, NULL),
	(101, 50, '77406 Alicia Stream Apt. 717\nRicoshire, NE 58289', '{"lat": 30.095989, "lng": 32.923035}', '2025-11-21 16:30:29', '2025-11-21 16:30:29', NULL, NULL),
	(102, 50, '433 Jaleel Row Suite 503\nPort Brendenbury, TX 62470', '{"lat": 30.793052, "lng": 32.849698}', '2025-11-21 16:30:29', '2025-11-21 16:30:29', NULL, NULL),
	(103, 50, '98616 Leonora Keys Suite 537\nConnland, NJ 41681', '{"lat": 31.058629, "lng": 32.265115}', '2025-11-21 16:30:30', '2025-11-21 16:30:30', NULL, NULL),
	(104, 1, '246 Kyra Walks Apt. 620\nNorth Budport, AK 12998', '{"lat": 31.353423, "lng": 32.612776}', '2025-11-25 12:46:21', '2025-11-25 12:46:21', NULL, NULL),
	(105, 1, '212 Coty Mission Apt. 517\nJevonburgh, AL 19610', '{"lat": 30.303486, "lng": 32.243278}', '2025-11-25 12:46:21', '2025-11-25 12:46:21', NULL, NULL),
	(106, 1, '7765 Ritchie Skyway\nTheafort, MO 24547', '{"lat": 30.295799, "lng": 31.453707}', '2025-11-25 12:46:21', '2025-11-25 12:46:21', 443, 444),
	(107, 2, '7262 Augustus Forge Apt. 388\nNew Berniecechester, AK 50270-4986', '{"lat": 30.573785, "lng": 30.480221}', '2025-11-25 12:46:21', '2025-11-25 12:46:21', NULL, NULL),
	(108, 2, '3735 Nestor River Apt. 205\nGracielamouth, CA 88904', '{"lat": 31.117303, "lng": 29.534807}', '2025-11-25 12:46:21', '2025-11-25 12:46:21', NULL, NULL),
	(109, 2, '527 Runolfsson Land\nSouth Zechariah, OR 64753-8966', '{"lat": 30.421848, "lng": 32.093013}', '2025-11-25 12:46:21', '2025-11-25 12:46:21', NULL, NULL),
	(110, 3, '32278 Lemke Skyway Suite 318\nHermannport, MO 67966-5923', '{"lat": 30.584889, "lng": 30.706591}', '2025-11-25 12:46:21', '2025-11-25 12:46:21', NULL, NULL),
	(111, 3, '977 Nathanael Heights Suite 095\nEast Noemiefort, NH 59158', '{"lat": 31.14918, "lng": 30.977811}', '2025-11-25 12:46:21', '2025-11-25 12:46:21', NULL, 449),
	(112, 4, '24084 Paolo Lake\nPort Maximemouth, IL 04169', '{"lat": 31.307456, "lng": 32.429251}', '2025-11-25 12:46:21', '2025-11-25 12:46:21', 449, NULL),
	(113, 4, '32144 Calista Court\nNew Macey, MS 36971-5066', '{"lat": 31.07956, "lng": 32.555714}', '2025-11-25 12:46:21', '2025-11-25 12:46:21', NULL, NULL),
	(114, 5, '98700 Ritchie Crest Suite 968\nHerbertburgh, NJ 59188', '{"lat": 31.113292, "lng": 30.337161}', '2025-11-25 12:46:21', '2025-11-25 12:46:21', NULL, NULL),
	(115, 6, '84810 Vance Creek\nHodkiewiczshire, DC 19516-5438', '{"lat": 31.13462, "lng": 32.223753}', '2025-11-25 12:46:21', '2025-11-25 12:46:21', NULL, 453),
	(116, 7, '179 Maggio Lock\nFlobury, AK 05957', '{"lat": 31.139943, "lng": 31.75668}', '2025-11-25 12:46:21', '2025-11-25 12:46:21', NULL, 454),
	(117, 8, '72024 Augustus Streets\nFayeland, NH 50776-7698', '{"lat": 30.73602, "lng": 30.796753}', '2025-11-25 12:46:21', '2025-11-25 12:46:21', NULL, 455),
	(118, 8, '13553 Carroll Landing Suite 089\nLangberg, MS 86799-1866', '{"lat": 31.144525, "lng": 32.73474}', '2025-11-25 12:46:21', '2025-11-25 12:46:21', NULL, 456),
	(119, 9, '1643 Gislason Court Apt. 446\nEwellberg, MS 81930-2671', '{"lat": 30.52005, "lng": 29.22609}', '2025-11-25 12:46:21', '2025-11-25 12:46:21', 456, NULL),
	(120, 10, '956 Cale Walks Suite 246\nNew Wilber, TX 11066-9257', '{"lat": 30.191665, "lng": 31.775634}', '2025-11-25 12:46:21', '2025-11-25 12:46:21', 457, NULL),
	(121, 11, '55372 Buckridge Trail Suite 806\nNorth Blancaburgh, NE 40949', '{"lat": 30.398807, "lng": 32.609893}', '2025-11-25 12:46:21', '2025-11-25 12:46:21', NULL, NULL),
	(122, 12, '368 Stamm Oval Suite 909\nJamiehaven, LA 62537', '{"lat": 30.119981, "lng": 30.324781}', '2025-11-25 12:46:21', '2025-11-25 12:46:21', NULL, NULL),
	(123, 12, '11698 Newton Island\nJacobimouth, KY 22729', '{"lat": 31.462292, "lng": 32.656389}', '2025-11-25 12:46:21', '2025-11-25 12:46:21', NULL, NULL),
	(124, 12, '45393 Dicki Isle\nSelmerview, GA 99924', '{"lat": 30.395889, "lng": 31.361613}', '2025-11-25 12:46:21', '2025-11-25 12:46:21', NULL, NULL),
	(125, 13, '694 Kling Views Suite 945\nWest Jayden, IN 82606-3651', '{"lat": 31.128548, "lng": 31.905955}', '2025-11-25 12:46:21', '2025-11-25 12:46:21', NULL, NULL),
	(126, 13, '1041 Roob Loop Suite 461\nLake Fionatown, AR 32163', '{"lat": 30.890629, "lng": 30.807932}', '2025-11-25 12:46:21', '2025-11-25 12:46:21', NULL, NULL),
	(127, 13, '874 Freddie Lane Apt. 645\nPerryview, NH 81608-9375', '{"lat": 31.226064, "lng": 29.447485}', '2025-11-25 12:46:21', '2025-11-25 12:46:21', NULL, NULL),
	(128, 14, '493 Elisabeth Tunnel Apt. 444\nPort Demarcoshire, AZ 34550-0205', '{"lat": 30.238423, "lng": 31.575857}', '2025-11-25 12:46:21', '2025-11-25 12:46:21', NULL, NULL),
	(129, 14, '571 Laurie Spring\nErnieberg, KS 48862-6085', '{"lat": 30.350686, "lng": 31.88183}', '2025-11-25 12:46:21', '2025-11-25 12:46:21', NULL, 467),
	(130, 15, '561 Friedrich Plaza\nEast Carolyneville, CO 03876-8805', '{"lat": 30.994211, "lng": 29.143422}', '2025-11-25 12:46:21', '2025-11-25 12:46:21', 431, 468),
	(131, 15, '94266 Addison Park\nKeventown, MD 86709', '{"lat": 30.320198, "lng": 31.367694}', '2025-11-25 12:46:21', '2025-11-25 12:46:21', 468, 125),
	(132, 16, '7660 Ayana Path Suite 056\nWest Greysonfurt, VA 76693-2529', '{"lat": 31.016188, "lng": 30.681598}', '2025-11-25 12:46:21', '2025-11-25 12:46:21', 469, 470),
	(133, 16, '2024 Dickens Ridges Apt. 269\nMitchellview, DC 90642', '{"lat": 31.18601, "lng": 29.664686}', '2025-11-25 12:46:21', '2025-11-25 12:46:21', NULL, NULL),
	(134, 17, '250 Shayne Harbor\nPort Charlene, VT 76734', '{"lat": 31.299437, "lng": 30.551607}', '2025-11-25 12:46:21', '2025-11-25 12:46:21', NULL, NULL),
	(135, 18, '2377 Raquel Keys Apt. 136\nEast Nedraville, UT 29707', '{"lat": 31.119286, "lng": 31.102857}', '2025-11-25 12:46:21', '2025-11-25 12:46:21', NULL, NULL),
	(136, 18, '992 Coleman Fords Apt. 373\nNorth Elmore, FL 47804', '{"lat": 30.45905, "lng": 31.736808}', '2025-11-25 12:46:21', '2025-11-25 12:46:21', NULL, 474),
	(137, 18, '21455 McClure Ridges\nJorgeshire, ND 30601', '{"lat": 31.326242, "lng": 31.396818}', '2025-11-25 12:46:21', '2025-11-25 12:46:21', NULL, NULL),
	(138, 19, '27335 Schoen Port Suite 196\nSouth Deion, ID 90881', '{"lat": 30.14718, "lng": 30.462766}', '2025-11-25 12:46:21', '2025-11-25 12:46:21', NULL, NULL),
	(139, 20, '952 Edyth Road Apt. 563\nLuraside, FL 34686', '{"lat": 30.815805, "lng": 29.5043}', '2025-11-25 12:46:21', '2025-11-25 12:46:21', NULL, 477),
	(140, 21, '7843 Hilario Radial Suite 219\nPort Lucioland, IN 65284-3223', '{"lat": 30.918104, "lng": 30.784874}', '2025-11-25 12:46:21', '2025-11-25 12:46:21', NULL, NULL),
	(141, 21, '266 Hobart Junctions\nFeilmouth, IN 03800-4675', '{"lat": 30.933779, "lng": 32.368606}', '2025-11-25 12:46:21', '2025-11-25 12:46:21', NULL, 479),
	(142, 21, '7210 Hills Stravenue Apt. 381\nEast Goldaborough, ME 47399-6377', '{"lat": 30.29785, "lng": 31.721381}', '2025-11-25 12:46:21', '2025-11-25 12:46:21', 479, NULL),
	(143, 22, '462 Leila Lake\nMillerchester, TN 87097-8393', '{"lat": 30.006539, "lng": 31.852474}', '2025-11-25 12:46:21', '2025-11-25 12:46:21', NULL, NULL),
	(144, 23, '16435 Nader Ways\nSauertown, CA 97046', '{"lat": 31.383276, "lng": 32.909945}', '2025-11-25 12:46:21', '2025-11-25 12:46:21', NULL, NULL),
	(145, 23, '339 Bahringer Dale\nVivianeborough, MI 67579-7965', '{"lat": 31.174108, "lng": 31.794864}', '2025-11-25 12:46:21', '2025-11-25 12:46:21', NULL, 483),
	(146, 23, '3257 Lemuel Gardens Suite 579\nWest Camren, MD 08886-3215', '{"lat": 30.943307, "lng": 29.957738}', '2025-11-25 12:46:21', '2025-11-25 12:46:21', NULL, NULL),
	(147, 24, '620 Lucile Village\nZakaryborough, MO 36822', '{"lat": 31.454178, "lng": 31.557248}', '2025-11-25 12:46:21', '2025-11-25 12:46:21', NULL, NULL),
	(148, 24, '47601 Heidenreich Mill\nEast Vince, DC 85139-2049', '{"lat": 31.356542, "lng": 30.828658}', '2025-11-25 12:46:21', '2025-11-25 12:46:21', NULL, NULL),
	(149, 24, '812 Bergstrom Plaza\nWest Fosterhaven, NH 92363', '{"lat": 30.506688, "lng": 32.615291}', '2025-11-25 12:46:21', '2025-11-25 12:46:21', NULL, 487),
	(150, 25, '619 Torphy Street Apt. 734\nLittlemouth, AZ 89378', '{"lat": 30.847406, "lng": 31.677914}', '2025-11-25 12:46:21', '2025-11-25 12:46:21', 487, NULL),
	(151, 25, '49363 Monahan Forge\nToyport, IL 47089', '{"lat": 31.33311, "lng": 29.085467}', '2025-11-25 12:46:21', '2025-11-25 12:46:21', NULL, NULL),
	(152, 25, '93372 Jeremie Center Suite 143\nMohrtown, TX 24547', '{"lat": 30.369771, "lng": 29.200225}', '2025-11-25 12:46:21', '2025-11-25 12:46:21', NULL, 490),
	(153, 26, '15429 Thompson Valleys\nPort Aiden, AL 54059-1546', '{"lat": 30.005715, "lng": 32.246782}', '2025-11-25 12:46:21', '2025-11-25 12:46:21', 490, NULL),
	(154, 27, '80678 Nico Roads\nSonnyburgh, PA 46103', '{"lat": 30.85148, "lng": 31.805784}', '2025-11-25 12:46:22', '2025-11-25 12:46:22', NULL, 492),
	(155, 27, '95854 Reilly Row\nWest Saraifurt, PA 09440', '{"lat": 30.036374, "lng": 31.555146}', '2025-11-25 12:46:22', '2025-11-25 12:46:22', 492, NULL),
	(156, 28, '8195 Ora Station\nFaytown, CT 00094-0482', '{"lat": 30.071662, "lng": 32.867118}', '2025-11-25 12:46:22', '2025-11-25 12:46:22', NULL, 494),
	(157, 28, '31742 Grimes Vista\nDibbertfort, MN 67976-3955', '{"lat": 30.926925, "lng": 29.540578}', '2025-11-25 12:46:22', '2025-11-25 12:46:22', 494, 495),
	(158, 29, '622 Chanel Fork\nLake Tracey, UT 88992-9276', '{"lat": 30.025891, "lng": 29.670081}', '2025-11-25 12:46:22', '2025-11-25 12:46:22', 495, NULL),
	(159, 29, '949 Glover Skyway\nPort Estelleborough, MI 39670-4004', '{"lat": 30.261289, "lng": 31.195384}', '2025-11-25 12:46:22', '2025-11-25 12:46:22', NULL, 497),
	(160, 29, '2844 Wuckert Curve Suite 320\nSummerberg, MA 67321-4480', '{"lat": 31.473635, "lng": 31.59291}', '2025-11-25 12:46:22', '2025-11-25 12:46:22', NULL, NULL),
	(161, 30, '76782 Manley Tunnel\nHagenesfurt, KS 51177-9672', '{"lat": 31.489932, "lng": 29.70513}', '2025-11-25 12:46:22', '2025-11-25 12:46:22', NULL, NULL),
	(162, 30, '12659 Fritz Terrace\nMarleneberg, HI 74225-0603', '{"lat": 30.474648, "lng": 32.613458}', '2025-11-25 12:46:22', '2025-11-25 12:46:22', NULL, NULL),
	(163, 31, '180 Myrtie Walk Suite 261\nClintonburgh, AR 13665-0434', '{"lat": 30.803381, "lng": 30.141586}', '2025-11-25 12:46:22', '2025-11-25 12:46:22', 500, NULL),
	(164, 31, '880 Paucek Shores\nClaudchester, FL 42807', '{"lat": 30.117657, "lng": 29.098438}', '2025-11-25 12:46:22', '2025-11-25 12:46:22', NULL, 502),
	(165, 31, '728 Hills Plaza Apt. 910\nMayershire, MT 31404-4582', '{"lat": 31.094092, "lng": 32.064838}', '2025-11-25 12:46:22', '2025-11-25 12:46:22', NULL, 503),
	(166, 32, '594 Leda Extensions\nSouth Mose, KY 95347-4030', '{"lat": 31.160455, "lng": 29.903372}', '2025-11-25 12:46:22', '2025-11-25 12:46:22', NULL, NULL),
	(167, 32, '86161 Darrion Greens Apt. 398\nPort Everardo, IL 65412', '{"lat": 30.225138, "lng": 30.794792}', '2025-11-25 12:46:22', '2025-11-25 12:46:22', NULL, NULL),
	(168, 32, '725 Gusikowski Orchard Suite 209\nWest Jazmyn, KS 07005', '{"lat": 31.105471, "lng": 29.799044}', '2025-11-25 12:46:22', '2025-11-25 12:46:22', 505, NULL),
	(169, 33, '57043 Trever Knoll Suite 627\nNorth Santinoview, MD 76014', '{"lat": 30.16702, "lng": 31.39178}', '2025-11-25 12:46:22', '2025-11-25 12:46:22', NULL, NULL),
	(170, 33, '1355 Garrison Parkways Apt. 945\nNorth Friedrich, NH 67077', '{"lat": 30.730986, "lng": 32.673633}', '2025-11-25 12:46:22', '2025-11-25 12:46:22', NULL, NULL),
	(171, 34, '7312 Destiny Vista Apt. 792\nMaeganburgh, GA 75162', '{"lat": 30.783906, "lng": 32.954335}', '2025-11-25 12:46:22', '2025-11-25 12:46:22', NULL, NULL),
	(172, 34, '704 Wyman Drive Apt. 888\nNorth Kielside, IN 76575', '{"lat": 30.635757, "lng": 31.973489}', '2025-11-25 12:46:22', '2025-11-25 12:46:22', NULL, 510),
	(173, 35, '96925 Nelle Heights Apt. 189\nWest Fionafort, DE 89806-9531', '{"lat": 31.122778, "lng": 32.157376}', '2025-11-25 12:46:22', '2025-11-25 12:46:22', NULL, 511),
	(174, 35, '715 Norbert Flats Apt. 270\nLake Antonette, NH 38776', '{"lat": 30.177023, "lng": 32.586247}', '2025-11-25 12:46:22', '2025-11-25 12:46:22', NULL, 512),
	(175, 35, '54071 Prohaska Grove\nEmilyside, DE 09275', '{"lat": 30.135449, "lng": 32.677253}', '2025-11-25 12:46:22', '2025-11-25 12:46:22', NULL, NULL),
	(176, 36, '845 Funk Mountains Apt. 041\nWest Tressie, NJ 58282-4439', '{"lat": 30.847623, "lng": 31.299406}', '2025-11-25 12:46:22', '2025-11-25 12:46:22', NULL, 514),
	(177, 36, '104 Stroman Divide Suite 723\nDalehaven, SC 74388', '{"lat": 30.315131, "lng": 29.694756}', '2025-11-25 12:46:22', '2025-11-25 12:46:22', NULL, NULL),
	(178, 36, '622 Walsh Rapids Apt. 270\nPort Cassieborough, MN 03435-1307', '{"lat": 31.337795, "lng": 31.817457}', '2025-11-25 12:46:22', '2025-11-25 12:46:22', NULL, NULL),
	(179, 37, '9583 Addison Vista\nWeststad, DE 10754-9287', '{"lat": 31.480977, "lng": 30.101952}', '2025-11-25 12:46:22', '2025-11-25 12:46:22', NULL, NULL),
	(180, 38, '48708 Lavina Highway\nWest Junius, DE 20791-0190', '{"lat": 30.130302, "lng": 32.746696}', '2025-11-25 12:46:22', '2025-11-25 12:46:22', NULL, 518),
	(181, 39, '8870 Odie Courts Apt. 425\nWest Lonzoshire, CA 53710-5847', '{"lat": 30.876815, "lng": 31.248966}', '2025-11-25 12:46:22', '2025-11-25 12:46:22', NULL, 519),
	(182, 39, '41880 Ledner Haven Apt. 048\nWest Reba, KS 76164', '{"lat": 30.830401, "lng": 31.644622}', '2025-11-25 12:46:22', '2025-11-25 12:46:22', NULL, 520),
	(183, 40, '857 Bernhard Shores\nNorth Clarabelle, KY 68322-1941', '{"lat": 30.834829, "lng": 30.127195}', '2025-11-25 12:46:22', '2025-11-25 12:46:22', NULL, NULL),
	(184, 40, '23603 Lyda Parkway\nEast Vincenzamouth, NJ 22166-9387', '{"lat": 31.299453, "lng": 31.443242}', '2025-11-25 12:46:22', '2025-11-25 12:46:22', NULL, NULL),
	(185, 40, '89776 Lucienne Camp\nNew Gustavefurt, NJ 68940', '{"lat": 30.29216, "lng": 32.298343}', '2025-11-25 12:46:22', '2025-11-25 12:46:22', 522, NULL),
	(186, 41, '170 McGlynn Via\nTiaraland, SD 60444', '{"lat": 30.525654, "lng": 32.549817}', '2025-11-25 12:46:22', '2025-11-25 12:46:22', NULL, NULL),
	(187, 42, '5687 Heaney Port Apt. 517\nSouth Shawna, ID 73855-7558', '{"lat": 30.082284, "lng": 31.433751}', '2025-11-25 12:46:22', '2025-11-25 12:46:22', NULL, NULL),
	(188, 42, '70142 Keely Shoal\nLebsackmouth, DE 06118-1609', '{"lat": 31.447462, "lng": 31.643562}', '2025-11-25 12:46:22', '2025-11-25 12:46:22', NULL, 526),
	(189, 42, '7968 Althea Corner Apt. 811\nEast Nikita, OK 42501-1607', '{"lat": 30.660891, "lng": 29.75191}', '2025-11-25 12:46:22', '2025-11-25 12:46:22', NULL, 527),
	(190, 43, '74117 Berneice Stravenue\nPort Bernadette, VA 14610-3757', '{"lat": 31.049517, "lng": 31.385553}', '2025-11-25 12:46:22', '2025-11-25 12:46:22', NULL, NULL),
	(191, 43, '315 VonRueden Mills Suite 780\nNew Berniceberg, NH 59048', '{"lat": 30.954113, "lng": 30.217973}', '2025-11-25 12:46:22', '2025-11-25 12:46:22', NULL, NULL),
	(192, 44, '72044 Jett Turnpike Suite 971\nWardmouth, SD 73180', '{"lat": 31.33458, "lng": 30.371918}', '2025-11-25 12:46:22', '2025-11-25 12:46:22', NULL, NULL),
	(193, 44, '81800 Dickinson Shoals Apt. 273\nProhaskabury, TX 07669', '{"lat": 30.598951, "lng": 32.369223}', '2025-11-25 12:46:22', '2025-11-25 12:46:22', NULL, NULL),
	(194, 45, '47417 Buckridge Canyon Suite 389\nPort Lemuelstad, KS 08156-1997', '{"lat": 30.081216, "lng": 30.142661}', '2025-11-25 12:46:22', '2025-11-25 12:46:22', NULL, 532),
	(195, 46, '547 Hauck Island Apt. 568\nElodymouth, NY 88931', '{"lat": 30.992601, "lng": 32.301777}', '2025-11-25 12:46:22', '2025-11-25 12:46:22', NULL, NULL),
	(196, 46, '73192 Stroman Meadows\nErdmanton, UT 60447', '{"lat": 30.388168, "lng": 30.712402}', '2025-11-25 12:46:22', '2025-11-25 12:46:22', NULL, NULL),
	(197, 47, '734 Selena Rapid Suite 408\nNew Cindychester, FL 44180-8310', '{"lat": 30.603163, "lng": 32.08163}', '2025-11-25 12:46:22', '2025-11-25 12:46:22', NULL, NULL),
	(198, 47, '478 Leannon Springs Apt. 361\nWest Denaside, NH 30484', '{"lat": 31.009665, "lng": 30.268615}', '2025-11-25 12:46:22', '2025-11-25 12:46:22', NULL, NULL),
	(199, 47, '943 Haylee Squares Apt. 210\nLake Berenice, AZ 70695-4425', '{"lat": 30.876056, "lng": 32.252306}', '2025-11-25 12:46:22', '2025-11-25 12:46:22', NULL, NULL),
	(200, 48, '206 Conroy Extensions\nLake Ada, TN 34074-2599', '{"lat": 30.554052, "lng": 31.766599}', '2025-11-25 12:46:22', '2025-11-25 12:46:22', 537, 538),
	(201, 48, '2820 Abbott Plaza\nGislasonburgh, IN 06558', '{"lat": 31.376099, "lng": 30.440884}', '2025-11-25 12:46:22', '2025-11-25 12:46:22', NULL, 539),
	(202, 49, '7065 Hunter Club Apt. 360\nMaurinemouth, NJ 33429', '{"lat": 30.182759, "lng": 32.247058}', '2025-11-25 12:46:22', '2025-11-25 12:46:22', 539, NULL),
	(203, 49, '959 Leuschke Islands Suite 973\nNorth Maximilian, NV 41729', '{"lat": 31.057863, "lng": 32.23819}', '2025-11-25 12:46:22', '2025-11-25 12:46:22', NULL, NULL),
	(204, 49, '546 Huels Cliffs Suite 628\nPort Agustinaborough, FL 42613-2486', '{"lat": 30.512958, "lng": 29.859884}', '2025-11-25 12:46:22', '2025-11-25 12:46:22', NULL, 542),
	(205, 50, '93522 Carroll Center\nEbbastad, IN 58650-6338', '{"lat": 30.587782, "lng": 31.834351}', '2025-11-25 12:46:22', '2025-11-25 12:46:22', NULL, 543),
	(206, 51, '472 Terry Vista Suite 822\nSouth Violamouth, CO 06317', '{"lat": 30.222534, "lng": 31.355069}', '2025-11-25 12:46:22', '2025-11-25 12:46:22', 543, 544),
	(207, 51, '9048 Shaylee Knoll\nPort Doug, PA 09079-0014', '{"lat": 30.268783, "lng": 31.614954}', '2025-11-25 12:46:22', '2025-11-25 12:46:22', 544, 545),
	(208, 51, '154 Aniya Locks\nMandyton, LA 62662', '{"lat": 31.285878, "lng": 32.470608}', '2025-11-25 12:46:22', '2025-11-25 12:46:22', NULL, NULL),
	(209, 52, '70220 Muller Branch\nMarvinburgh, MA 36907', '{"lat": 31.376964, "lng": 32.348739}', '2025-11-25 12:46:22', '2025-11-25 12:46:22', NULL, NULL),
	(210, 53, '3299 Luz Squares\nHellerburgh, GA 74995', '{"lat": 31.441168, "lng": 31.375623}', '2025-11-25 12:46:22', '2025-11-25 12:46:22', NULL, NULL),
	(211, 53, '93463 Hayes Hills Apt. 796\nNorth Chyna, AZ 23398', '{"lat": 30.892634, "lng": 31.225953}', '2025-11-25 12:46:22', '2025-11-25 12:46:22', NULL, NULL),
	(212, 54, '7150 Lynch Parkways Apt. 752\nPort Mozelle, PA 26554-2214', '{"lat": 30.89068, "lng": 29.651088}', '2025-11-25 12:46:22', '2025-11-25 12:46:22', 549, NULL),
	(213, 54, '70577 Ericka Parks\nEast Karli, TN 30837', '{"lat": 30.969951, "lng": 29.747241}', '2025-11-25 12:46:22', '2025-11-25 12:46:22', NULL, NULL),
	(214, 55, '5923 Edmund Inlet\nCaspermouth, MN 99542', '{"lat": 31.336934, "lng": 32.715746}', '2025-11-25 12:46:22', '2025-11-25 12:46:22', NULL, NULL),
	(215, 56, '861 Rebekah Motorway Apt. 763\nNorth Nadiaside, VT 95683', '{"lat": 30.067049, "lng": 31.769475}', '2025-11-25 12:46:22', '2025-11-25 12:46:22', NULL, NULL),
	(216, 56, '51261 Estefania Groves Apt. 016\nWest Ivoryshire, WI 07868-1752', '{"lat": 31.265919, "lng": 30.006527}', '2025-11-25 12:46:22', '2025-11-25 12:46:22', 553, 554),
	(217, 57, '6175 Schumm Junction\nLehnerbury, MN 02660', '{"lat": 30.789648, "lng": 31.921732}', '2025-11-25 12:46:22', '2025-11-25 12:46:22', NULL, NULL),
	(218, 57, '13462 Jasmin Skyway\nGoodwinbury, OH 37794-5338', '{"lat": 30.99355, "lng": 32.878856}', '2025-11-25 12:46:22', '2025-11-25 12:46:22', NULL, NULL),
	(219, 58, '2949 Schuster Squares\nEast Eunice, NJ 33596-1780', '{"lat": 31.486054, "lng": 32.619518}', '2025-11-25 12:46:22', '2025-11-25 12:46:22', NULL, 557),
	(220, 58, '3660 Muller Turnpike\nVincenzashire, CA 23310', '{"lat": 30.825243, "lng": 29.770654}', '2025-11-25 12:46:22', '2025-11-25 12:46:22', NULL, 558),
	(221, 58, '7372 Kuhlman Lodge Apt. 535\nPort Brandyn, CO 44846', '{"lat": 30.344213, "lng": 31.516182}', '2025-11-25 12:46:22', '2025-11-25 12:46:22', NULL, NULL),
	(222, 59, '573 Haleigh Forge Apt. 017\nNorth Waldoside, MO 63781-7852', '{"lat": 30.611934, "lng": 31.389348}', '2025-11-25 12:46:22', '2025-11-25 12:46:22', NULL, NULL),
	(223, 59, '222 Grayce Tunnel\nChristyfort, HI 70002-8021', '{"lat": 30.336493, "lng": 29.109559}', '2025-11-25 12:46:22', '2025-11-25 12:46:22', 560, NULL),
	(224, 60, '49290 Veum Hill\nSouth Wadebury, WA 01323-1936', '{"lat": 30.080015, "lng": 31.524068}', '2025-11-25 12:46:22', '2025-11-25 12:46:22', NULL, NULL),
	(225, 61, '90734 Gleason Crescent\nNorth Rosalia, DC 11864', '{"lat": 30.364894, "lng": 32.408929}', '2025-11-25 12:46:23', '2025-11-25 12:46:23', NULL, NULL),
	(226, 61, '5888 Chris Stream Suite 630\nLaceytown, MD 87582-0935', '{"lat": 30.642161, "lng": 31.407711}', '2025-11-25 12:46:23', '2025-11-25 12:46:23', NULL, NULL),
	(227, 62, '967 Reichel Manor Apt. 417\nBusterview, OH 71192-5370', '{"lat": 31.493437, "lng": 31.632711}', '2025-11-25 12:46:23', '2025-11-25 12:46:23', NULL, NULL),
	(228, 63, '914 Tremayne Throughway\nSouth Laurenhaven, HI 64682-8879', '{"lat": 30.560305, "lng": 32.840467}', '2025-11-25 12:46:23', '2025-11-25 12:46:23', 565, NULL),
	(229, 64, '70038 Colin Place Apt. 275\nLake Jacktown, MD 18966', '{"lat": 30.524607, "lng": 32.238527}', '2025-11-25 12:46:23', '2025-11-25 12:46:23', NULL, NULL),
	(230, 65, '690 Schuster Trail\nCristtown, AK 18020-3911', '{"lat": 30.767151, "lng": 29.079708}', '2025-11-25 12:46:23', '2025-11-25 12:46:23', NULL, NULL),
	(231, 65, '269 Reilly Wells\nThorachester, RI 99224-5346', '{"lat": 31.414182, "lng": 30.390928}', '2025-11-25 12:46:23', '2025-11-25 12:46:23', NULL, 569),
	(232, 66, '981 Susie Fall\nNew Anthonymouth, MS 24356-8580', '{"lat": 31.007193, "lng": 30.616854}', '2025-11-25 12:46:23', '2025-11-25 12:46:23', NULL, 570),
	(233, 66, '885 Elinore Street Apt. 175\nDaughertyburgh, WI 79021', '{"lat": 30.649403, "lng": 32.929114}', '2025-11-25 12:46:23', '2025-11-25 12:46:23', 570, NULL),
	(234, 66, '43175 Bashirian Plain\nLake Angelica, DE 53904-8648', '{"lat": 30.957724, "lng": 30.3977}', '2025-11-25 12:46:23', '2025-11-25 12:46:23', 571, 572),
	(235, 67, '514 Fred Prairie\nLake Jamison, RI 87952-9191', '{"lat": 30.733429, "lng": 29.578748}', '2025-11-25 12:46:23', '2025-11-25 12:46:23', NULL, NULL),
	(236, 67, '561 April Lakes\nNorth Concepcion, AL 85611-4495', '{"lat": 30.413832, "lng": 31.047557}', '2025-11-25 12:46:23', '2025-11-25 12:46:23', 573, 574),
	(237, 67, '38152 Vandervort Vista Suite 858\nLake Santiagomouth, NY 01665', '{"lat": 30.355688, "lng": 32.518908}', '2025-11-25 12:46:23', '2025-11-25 12:46:23', NULL, 575),
	(238, 68, '50943 Crooks Glens\nRheaton, CA 39186-7196', '{"lat": 31.142197, "lng": 32.625232}', '2025-11-25 12:46:23', '2025-11-25 12:46:23', NULL, NULL),
	(239, 68, '95695 Pouros Springs\nRasheedmouth, WV 15722', '{"lat": 31.110354, "lng": 32.33438}', '2025-11-25 12:46:23', '2025-11-25 12:46:23', NULL, NULL),
	(240, 68, '73239 Cornell Stravenue Suite 795\nWest Alvertaton, NV 90711-3694', '{"lat": 31.369271, "lng": 30.417558}', '2025-11-25 12:46:23', '2025-11-25 12:46:23', 577, NULL),
	(241, 69, '3946 Johnson Branch\nRunolfssonstad, IA 60673-2737', '{"lat": 31.281343, "lng": 32.092229}', '2025-11-25 12:46:23', '2025-11-25 12:46:23', NULL, NULL),
	(242, 70, '8493 Hartmann Mountain\nNorth Horacioton, HI 69402-9476', '{"lat": 31.493094, "lng": 29.842194}', '2025-11-25 12:46:23', '2025-11-25 12:46:23', 579, 580),
	(243, 71, '1787 Warren Ports Suite 208\nWest Markusland, UT 17168-2521', '{"lat": 30.140346, "lng": 32.823136}', '2025-11-25 12:46:23', '2025-11-25 12:46:23', 580, 581),
	(244, 71, '684 Emmalee Forks\nNorth Sydney, AL 82469-2381', '{"lat": 30.847465, "lng": 32.254078}', '2025-11-25 12:46:23', '2025-11-25 12:46:23', 581, NULL),
	(245, 71, '30468 Lottie Land Suite 013\nWest Jeromefort, VT 79032', '{"lat": 30.368068, "lng": 30.660344}', '2025-11-25 12:46:23', '2025-11-25 12:46:23', NULL, NULL),
	(246, 72, '5334 Baumbach Row\nPort Hyman, WI 35067-4792', '{"lat": 30.61529, "lng": 32.136628}', '2025-11-25 12:46:23', '2025-11-25 12:46:23', NULL, 584),
	(247, 73, '6412 Willms Trail Suite 693\nSantinostad, AL 55719-3158', '{"lat": 31.241823, "lng": 30.865646}', '2025-11-25 12:46:23', '2025-11-25 12:46:23', 584, 585),
	(248, 74, '23971 Marquardt Roads\nErikborough, IN 06721', '{"lat": 31.360881, "lng": 30.891823}', '2025-11-25 12:46:23', '2025-11-25 12:46:23', NULL, NULL),
	(249, 74, '51045 Cade Shore\nRippinhaven, ME 85616', '{"lat": 31.329237, "lng": 31.433885}', '2025-11-25 12:46:23', '2025-11-25 12:46:23', NULL, NULL),
	(250, 75, '5250 Rodriguez Crescent\nSouth Makenna, CO 39342-0782', '{"lat": 31.165339, "lng": 29.673148}', '2025-11-25 12:46:23', '2025-11-25 12:46:23', NULL, NULL),
	(251, 75, '418 Elmer Club\nCassinton, MA 10902-1191', '{"lat": 30.481088, "lng": 29.693161}', '2025-11-25 12:46:23', '2025-11-25 12:46:23', NULL, NULL),
	(252, 76, '2998 Rosanna Forge\nNew Justynfurt, TX 47257', '{"lat": 30.445944, "lng": 29.175489}', '2025-11-25 12:46:23', '2025-11-25 12:46:23', NULL, 590),
	(253, 76, '402 Corwin Fall\nPort Roscoe, MS 05868-4496', '{"lat": 30.337361, "lng": 30.818336}', '2025-11-25 12:46:23', '2025-11-25 12:46:23', 590, 591),
	(254, 77, '2849 Hegmann Plaza\nAugustaview, NV 97898-8103', '{"lat": 30.792893, "lng": 29.315574}', '2025-11-25 12:46:23', '2025-11-25 12:46:23', NULL, NULL),
	(255, 77, '3468 Kris Expressway Suite 711\nWest Angel, MI 83901-4627', '{"lat": 30.394159, "lng": 30.259688}', '2025-11-25 12:46:23', '2025-11-25 12:46:23', 592, NULL),
	(256, 78, '36565 Boyer Tunnel Apt. 984\nMajorhaven, NH 28677-1685', '{"lat": 31.174137, "lng": 32.397852}', '2025-11-25 12:46:23', '2025-11-25 12:46:23', NULL, NULL),
	(257, 79, '6671 Steve Run\nRoobberg, NE 56744-1392', '{"lat": 31.030794, "lng": 31.418631}', '2025-11-25 12:46:23', '2025-11-25 12:46:23', 594, NULL),
	(258, 80, '976 Sporer Circles\nMaryamtown, CA 83280-7903', '{"lat": 30.844341, "lng": 29.444971}', '2025-11-25 12:46:23', '2025-11-25 12:46:23', NULL, NULL),
	(259, 80, '49982 Christy Estate\nKatelinhaven, PA 81041', '{"lat": 30.846177, "lng": 29.996486}', '2025-11-25 12:46:23', '2025-11-25 12:46:23', NULL, NULL),
	(260, 80, '9615 Kariane Rapid\nZacheryview, CO 25480-2222', '{"lat": 30.96398, "lng": 29.262714}', '2025-11-25 12:46:23', '2025-11-25 12:46:23', NULL, NULL),
	(261, 81, '5479 Ryley Ridges\nNew Mafalda, GA 06767-7424', '{"lat": 31.306579, "lng": 31.418247}', '2025-11-25 12:46:23', '2025-11-25 12:46:23', 598, 599),
	(262, 81, '61753 Considine Motorway Apt. 044\nWest Grace, WY 56658-0854', '{"lat": 31.328719, "lng": 30.84829}', '2025-11-25 12:46:23', '2025-11-25 12:46:23', NULL, 600),
	(263, 81, '9508 Cory Trail Suite 912\nEast Willville, PA 58822-2116', '{"lat": 30.180097, "lng": 30.062313}', '2025-11-25 12:46:23', '2025-11-25 12:46:23', NULL, NULL),
	(264, 82, '7089 Leatha Greens\nEast Idellfort, WV 66648', '{"lat": 31.144747, "lng": 30.349983}', '2025-11-25 12:46:23', '2025-11-25 12:46:23', NULL, NULL),
	(265, 83, '783 Gottlieb Stream\nNedrabury, WY 56366', '{"lat": 30.158558, "lng": 30.368567}', '2025-11-25 12:46:23', '2025-11-25 12:46:23', NULL, 603),
	(266, 83, '221 Hills Spurs Suite 527\nTreutelberg, ND 81110-9168', '{"lat": 30.531868, "lng": 32.018973}', '2025-11-25 12:46:23', '2025-11-25 12:46:23', NULL, 604),
	(267, 83, '8551 Roscoe Mall Apt. 476\nRomastad, MN 92185-3299', '{"lat": 30.158325, "lng": 30.384727}', '2025-11-25 12:46:23', '2025-11-25 12:46:23', NULL, 605),
	(268, 84, '682 Gusikowski Loaf Apt. 043\nAdeleburgh, NM 55532', '{"lat": 30.728218, "lng": 29.936311}', '2025-11-25 12:46:23', '2025-11-25 12:46:23', NULL, NULL),
	(269, 84, '23571 Ian Rest Suite 395\nAlvamouth, IN 06562', '{"lat": 30.534963, "lng": 30.224076}', '2025-11-25 12:46:23', '2025-11-25 12:46:23', NULL, 607),
	(270, 84, '5784 Runolfsson Stravenue\nLittelborough, WA 75090-6993', '{"lat": 30.649351, "lng": 32.782304}', '2025-11-25 12:46:23', '2025-11-25 12:46:23', NULL, NULL),
	(271, 85, '275 Mertz Falls\nNew Sydni, AR 39002', '{"lat": 30.302175, "lng": 32.81657}', '2025-11-25 12:46:23', '2025-11-25 12:46:23', NULL, NULL),
	(272, 85, '20929 Adonis Mission\nSydnimouth, TN 28736-3255', '{"lat": 31.241704, "lng": 32.879799}', '2025-11-25 12:46:23', '2025-11-25 12:46:23', NULL, NULL),
	(273, 85, '79613 Bell Expressway\nSouth Vita, OR 25574-0800', '{"lat": 30.422408, "lng": 29.736313}', '2025-11-25 12:46:23', '2025-11-25 12:46:23', NULL, NULL),
	(274, 86, '39908 Hessel Union\nNew Jamisontown, FL 54623-7416', '{"lat": 31.210429, "lng": 30.328578}', '2025-11-25 12:46:23', '2025-11-25 12:46:23', 611, NULL),
	(275, 86, '253 Vivianne Rapids Suite 477\nNew Immanuel, NJ 04454-0893', '{"lat": 31.390178, "lng": 32.197411}', '2025-11-25 12:46:23', '2025-11-25 12:46:23', 612, NULL),
	(276, 86, '6652 Moen Landing Suite 393\nLake Maddisonfurt, NC 30138', '{"lat": 30.827353, "lng": 29.392406}', '2025-11-25 12:46:23', '2025-11-25 12:46:23', NULL, 614),
	(277, 87, '5319 Roob Keys Apt. 949\nLake Emieside, MD 82340', '{"lat": 30.319754, "lng": 32.52178}', '2025-11-25 12:46:23', '2025-11-25 12:46:23', NULL, NULL),
	(278, 87, '393 Pacocha Center Apt. 992\nHellerton, PA 59069', '{"lat": 31.340532, "lng": 30.511952}', '2025-11-25 12:46:23', '2025-11-25 12:46:23', 615, NULL),
	(279, 88, '68996 Mitchell Forge Apt. 669\nToyhaven, TX 53856-6938', '{"lat": 30.417007, "lng": 31.347891}', '2025-11-25 12:46:23', '2025-11-25 12:46:23', NULL, NULL),
	(280, 89, '389 Glover Plains Apt. 524\nPort Sabryna, SC 09234', '{"lat": 30.662224, "lng": 32.418227}', '2025-11-25 12:46:23', '2025-11-25 12:46:23', NULL, NULL),
	(281, 89, '9188 Amaya Station\nKendallview, MA 48259', '{"lat": 30.162285, "lng": 30.910757}', '2025-11-25 12:46:23', '2025-11-25 12:46:23', NULL, 619),
	(282, 89, '6472 Eriberto Ports\nDonaldstad, MA 09326-5583', '{"lat": 30.671137, "lng": 29.579138}', '2025-11-25 12:46:23', '2025-11-25 12:46:23', NULL, NULL),
	(283, 90, '39094 Lebsack Crossing Suite 923\nLizziestad, OH 07989', '{"lat": 30.983391, "lng": 29.94613}', '2025-11-25 12:46:24', '2025-11-25 12:46:24', NULL, 621),
	(284, 90, '838 Ankunding Port\nPort Tyrellmouth, MA 72868-7384', '{"lat": 30.687254, "lng": 30.703206}', '2025-11-25 12:46:24', '2025-11-25 12:46:24', NULL, NULL),
	(285, 90, '76282 O\'Kon Mills\nNorth Darrin, OR 51602', '{"lat": 30.280661, "lng": 32.957945}', '2025-11-25 12:46:24', '2025-11-25 12:46:24', NULL, NULL),
	(286, 91, '392 Felicita Bypass\nLake Rubie, ND 63837-6333', '{"lat": 31.026912, "lng": 29.06562}', '2025-11-25 12:46:24', '2025-11-25 12:46:24', NULL, 624),
	(287, 91, '85464 Schroeder Extension\nHeberstad, DE 11849', '{"lat": 30.263628, "lng": 32.522106}', '2025-11-25 12:46:24', '2025-11-25 12:46:24', NULL, NULL),
	(288, 92, '744 Tito Fork\nMuellermouth, NY 66809', '{"lat": 30.034273, "lng": 30.445392}', '2025-11-25 12:46:24', '2025-11-25 12:46:24', NULL, 626),
	(289, 93, '25557 Princess Mountains Apt. 029\nLake Margarette, MI 12205-5184', '{"lat": 31.34817, "lng": 32.235533}', '2025-11-25 12:46:24', '2025-11-25 12:46:24', NULL, NULL),
	(290, 94, '8391 Misael Inlet Suite 473\nNorth Raul, NH 45016', '{"lat": 30.452728, "lng": 30.843499}', '2025-11-25 12:46:24', '2025-11-25 12:46:24', 627, NULL),
	(291, 95, '51101 Cade Hill\nNorth London, IL 62830', '{"lat": 30.986565, "lng": 29.063724}', '2025-11-25 12:46:24', '2025-11-25 12:46:24', NULL, 629),
	(292, 96, '52904 Friedrich Ferry Apt. 763\nNew Annette, MS 65254', '{"lat": 31.442299, "lng": 29.236316}', '2025-11-25 12:46:24', '2025-11-25 12:46:24', 629, NULL),
	(293, 97, '5575 Alek Prairie\nNew Berniecebury, NV 58306', '{"lat": 31.249609, "lng": 30.663167}', '2025-11-25 12:46:24', '2025-11-25 12:46:24', 630, NULL),
	(294, 98, '8443 Grady Court Apt. 550\nZiemannborough, NC 04986', '{"lat": 30.547962, "lng": 29.617252}', '2025-11-25 12:46:24', '2025-11-25 12:46:24', NULL, 632),
	(295, 99, '187 Chauncey Avenue\nReichertfurt, TX 50004', '{"lat": 30.372267, "lng": 32.190278}', '2025-11-25 12:46:24', '2025-11-25 12:46:24', NULL, NULL),
	(296, 100, '23615 Vallie Squares\nEast Emoryhaven, WA 40019', '{"lat": 30.969498, "lng": 29.555203}', '2025-11-25 12:46:24', '2025-11-25 12:46:24', NULL, NULL),
	(297, 101, '595 Lon Views\nNorth Jayde, VT 96402-6580', '{"lat": 30.120248, "lng": 31.871012}', '2025-11-25 12:46:24', '2025-11-25 12:46:24', NULL, 635),
	(298, 102, '167 Tristin Knolls\nLake Orrin, NY 99070-2723', '{"lat": 31.124102, "lng": 29.475096}', '2025-11-25 12:46:24', '2025-11-25 12:46:24', 635, NULL),
	(299, 102, '177 Hane Grove Apt. 459\nJeraldshire, OR 36096-4059', '{"lat": 31.11733, "lng": 30.044447}', '2025-11-25 12:46:24', '2025-11-25 12:46:24', NULL, 637),
	(300, 102, '19669 Jast Plaza\nJessyberg, SD 52856-6318', '{"lat": 30.272707, "lng": 30.037741}', '2025-11-25 12:46:24', '2025-11-25 12:46:24', NULL, NULL),
	(301, 106, 'قليوب البلد', '{"lat": 30.06614706757566, "lng": 31.170982208012372}', '2025-11-27 07:37:03', '2025-11-27 07:37:03', 1, 30),
	(303, 15, 'address', NULL, '2025-11-29 17:28:00', '2025-11-29 17:28:00', 431, 514),
	(304, 15, '11 شارع الشيخ حسن جلجل قليوب البلد', NULL, '2025-11-29 17:34:43', '2025-11-29 17:34:43', 1, 2),
	(306, 15, 'home7', NULL, '2025-12-05 22:18:28', '2025-12-05 22:18:28', 1, 1);

-- Dumping structure for table rosheta.client_requests
CREATE TABLE IF NOT EXISTS `client_requests` (
  `id` bigint unsigned NOT NULL AUTO_INCREMENT,
  `client_id` bigint unsigned NOT NULL,
  `client_address_id` bigint unsigned DEFAULT NULL,
  `pregnant` tinyint(1) NOT NULL DEFAULT '0',
  `diabetic` tinyint(1) NOT NULL DEFAULT '0',
  `heart_patient` tinyint(1) NOT NULL DEFAULT '0',
  `high_blood_pressure` tinyint(1) NOT NULL DEFAULT '0',
  `note` text COLLATE utf8mb4_unicode_ci,
  `status` varchar(255) COLLATE utf8mb4_unicode_ci NOT NULL DEFAULT 'pending',
  `type` varchar(255) COLLATE utf8mb4_unicode_ci DEFAULT NULL,
  `images` json DEFAULT NULL,
  `created_at` timestamp NULL DEFAULT NULL,
  `updated_at` timestamp NULL DEFAULT NULL,
  PRIMARY KEY (`id`),
  KEY `client_requests_client_id_foreign` (`client_id`),
  KEY `client_requests_client_address_id_foreign` (`client_address_id`),
  KEY `client_requests_type_index` (`type`),
  CONSTRAINT `client_requests_client_address_id_foreign` FOREIGN KEY (`client_address_id`) REFERENCES `client_addresses` (`id`) ON DELETE RESTRICT,
  CONSTRAINT `client_requests_client_id_foreign` FOREIGN KEY (`client_id`) REFERENCES `clients` (`id`) ON DELETE CASCADE
) ENGINE=InnoDB AUTO_INCREMENT=108 DEFAULT CHARSET=utf8mb4 COLLATE=utf8mb4_unicode_ci;

-- Dumping data for table rosheta.client_requests: ~102 rows (approximately)
INSERT INTO `client_requests` (`id`, `client_id`, `client_address_id`, `pregnant`, `diabetic`, `heart_patient`, `high_blood_pressure`, `note`, `status`, `type`, `images`, `created_at`, `updated_at`) VALUES
	(1, 29, 73, 0, 0, 0, 0, NULL, 'approved', NULL, '["image1.jpg", "image3.jpg"]', '2025-11-21 16:30:30', '2025-11-21 16:30:30'),
	(2, 8, 79, 0, 0, 0, 1, NULL, 'approved', NULL, '["image2.jpg", "image1.jpg", "image3.jpg"]', '2025-11-21 16:30:30', '2025-11-21 16:30:30'),
	(3, 5, 8, 0, 0, 0, 0, NULL, 'rejected', NULL, '[]', '2025-11-21 16:30:30', '2025-11-21 16:30:30'),
	(4, 35, 30, 0, 0, 0, 0, 'Et quia nesciunt magnam excepturi voluptatem voluptates quis. Quod sint laborum porro reprehenderit debitis voluptatem. Debitis molestiae et dolores et labore fugiat. Natus sit aliquam a magnam.', 'approved', NULL, 'null', '2025-11-21 16:30:30', '2025-11-21 16:30:30'),
	(5, 12, 94, 0, 0, 0, 0, 'Cupiditate quibusdam enim consectetur et reiciendis cum sint. Adipisci libero rem deserunt.', 'pending', NULL, 'null', '2025-11-21 16:30:30', '2025-11-21 16:30:30'),
	(6, 32, 73, 0, 1, 0, 1, NULL, 'approved', NULL, 'null', '2025-11-21 16:30:30', '2025-11-21 16:30:30'),
	(7, 8, 3, 0, 0, 0, 0, 'Qui debitis dolorem qui animi quaerat quos a. Sequi voluptatem eligendi doloremque autem dolorum. Consequatur quia harum laboriosam quia voluptatem.', 'approved', NULL, '["image1.jpg", "image3.jpg"]', '2025-11-21 16:30:30', '2025-11-21 16:30:30'),
	(8, 30, 26, 0, 0, 0, 0, NULL, 'pending', NULL, '["image3.jpg", "image2.jpg"]', '2025-11-21 16:30:30', '2025-11-21 16:30:30'),
	(9, 12, 12, 0, 0, 0, 0, NULL, 'rejected', NULL, '["image1.jpg", "image3.jpg"]', '2025-11-21 16:30:30', '2025-11-21 16:30:30'),
	(10, 43, 10, 0, 0, 0, 0, 'Sapiente non dolor est et nulla aspernatur quis. Minus et quae laborum temporibus culpa. Laboriosam tempora pariatur alias doloribus dicta quia ducimus.', 'approved', NULL, 'null', '2025-11-21 16:30:30', '2025-11-21 16:30:30'),
	(11, 35, 10, 0, 0, 0, 0, NULL, 'rejected', NULL, '[]', '2025-11-21 16:30:30', '2025-11-21 16:30:30'),
	(12, 18, 79, 0, 1, 0, 1, NULL, 'approved', NULL, '["image2.jpg", "image3.jpg"]', '2025-11-21 16:30:30', '2025-11-21 16:30:30'),
	(13, 48, 40, 0, 1, 0, 0, NULL, 'pending', NULL, '["image1.jpg", "image3.jpg", "image2.jpg"]', '2025-11-21 16:30:30', '2025-11-21 16:30:30'),
	(14, 35, 3, 0, 0, 0, 0, NULL, 'approved', NULL, 'null', '2025-11-21 16:30:30', '2025-11-21 16:30:30'),
	(15, 15, 49, 0, 0, 0, 0, NULL, 'rejected', NULL, 'null', '2025-11-21 16:30:30', '2025-11-21 16:30:30'),
	(16, 3, 66, 0, 0, 0, 0, NULL, 'rejected', NULL, '["image3.jpg", "image1.jpg", "image2.jpg"]', '2025-11-21 16:30:30', '2025-11-21 16:30:30'),
	(17, 48, 86, 0, 0, 0, 1, NULL, 'rejected', NULL, '["image3.jpg"]', '2025-11-21 16:30:30', '2025-11-21 16:30:30'),
	(18, 9, 64, 0, 0, 0, 0, NULL, 'approved', NULL, 'null', '2025-11-21 16:30:30', '2025-11-21 16:30:30'),
	(19, 41, 56, 0, 1, 0, 0, NULL, 'approved', NULL, 'null', '2025-11-21 16:30:30', '2025-11-21 16:30:30'),
	(20, 30, 40, 0, 1, 0, 0, 'Consequatur harum nulla non libero non quam. Maxime sapiente occaecati veniam aut. Itaque et aut animi impedit consequatur et totam excepturi. Asperiores fugiat voluptates aut dolor ut atque expedita.', 'pending', NULL, 'null', '2025-11-21 16:30:30', '2025-11-21 16:30:30'),
	(21, 3, 54, 0, 0, 0, 0, 'Impedit dolores vel ea ab dolorem. Ratione rerum aut error soluta iste. Blanditiis ipsam odit rerum quos fugiat. Praesentium dolores ipsa fuga quos assumenda quaerat sunt dolores.', 'approved', NULL, '[]', '2025-11-21 16:30:30', '2025-11-21 16:30:30'),
	(22, 20, 89, 0, 1, 0, 0, 'Voluptate id expedita officiis debitis. Animi officiis consequatur qui corrupti fugit ratione. Est minima vitae doloribus quo non ex. Tempora aut non at nesciunt consequuntur ad omnis. Ex quas in quam.', 'approved', NULL, 'null', '2025-11-21 16:30:30', '2025-11-21 16:30:30'),
	(23, 6, 69, 0, 0, 0, 0, 'Nemo eveniet nihil temporibus. Qui et in rerum quaerat voluptas distinctio exercitationem.', 'approved', NULL, '["image3.jpg", "image2.jpg"]', '2025-11-21 16:30:30', '2025-11-21 16:30:30'),
	(24, 37, 7, 0, 0, 0, 0, 'Ut similique neque cum sint unde autem distinctio. Explicabo tenetur aut ea quos iusto. Unde rerum consectetur reprehenderit et pariatur alias autem.', 'approved', NULL, '["image3.jpg"]', '2025-11-21 16:30:30', '2025-11-21 16:30:30'),
	(25, 31, 67, 0, 0, 0, 0, NULL, 'pending', NULL, '["image1.jpg"]', '2025-11-21 16:30:30', '2025-11-21 16:30:30'),
	(26, 39, 61, 0, 0, 0, 0, NULL, 'rejected', NULL, '["image2.jpg", "image3.jpg", "image1.jpg"]', '2025-11-21 16:30:30', '2025-11-21 16:30:30'),
	(27, 44, 93, 0, 0, 0, 0, NULL, 'rejected', NULL, 'null', '2025-11-21 16:30:30', '2025-11-21 16:30:30'),
	(28, 36, 11, 0, 0, 0, 0, 'Laborum consectetur aspernatur similique tempore. Officia et eveniet voluptatem nulla nisi. Error et sed molestiae a.', 'rejected', NULL, 'null', '2025-11-21 16:30:30', '2025-11-21 16:30:30'),
	(29, 9, 86, 0, 1, 1, 1, NULL, 'pending', NULL, '["image3.jpg", "image1.jpg", "image2.jpg"]', '2025-11-21 16:30:30', '2025-11-21 16:30:30'),
	(30, 36, 2, 0, 0, 0, 0, NULL, 'rejected', NULL, 'null', '2025-11-21 16:30:30', '2025-11-21 16:30:30'),
	(31, 24, 37, 0, 0, 1, 1, 'Asperiores qui sunt pariatur assumenda tempora. Quam dolore nesciunt quidem voluptatibus culpa esse voluptatem. Officia voluptas eveniet et sed. Recusandae sapiente et quia laborum accusantium soluta.', 'rejected', NULL, 'null', '2025-11-21 16:30:30', '2025-11-21 16:30:30'),
	(32, 40, 100, 0, 0, 0, 1, 'Laboriosam eos beatae vitae et doloribus. Quasi non voluptatem cum aut placeat. Itaque officia vel ut. Tempora quaerat sed incidunt quidem.', 'rejected', NULL, 'null', '2025-11-21 16:30:30', '2025-11-21 16:30:30'),
	(33, 47, 102, 0, 0, 0, 0, 'Voluptas debitis rerum iste rerum quidem corrupti consequatur. Amet laudantium eum voluptatem deleniti aut consequatur. Aliquam voluptas eveniet optio. Eum dignissimos ex necessitatibus omnis et.', 'pending', NULL, '["image1.jpg", "image3.jpg", "image2.jpg"]', '2025-11-21 16:30:30', '2025-11-21 16:30:30'),
	(34, 32, 63, 0, 0, 0, 1, NULL, 'rejected', NULL, '["image3.jpg", "image1.jpg", "image2.jpg"]', '2025-11-21 16:30:30', '2025-11-21 16:30:30'),
	(35, 46, 89, 0, 0, 0, 0, NULL, 'rejected', NULL, '[]', '2025-11-21 16:30:30', '2025-11-21 16:30:30'),
	(36, 45, 101, 0, 0, 0, 0, NULL, 'approved', NULL, '["image3.jpg", "image2.jpg"]', '2025-11-21 16:30:30', '2025-11-21 16:30:30'),
	(37, 28, 96, 0, 0, 0, 0, 'Tempora reiciendis sunt dignissimos maxime. Est ut aperiam et voluptas voluptatum officia libero. Animi possimus exercitationem inventore laudantium pariatur sunt.', 'pending', NULL, '["image1.jpg", "image3.jpg", "image2.jpg"]', '2025-11-21 16:30:30', '2025-11-21 16:30:30'),
	(38, 3, 99, 0, 0, 0, 1, 'Laboriosam fugit itaque quae consectetur. Consequatur quis tempora aliquid et expedita rem. Quia provident exercitationem iure.', 'pending', NULL, 'null', '2025-11-21 16:30:30', '2025-11-21 16:30:30'),
	(39, 47, 78, 0, 0, 1, 0, 'Et voluptatibus voluptatibus omnis vero sunt nemo eius cumque. Sint dolore omnis unde nisi architecto deleniti aut. Ipsa autem laboriosam eum.', 'rejected', NULL, '["image1.jpg", "image3.jpg", "image2.jpg"]', '2025-11-21 16:30:30', '2025-11-21 16:30:30'),
	(40, 5, 7, 0, 1, 0, 0, 'Voluptates illo assumenda ea facere. Perferendis tenetur repellat ut iste. Rerum autem sed nobis quasi nam quod exercitationem.', 'approved', NULL, 'null', '2025-11-21 16:30:30', '2025-11-21 16:30:30'),
	(41, 15, 26, 0, 1, 0, 0, 'Need urgent delivery. Please call before delivery.', 'pending', NULL, '["prescription1.jpg", "prescription2.jpg"]', '2025-11-21 17:50:37', '2025-11-21 17:50:37'),
	(42, 15, 26, 0, 1, 0, 0, 'Need urgent delivery. Please call before delivery.', 'pending', NULL, '[]', '2025-11-21 18:02:47', '2025-11-21 18:02:47'),
	(43, 15, 26, 0, 1, 0, 0, 'Need urgent delivery. Please call before delivery.', 'pending', NULL, '[]', '2025-11-21 18:19:18', '2025-11-21 18:19:18'),
	(44, 15, 26, 1, 1, 1, 1, 'test 1010', 'pending', NULL, '["temp-1763756557-6920ca0d0332e.jpg", "temp-1763756557-6920ca0d0491e.jpg"]', '2025-11-21 18:22:37', '2025-11-21 18:22:37'),
	(45, 15, 26, 0, 1, 0, 0, 'Need urgent delivery. Please call before delivery.', 'pending', NULL, '["IMG-20250215-WA0027.jpg", "٢٠٢٥-٠٥-١١ ١٦-١٥-٢٠اللواء 102_12.jpg"]', '2025-11-21 18:33:17', '2025-11-21 18:33:17'),
	(46, 15, 26, 1, 0, 1, 0, 'eeerewreeweewr', 'pending', NULL, '[]', '2025-11-24 20:14:54', '2025-11-24 20:14:54'),
	(47, 15, 26, 0, 1, 0, 0, 'نوت من الموبيل app', 'pending', NULL, '[]', '2025-11-24 20:22:38', '2025-11-24 20:22:38'),
	(48, 23, 118, 0, 0, 0, 0, 'Impedit nobis nemo deleniti eligendi. Eaque quia quasi et officia impedit eligendi. Aut rerum iste cum atque. Dolor eaque facere labore est non ut aut.', 'pending', NULL, 'null', '2025-11-25 12:46:24', '2025-11-25 12:46:24'),
	(49, 74, 149, 0, 0, 0, 1, NULL, 'approved', NULL, 'null', '2025-11-25 12:46:24', '2025-11-25 12:46:24'),
	(50, 21, 115, 1, 0, 0, 0, NULL, 'rejected', NULL, 'null', '2025-11-25 12:46:24', '2025-11-25 12:46:24'),
	(51, 88, 31, 0, 0, 0, 1, NULL, 'approved', NULL, '["image1.jpg"]', '2025-11-25 12:46:24', '2025-11-25 12:46:24'),
	(52, 97, 224, 0, 0, 0, 0, 'Maiores aspernatur provident non velit. Nulla aut voluptatem aliquam incidunt aut.', 'rejected', NULL, '["image1.jpg", "image3.jpg"]', '2025-11-25 12:46:24', '2025-11-25 12:46:24'),
	(53, 64, 71, 1, 1, 0, 0, NULL, 'pending', NULL, '["image2.jpg"]', '2025-11-25 12:46:24', '2025-11-25 12:46:24'),
	(54, 23, 112, 0, 0, 0, 0, 'Eligendi corporis fuga consequatur aut aliquid qui. Laborum distinctio ea omnis dolorem animi autem recusandae. Dignissimos quos harum blanditiis quidem provident. Assumenda fugit saepe dolore unde provident.', 'pending', NULL, 'null', '2025-11-25 12:46:24', '2025-11-25 12:46:24'),
	(55, 6, 254, 0, 0, 0, 0, 'Odit quaerat quis et ipsa sapiente enim. Modi et eum nam laboriosam est omnis dolore reiciendis.', 'approved', NULL, '["image2.jpg", "image3.jpg", "image1.jpg"]', '2025-11-25 12:46:24', '2025-11-25 12:46:24'),
	(56, 98, 244, 1, 1, 0, 0, 'Rem voluptatem ea est est. Laboriosam possimus distinctio neque fugiat laboriosam ab deleniti. Expedita itaque odio id provident necessitatibus.', 'rejected', NULL, '[]', '2025-11-25 12:46:24', '2025-11-25 12:46:24'),
	(57, 82, 37, 0, 0, 0, 0, NULL, 'rejected', NULL, '["image2.jpg", "image3.jpg"]', '2025-11-25 12:46:24', '2025-11-25 12:46:24'),
	(58, 84, 111, 0, 0, 0, 0, NULL, 'pending', NULL, '[]', '2025-11-25 12:46:24', '2025-11-25 12:46:24'),
	(59, 102, 136, 0, 0, 0, 0, 'Voluptas exercitationem magnam et eos sequi voluptas. Et vel rem exercitationem. Nesciunt maiores suscipit provident. Et sequi iste sint doloribus.', 'approved', NULL, '["image1.jpg"]', '2025-11-25 12:46:24', '2025-11-25 12:46:24'),
	(60, 89, 48, 0, 0, 0, 0, 'Esse consequatur voluptate corporis aliquam consequatur eum ipsam. Incidunt iusto quaerat et. Laboriosam a ad necessitatibus repellendus iusto quo voluptatem omnis.', 'approved', NULL, 'null', '2025-11-25 12:46:24', '2025-11-25 12:46:24'),
	(61, 91, 288, 0, 0, 0, 0, 'Qui consequatur animi asperiores minima facere non. Amet saepe dolorum quis architecto. Ipsum nulla facere et illum.', 'pending', NULL, '["image2.jpg", "image3.jpg"]', '2025-11-25 12:46:24', '2025-11-25 12:46:24'),
	(62, 53, 90, 0, 0, 0, 0, NULL, 'rejected', NULL, '["image3.jpg", "image1.jpg"]', '2025-11-25 12:46:24', '2025-11-25 12:46:24'),
	(63, 32, 158, 0, 1, 0, 1, NULL, 'rejected', NULL, '["image2.jpg"]', '2025-11-25 12:46:24', '2025-11-25 12:46:24'),
	(64, 21, 167, 0, 0, 0, 0, 'Et quibusdam molestias nam dicta qui laborum aut aperiam. Dolore omnis autem earum.', 'rejected', NULL, '["image1.jpg", "image3.jpg"]', '2025-11-25 12:46:24', '2025-11-25 12:46:24'),
	(65, 57, 92, 0, 0, 1, 1, NULL, 'pending', NULL, 'null', '2025-11-25 12:46:24', '2025-11-25 12:46:24'),
	(66, 86, 152, 0, 1, 0, 0, 'Temporibus enim ea doloribus modi voluptates. Qui qui quia culpa quod distinctio.', 'pending', NULL, 'null', '2025-11-25 12:46:24', '2025-11-25 12:46:24'),
	(67, 41, 228, 0, 1, 0, 0, NULL, 'pending', NULL, '[]', '2025-11-25 12:46:24', '2025-11-25 12:46:24'),
	(68, 29, 242, 0, 0, 1, 0, 'Aperiam rerum consequatur ut laudantium. Aut soluta et vel ducimus itaque.', 'rejected', NULL, '["image1.jpg"]', '2025-11-25 12:46:24', '2025-11-25 12:46:24'),
	(69, 98, 289, 0, 0, 0, 0, NULL, 'approved', NULL, '["image3.jpg", "image1.jpg", "image2.jpg"]', '2025-11-25 12:46:24', '2025-11-25 12:46:24'),
	(70, 2, 33, 0, 0, 0, 0, 'Et accusamus voluptatem vel non. Et fugit est ipsa similique.', 'approved', NULL, '["image1.jpg", "image3.jpg"]', '2025-11-25 12:46:24', '2025-11-25 12:46:24'),
	(71, 101, 285, 0, 0, 1, 0, NULL, 'rejected', NULL, '["image3.jpg", "image2.jpg"]', '2025-11-25 12:46:24', '2025-11-25 12:46:24'),
	(72, 54, 84, 0, 1, 0, 0, NULL, 'rejected', NULL, 'null', '2025-11-25 12:46:24', '2025-11-25 12:46:24'),
	(73, 31, 183, 0, 0, 0, 0, 'Est molestiae vero perspiciatis dignissimos. Veritatis quia blanditiis voluptate rerum cupiditate. Dolores facilis dolor beatae explicabo sapiente ratione et. Sint harum porro animi.', 'pending', NULL, 'null', '2025-11-25 12:46:24', '2025-11-25 12:46:24'),
	(74, 95, 166, 0, 0, 0, 0, 'Qui eum commodi amet. Et similique ratione iure nam minima. Nostrum quae laborum incidunt praesentium qui. Cupiditate necessitatibus officia fugit atque a.', 'approved', NULL, '["image3.jpg", "image2.jpg"]', '2025-11-25 12:46:24', '2025-11-25 12:46:24'),
	(75, 25, 146, 0, 0, 0, 0, 'Atque voluptatibus quis veritatis quia iusto non. Totam sunt nesciunt hic ullam. Sapiente qui aliquam earum. Nulla corporis possimus eveniet qui quia.', 'approved', NULL, '[]', '2025-11-25 12:46:24', '2025-11-25 12:46:24'),
	(76, 71, 77, 1, 0, 0, 0, NULL, 'pending', NULL, '["image1.jpg"]', '2025-11-25 12:46:24', '2025-11-25 12:46:24'),
	(77, 51, 47, 0, 1, 0, 0, NULL, 'rejected', NULL, 'null', '2025-11-25 12:46:24', '2025-11-25 12:46:24'),
	(78, 14, 38, 0, 0, 0, 0, NULL, 'rejected', NULL, 'null', '2025-11-25 12:46:24', '2025-11-25 12:46:24'),
	(79, 51, 120, 0, 0, 0, 0, 'In nemo cupiditate corporis reiciendis nihil iusto voluptatem. Suscipit ullam quaerat numquam. Perferendis tempore ab quidem qui illum alias. Sit harum reprehenderit enim ea nisi rem. Saepe tempora labore atque vel laboriosam.', 'pending', NULL, '["image3.jpg", "image2.jpg"]', '2025-11-25 12:46:24', '2025-11-25 12:46:24'),
	(80, 87, 226, 0, 0, 1, 1, 'Magnam occaecati sunt quia ipsum ipsam. Quo accusantium hic repellat aperiam non. Quibusdam numquam omnis ratione magni.', 'approved', NULL, '["image3.jpg", "image2.jpg"]', '2025-11-25 12:46:24', '2025-11-25 12:46:24'),
	(81, 97, 240, 0, 0, 0, 1, 'Enim consectetur sit asperiores animi sed. Rerum commodi officiis ut temporibus expedita dolores ea. Illum eaque ut minima ex odit et.', 'approved', NULL, '["image2.jpg"]', '2025-11-25 12:46:24', '2025-11-25 12:46:24'),
	(82, 7, 290, 0, 0, 0, 0, NULL, 'approved', NULL, 'null', '2025-11-25 12:46:24', '2025-11-25 12:46:24'),
	(83, 43, 214, 0, 0, 0, 0, 'Quia porro explicabo porro perferendis quibusdam sit dicta. Eaque est rerum quidem quaerat. Est non eligendi dicta. Fugit ullam odit iusto accusamus aut alias quia. Possimus cumque repellat eos aut fuga enim.', 'approved', 'test', '["image2.jpg", "image1.jpg"]', '2025-11-25 12:46:24', '2025-11-25 12:46:24'),
	(84, 78, 43, 0, 0, 0, 0, 'Ut nisi rerum porro pariatur enim id. Iure accusantium rem et cupiditate eum amet blanditiis. Dignissimos mollitia hic delectus laudantium temporibus aperiam aperiam corporis.', 'pending', NULL, 'null', '2025-11-25 12:46:24', '2025-11-25 12:46:24'),
	(85, 44, 18, 0, 0, 0, 0, 'Minus quod quis reprehenderit placeat voluptates sunt. Illo non in reprehenderit corrupti soluta quis. Fuga totam eos ea sed iste consequuntur quia.', 'pending', NULL, '["image1.jpg"]', '2025-11-25 12:46:24', '2025-11-25 12:46:24'),
	(86, 65, 243, 1, 0, 0, 0, NULL, 'pending', NULL, '["image2.jpg", "image1.jpg"]', '2025-11-25 12:46:24', '2025-11-25 12:46:24'),
	(87, 86, 156, 0, 0, 0, 1, NULL, 'pending', NULL, 'null', '2025-11-25 12:46:24', '2025-11-25 12:46:24'),
	(88, 15, 26, 0, 0, 0, 0, NULL, 'pending', NULL, '[]', '2025-11-29 16:00:25', '2025-11-29 16:00:25'),
	(89, 15, 304, 0, 1, 1, 0, 'اريد جرعة تكفي ثلاثة ايام', 'medicine', 'medicine', '[]', '2025-11-29 17:36:04', '2025-11-29 17:36:04'),
	(90, 15, 304, 0, 0, 0, 0, NULL, 'pending', NULL, '[]', '2025-11-29 18:52:26', '2025-11-29 18:52:26'),
	(91, 15, 303, 0, 1, 1, 0, NULL, 'pending', NULL, '[]', '2025-11-29 19:28:22', '2025-11-29 19:28:22'),
	(92, 15, 131, 0, 0, 0, 0, NULL, 'pending', NULL, '["prescription_1764454916644_0.jpg"]', '2025-11-29 20:21:59', '2025-11-29 20:21:59'),
	(93, 15, 26, 0, 0, 0, 0, NULL, 'pending', NULL, '["temp-1764701621-692f35b557d92.jpg"]', '2025-12-02 16:53:41', '2025-12-02 16:53:41'),
	(94, 15, 303, 0, 0, 1, 1, 'note', 'pending', NULL, '["temp-692f4f20ae45e.jpg"]', '2025-12-02 18:42:08', '2025-12-02 18:42:08'),
	(95, 15, 131, 0, 0, 0, 0, NULL, 'pending', 'test', '[]', '2025-12-02 19:01:50', '2025-12-02 19:01:50'),
	(96, 15, 26, 0, 1, 0, 0, 'Need urgent delivery. Please call before delivery.', 'pending', NULL, '["IMG-20250215-WA0027.jpg", "٢٠٢٥-٠٥-١١ ١٦-١٥-٢٠اللواء 102_12.jpg"]', '2025-12-09 09:21:05', '2025-12-09 09:21:05'),
	(97, 15, 26, 0, 0, 0, 0, 'Need urgent delivery. Please call before delivery.', 'pending', NULL, '["IMG-20250215-WA0027.jpg", "٢٠٢٥-٠٥-١١ ١٦-١٥-٢٠اللواء 102_12.jpg"]', '2025-12-09 09:28:37', '2025-12-09 09:28:37'),
	(99, 15, 306, 0, 1, 0, 0, NULL, 'pending', NULL, '[]', '2025-12-09 10:19:30', '2025-12-09 10:19:30'),
	(100, 15, 303, 0, 0, 1, 1, NULL, 'pending', 'medicine', '[]', '2025-12-09 10:22:02', '2025-12-09 10:22:02'),
	(103, 15, NULL, 0, 0, 0, 0, NULL, 'pending', 'test', '[]', '2025-12-09 15:39:45', '2025-12-09 15:39:45'),
	(104, 15, 304, 0, 1, 0, 0, 'ملحوظة', 'pending', 'test', '["prescription_1765302321898_0.jpg"]', '2025-12-09 15:45:29', '2025-12-09 15:45:29'),
	(107, 15, NULL, 0, 0, 0, 0, NULL, 'pending', 'test', '[]', '2025-12-09 16:59:07', '2025-12-09 16:59:07');

-- Dumping structure for table rosheta.client_request_lines
CREATE TABLE IF NOT EXISTS `client_request_lines` (
  `id` bigint unsigned NOT NULL AUTO_INCREMENT,
  `item_type` varchar(255) COLLATE utf8mb4_unicode_ci NOT NULL DEFAULT 'medicine',
  `client_request_id` bigint unsigned NOT NULL,
  `medicine_id` bigint unsigned DEFAULT NULL,
  `medical_test_id` bigint unsigned DEFAULT NULL,
  `quantity` int unsigned DEFAULT NULL,
  `unit` varchar(255) CHARACTER SET utf8mb4 COLLATE utf8mb4_unicode_ci DEFAULT NULL,
  `created_at` timestamp NULL DEFAULT NULL,
  `updated_at` timestamp NULL DEFAULT NULL,
  PRIMARY KEY (`id`),
  KEY `client_request_lines_client_request_id_foreign` (`client_request_id`),
  KEY `client_request_lines_medicine_id_foreign` (`medicine_id`),
  KEY `client_request_lines_item_type_index` (`item_type`),
  KEY `client_request_lines_medical_test_id_index` (`medical_test_id`),
  CONSTRAINT `client_request_lines_client_request_id_foreign` FOREIGN KEY (`client_request_id`) REFERENCES `client_requests` (`id`) ON DELETE CASCADE,
  CONSTRAINT `client_request_lines_medical_test_id_foreign` FOREIGN KEY (`medical_test_id`) REFERENCES `medical_tests` (`id`) ON DELETE RESTRICT,
  CONSTRAINT `client_request_lines_medicine_id_foreign` FOREIGN KEY (`medicine_id`) REFERENCES `medicines` (`id`) ON DELETE RESTRICT
) ENGINE=InnoDB AUTO_INCREMENT=269 DEFAULT CHARSET=utf8mb4 COLLATE=utf8mb4_unicode_ci;

-- Dumping data for table rosheta.client_request_lines: ~268 rows (approximately)
INSERT INTO `client_request_lines` (`id`, `item_type`, `client_request_id`, `medicine_id`, `medical_test_id`, `quantity`, `unit`, `created_at`, `updated_at`) VALUES
	(1, 'medicine', 1, 18335, NULL, 2, 'box', '2025-11-21 16:30:30', '2025-11-21 16:30:30'),
	(2, 'medicine', 1, 23686, NULL, 1, 'box', '2025-11-21 16:30:30', '2025-11-21 16:30:30'),
	(3, 'medicine', 2, 1637, NULL, 1, 'box', '2025-11-21 16:30:30', '2025-11-21 16:30:30'),
	(4, 'medicine', 2, 11388, NULL, 3, 'strips', '2025-11-21 16:30:30', '2025-11-21 16:30:30'),
	(5, 'medicine', 3, 9926, NULL, 6, 'box', '2025-11-21 16:30:30', '2025-11-21 16:30:30'),
	(6, 'medicine', 3, 17118, NULL, 1, 'strips', '2025-11-21 16:30:30', '2025-11-21 16:30:30'),
	(7, 'medicine', 4, 6151, NULL, 1, 'box', '2025-11-21 16:30:30', '2025-11-21 16:30:30'),
	(8, 'medicine', 5, 9845, NULL, 3, 'box', '2025-11-21 16:30:30', '2025-11-21 16:30:30'),
	(9, 'medicine', 6, 5317, NULL, 8, 'strips', '2025-11-21 16:30:30', '2025-11-21 16:30:30'),
	(10, 'medicine', 6, 3566, NULL, 6, 'box', '2025-11-21 16:30:30', '2025-11-21 16:30:30'),
	(11, 'medicine', 6, 578, NULL, 8, 'strips', '2025-11-21 16:30:30', '2025-11-21 16:30:30'),
	(12, 'medicine', 6, 416, NULL, 2, 'box', '2025-11-21 16:30:30', '2025-11-21 16:30:30'),
	(13, 'medicine', 7, 18495, NULL, 5, 'strips', '2025-11-21 16:30:30', '2025-11-21 16:30:30'),
	(14, 'medicine', 7, 25042, NULL, 8, 'box', '2025-11-21 16:30:30', '2025-11-21 16:30:30'),
	(15, 'medicine', 7, 23468, NULL, 8, 'box', '2025-11-21 16:30:30', '2025-11-21 16:30:30'),
	(16, 'medicine', 7, 6364, NULL, 10, 'strips', '2025-11-21 16:30:30', '2025-11-21 16:30:30'),
	(17, 'medicine', 8, 9572, NULL, 3, 'strips', '2025-11-21 16:30:30', '2025-11-21 16:30:30'),
	(18, 'medicine', 9, 17366, NULL, 10, 'strips', '2025-11-21 16:30:30', '2025-11-21 16:30:30'),
	(19, 'medicine', 9, 25313, NULL, 6, 'strips', '2025-11-21 16:30:30', '2025-11-21 16:30:30'),
	(20, 'medicine', 10, 12239, NULL, 10, 'strips', '2025-11-21 16:30:30', '2025-11-21 16:30:30'),
	(21, 'medicine', 10, 16005, NULL, 6, 'strips', '2025-11-21 16:30:30', '2025-11-21 16:30:30'),
	(22, 'medicine', 10, 1292, NULL, 8, 'box', '2025-11-21 16:30:30', '2025-11-21 16:30:30'),
	(23, 'medicine', 10, 1980, NULL, 8, 'box', '2025-11-21 16:30:30', '2025-11-21 16:30:30'),
	(24, 'medicine', 10, 17978, NULL, 10, 'box', '2025-11-21 16:30:30', '2025-11-21 16:30:30'),
	(25, 'medicine', 11, 23218, NULL, 7, 'strips', '2025-11-21 16:30:30', '2025-11-21 16:30:30'),
	(26, 'medicine', 11, 23782, NULL, 10, 'box', '2025-11-21 16:30:30', '2025-11-21 16:30:30'),
	(27, 'medicine', 11, 13641, NULL, 5, 'strips', '2025-11-21 16:30:30', '2025-11-21 16:30:30'),
	(28, 'medicine', 11, 21337, NULL, 4, 'box', '2025-11-21 16:30:30', '2025-11-21 16:30:30'),
	(29, 'medicine', 12, 15568, NULL, 10, 'strips', '2025-11-21 16:30:30', '2025-11-21 16:30:30'),
	(30, 'medicine', 12, 19866, NULL, 9, 'box', '2025-11-21 16:30:30', '2025-11-21 16:30:30'),
	(31, 'medicine', 13, 19581, NULL, 3, 'box', '2025-11-21 16:30:30', '2025-11-21 16:30:30'),
	(32, 'medicine', 13, 7027, NULL, 8, 'strips', '2025-11-21 16:30:30', '2025-11-21 16:30:30'),
	(33, 'medicine', 13, 11539, NULL, 6, 'box', '2025-11-21 16:30:30', '2025-11-21 16:30:30'),
	(34, 'medicine', 14, 3212, NULL, 8, 'strips', '2025-11-21 16:30:30', '2025-11-21 16:30:30'),
	(35, 'medicine', 15, 23791, NULL, 9, 'strips', '2025-11-21 16:30:30', '2025-11-21 16:30:30'),
	(36, 'medicine', 15, 22048, NULL, 10, 'box', '2025-11-21 16:30:30', '2025-11-21 16:30:30'),
	(37, 'medicine', 16, 6656, NULL, 1, 'strips', '2025-11-21 16:30:30', '2025-11-21 16:30:30'),
	(38, 'medicine', 16, 1961, NULL, 6, 'box', '2025-11-21 16:30:30', '2025-11-21 16:30:30'),
	(39, 'medicine', 16, 12890, NULL, 9, 'strips', '2025-11-21 16:30:30', '2025-11-21 16:30:30'),
	(40, 'medicine', 16, 1997, NULL, 6, 'strips', '2025-11-21 16:30:30', '2025-11-21 16:30:30'),
	(41, 'medicine', 16, 1559, NULL, 6, 'box', '2025-11-21 16:30:30', '2025-11-21 16:30:30'),
	(42, 'medicine', 17, 2697, NULL, 2, 'box', '2025-11-21 16:30:30', '2025-11-21 16:30:30'),
	(43, 'medicine', 17, 17405, NULL, 1, 'strips', '2025-11-21 16:30:30', '2025-11-21 16:30:30'),
	(44, 'medicine', 17, 6086, NULL, 3, 'strips', '2025-11-21 16:30:30', '2025-11-21 16:30:30'),
	(45, 'medicine', 17, 1872, NULL, 10, 'box', '2025-11-21 16:30:30', '2025-11-21 16:30:30'),
	(46, 'medicine', 17, 22214, NULL, 10, 'box', '2025-11-21 16:30:30', '2025-11-21 16:30:30'),
	(47, 'medicine', 18, 1136, NULL, 8, 'strips', '2025-11-21 16:30:30', '2025-11-21 16:30:30'),
	(48, 'medicine', 18, 16818, NULL, 5, 'box', '2025-11-21 16:30:30', '2025-11-21 16:30:30'),
	(49, 'medicine', 18, 4171, NULL, 3, 'box', '2025-11-21 16:30:30', '2025-11-21 16:30:30'),
	(50, 'medicine', 18, 1534, NULL, 1, 'box', '2025-11-21 16:30:30', '2025-11-21 16:30:30'),
	(51, 'medicine', 19, 14531, NULL, 7, 'strips', '2025-11-21 16:30:30', '2025-11-21 16:30:30'),
	(52, 'medicine', 20, 23025, NULL, 2, 'box', '2025-11-21 16:30:30', '2025-11-21 16:30:30'),
	(53, 'medicine', 20, 12850, NULL, 6, 'strips', '2025-11-21 16:30:30', '2025-11-21 16:30:30'),
	(54, 'medicine', 20, 8313, NULL, 6, 'strips', '2025-11-21 16:30:30', '2025-11-21 16:30:30'),
	(55, 'medicine', 20, 4609, NULL, 10, 'box', '2025-11-21 16:30:30', '2025-11-21 16:30:30'),
	(56, 'medicine', 20, 5121, NULL, 7, 'box', '2025-11-21 16:30:30', '2025-11-21 16:30:30'),
	(57, 'medicine', 21, 22896, NULL, 9, 'strips', '2025-11-21 16:30:30', '2025-11-21 16:30:30'),
	(58, 'medicine', 21, 22578, NULL, 1, 'box', '2025-11-21 16:30:30', '2025-11-21 16:30:30'),
	(59, 'medicine', 22, 7123, NULL, 5, 'box', '2025-11-21 16:30:30', '2025-11-21 16:30:30'),
	(60, 'medicine', 22, 8843, NULL, 3, 'box', '2025-11-21 16:30:30', '2025-11-21 16:30:30'),
	(61, 'medicine', 22, 21328, NULL, 4, 'box', '2025-11-21 16:30:30', '2025-11-21 16:30:30'),
	(62, 'medicine', 23, 2574, NULL, 1, 'box', '2025-11-21 16:30:30', '2025-11-21 16:30:30'),
	(63, 'medicine', 23, 5300, NULL, 9, 'strips', '2025-11-21 16:30:30', '2025-11-21 16:30:30'),
	(64, 'medicine', 23, 11728, NULL, 7, 'box', '2025-11-21 16:30:30', '2025-11-21 16:30:30'),
	(65, 'medicine', 24, 24965, NULL, 1, 'box', '2025-11-21 16:30:30', '2025-11-21 16:30:30'),
	(66, 'medicine', 24, 19321, NULL, 5, 'box', '2025-11-21 16:30:30', '2025-11-21 16:30:30'),
	(67, 'medicine', 24, 1771, NULL, 7, 'strips', '2025-11-21 16:30:30', '2025-11-21 16:30:30'),
	(68, 'medicine', 24, 7743, NULL, 4, 'box', '2025-11-21 16:30:30', '2025-11-21 16:30:30'),
	(69, 'medicine', 25, 9415, NULL, 8, 'strips', '2025-11-21 16:30:30', '2025-11-21 16:30:30'),
	(70, 'medicine', 26, 24918, NULL, 7, 'strips', '2025-11-21 16:30:30', '2025-11-21 16:30:30'),
	(71, 'medicine', 26, 23759, NULL, 4, 'strips', '2025-11-21 16:30:30', '2025-11-21 16:30:30'),
	(72, 'medicine', 26, 10597, NULL, 4, 'box', '2025-11-21 16:30:30', '2025-11-21 16:30:30'),
	(73, 'medicine', 26, 13563, NULL, 10, 'box', '2025-11-21 16:30:30', '2025-11-21 16:30:30'),
	(74, 'medicine', 27, 7067, NULL, 1, 'strips', '2025-11-21 16:30:30', '2025-11-21 16:30:30'),
	(75, 'medicine', 27, 25457, NULL, 5, 'box', '2025-11-21 16:30:30', '2025-11-21 16:30:30'),
	(76, 'medicine', 27, 12975, NULL, 4, 'strips', '2025-11-21 16:30:30', '2025-11-21 16:30:30'),
	(77, 'medicine', 27, 7941, NULL, 3, 'box', '2025-11-21 16:30:30', '2025-11-21 16:30:30'),
	(78, 'medicine', 27, 4242, NULL, 9, 'strips', '2025-11-21 16:30:30', '2025-11-21 16:30:30'),
	(79, 'medicine', 28, 5289, NULL, 8, 'strips', '2025-11-21 16:30:30', '2025-11-21 16:30:30'),
	(80, 'medicine', 28, 20711, NULL, 6, 'box', '2025-11-21 16:30:30', '2025-11-21 16:30:30'),
	(81, 'medicine', 28, 19867, NULL, 1, 'strips', '2025-11-21 16:30:30', '2025-11-21 16:30:30'),
	(82, 'medicine', 29, 14424, NULL, 1, 'box', '2025-11-21 16:30:30', '2025-11-21 16:30:30'),
	(83, 'medicine', 29, 687, NULL, 8, 'strips', '2025-11-21 16:30:30', '2025-11-21 16:30:30'),
	(84, 'medicine', 29, 11578, NULL, 7, 'strips', '2025-11-21 16:30:30', '2025-11-21 16:30:30'),
	(85, 'medicine', 29, 10760, NULL, 5, 'strips', '2025-11-21 16:30:30', '2025-11-21 16:30:30'),
	(86, 'medicine', 29, 11684, NULL, 6, 'box', '2025-11-21 16:30:30', '2025-11-21 16:30:30'),
	(87, 'medicine', 30, 20862, NULL, 9, 'strips', '2025-11-21 16:30:30', '2025-11-21 16:30:30'),
	(88, 'medicine', 31, 24986, NULL, 3, 'strips', '2025-11-21 16:30:30', '2025-11-21 16:30:30'),
	(89, 'medicine', 31, 20451, NULL, 1, 'strips', '2025-11-21 16:30:30', '2025-11-21 16:30:30'),
	(90, 'medicine', 31, 8068, NULL, 3, 'box', '2025-11-21 16:30:30', '2025-11-21 16:30:30'),
	(91, 'medicine', 31, 25480, NULL, 10, 'strips', '2025-11-21 16:30:30', '2025-11-21 16:30:30'),
	(92, 'medicine', 31, 2765, NULL, 4, 'strips', '2025-11-21 16:30:30', '2025-11-21 16:30:30'),
	(93, 'medicine', 32, 24572, NULL, 3, 'box', '2025-11-21 16:30:30', '2025-11-21 16:30:30'),
	(94, 'medicine', 32, 14920, NULL, 2, 'box', '2025-11-21 16:30:30', '2025-11-21 16:30:30'),
	(95, 'medicine', 32, 2676, NULL, 6, 'box', '2025-11-21 16:30:30', '2025-11-21 16:30:30'),
	(96, 'medicine', 32, 18886, NULL, 9, 'box', '2025-11-21 16:30:30', '2025-11-21 16:30:30'),
	(97, 'medicine', 32, 16464, NULL, 4, 'strips', '2025-11-21 16:30:30', '2025-11-21 16:30:30'),
	(98, 'medicine', 33, 10291, NULL, 2, 'strips', '2025-11-21 16:30:30', '2025-11-21 16:30:30'),
	(99, 'medicine', 33, 18464, NULL, 9, 'strips', '2025-11-21 16:30:30', '2025-11-21 16:30:30'),
	(100, 'medicine', 33, 17318, NULL, 8, 'box', '2025-11-21 16:30:30', '2025-11-21 16:30:30'),
	(101, 'medicine', 34, 13055, NULL, 7, 'strips', '2025-11-21 16:30:30', '2025-11-21 16:30:30'),
	(102, 'medicine', 35, 6772, NULL, 1, 'strips', '2025-11-21 16:30:30', '2025-11-21 16:30:30'),
	(103, 'medicine', 35, 23107, NULL, 9, 'strips', '2025-11-21 16:30:30', '2025-11-21 16:30:30'),
	(104, 'medicine', 35, 4387, NULL, 1, 'strips', '2025-11-21 16:30:30', '2025-11-21 16:30:30'),
	(105, 'medicine', 35, 22096, NULL, 3, 'box', '2025-11-21 16:30:30', '2025-11-21 16:30:30'),
	(106, 'medicine', 35, 21086, NULL, 9, 'strips', '2025-11-21 16:30:30', '2025-11-21 16:30:30'),
	(107, 'medicine', 36, 13359, NULL, 7, 'box', '2025-11-21 16:30:30', '2025-11-21 16:30:30'),
	(108, 'medicine', 36, 7245, NULL, 3, 'strips', '2025-11-21 16:30:30', '2025-11-21 16:30:30'),
	(109, 'medicine', 36, 4050, NULL, 8, 'box', '2025-11-21 16:30:30', '2025-11-21 16:30:30'),
	(110, 'medicine', 36, 20934, NULL, 1, 'box', '2025-11-21 16:30:30', '2025-11-21 16:30:30'),
	(111, 'medicine', 36, 4685, NULL, 4, 'box', '2025-11-21 16:30:30', '2025-11-21 16:30:30'),
	(112, 'medicine', 37, 19642, NULL, 10, 'strips', '2025-11-21 16:30:30', '2025-11-21 16:30:30'),
	(113, 'medicine', 37, 4034, NULL, 1, 'strips', '2025-11-21 16:30:30', '2025-11-21 16:30:30'),
	(114, 'medicine', 37, 6565, NULL, 6, 'box', '2025-11-21 16:30:30', '2025-11-21 16:30:30'),
	(115, 'medicine', 37, 23816, NULL, 2, 'box', '2025-11-21 16:30:30', '2025-11-21 16:30:30'),
	(116, 'medicine', 38, 4206, NULL, 2, 'strips', '2025-11-21 16:30:30', '2025-11-21 16:30:30'),
	(117, 'medicine', 38, 16993, NULL, 10, 'strips', '2025-11-21 16:30:30', '2025-11-21 16:30:30'),
	(118, 'medicine', 39, 18091, NULL, 7, 'box', '2025-11-21 16:30:30', '2025-11-21 16:30:30'),
	(119, 'medicine', 40, 9897, NULL, 2, 'box', '2025-11-21 16:30:30', '2025-11-21 16:30:30'),
	(120, 'medicine', 40, 20056, NULL, 8, 'box', '2025-11-21 16:30:30', '2025-11-21 16:30:30'),
	(121, 'medicine', 40, 20290, NULL, 10, 'box', '2025-11-21 16:30:30', '2025-11-21 16:30:30'),
	(122, 'medicine', 41, 1, NULL, 2, 'box', '2025-11-21 17:50:37', '2025-11-21 17:50:37'),
	(123, 'medicine', 41, 2, NULL, 1, 'strips', '2025-11-21 17:50:37', '2025-11-21 17:50:37'),
	(124, 'medicine', 42, 1, NULL, 2, 'box', '2025-11-21 18:02:47', '2025-11-21 18:02:47'),
	(125, 'medicine', 42, 2, NULL, 1, 'strips', '2025-11-21 18:02:47', '2025-11-21 18:02:47'),
	(126, 'medicine', 43, 1, NULL, 2, 'box', '2025-11-21 18:19:18', '2025-11-21 18:19:18'),
	(127, 'medicine', 43, 2, NULL, 1, 'strips', '2025-11-21 18:19:18', '2025-11-21 18:19:18'),
	(128, 'medicine', 44, 2529, NULL, 2, 'strips', '2025-11-21 18:22:37', '2025-11-21 18:22:37'),
	(129, 'medicine', 45, 1, NULL, 2, 'box', '2025-11-21 18:33:17', '2025-11-21 18:33:17'),
	(130, 'medicine', 45, 2, NULL, 1, 'strips', '2025-11-21 18:33:17', '2025-11-21 18:33:17'),
	(131, 'medicine', 46, 3230, NULL, 1, 'piece', '2025-11-24 20:14:54', '2025-11-24 20:14:54'),
	(132, 'medicine', 47, 491, NULL, 5, 'piece', '2025-11-24 20:22:38', '2025-11-24 20:22:38'),
	(133, 'medicine', 48, 5557, NULL, 4, 'box', '2025-11-25 12:46:24', '2025-11-25 12:46:24'),
	(134, 'medicine', 48, 12365, NULL, 2, 'box', '2025-11-25 12:46:24', '2025-11-25 12:46:24'),
	(135, 'medicine', 48, 25334, NULL, 1, 'box', '2025-11-25 12:46:24', '2025-11-25 12:46:24'),
	(136, 'medicine', 48, 17074, NULL, 6, 'box', '2025-11-25 12:46:24', '2025-11-25 12:46:24'),
	(137, 'medicine', 48, 23852, NULL, 7, 'strips', '2025-11-25 12:46:24', '2025-11-25 12:46:24'),
	(138, 'medicine', 49, 12249, NULL, 3, 'strips', '2025-11-25 12:46:24', '2025-11-25 12:46:24'),
	(139, 'medicine', 49, 18540, NULL, 10, 'box', '2025-11-25 12:46:24', '2025-11-25 12:46:24'),
	(140, 'medicine', 50, 6835, NULL, 3, 'box', '2025-11-25 12:46:24', '2025-11-25 12:46:24'),
	(141, 'medicine', 50, 21376, NULL, 2, 'box', '2025-11-25 12:46:24', '2025-11-25 12:46:24'),
	(142, 'medicine', 50, 13798, NULL, 10, 'strips', '2025-11-25 12:46:24', '2025-11-25 12:46:24'),
	(143, 'medicine', 50, 19061, NULL, 2, 'box', '2025-11-25 12:46:24', '2025-11-25 12:46:24'),
	(144, 'medicine', 50, 22683, NULL, 1, 'strips', '2025-11-25 12:46:24', '2025-11-25 12:46:24'),
	(145, 'medicine', 51, 6236, NULL, 4, 'strips', '2025-11-25 12:46:24', '2025-11-25 12:46:24'),
	(146, 'medicine', 51, 20611, NULL, 2, 'strips', '2025-11-25 12:46:24', '2025-11-25 12:46:24'),
	(147, 'medicine', 51, 10150, NULL, 7, 'box', '2025-11-25 12:46:24', '2025-11-25 12:46:24'),
	(148, 'medicine', 51, 19440, NULL, 5, 'strips', '2025-11-25 12:46:24', '2025-11-25 12:46:24'),
	(149, 'medicine', 52, 12030, NULL, 6, 'strips', '2025-11-25 12:46:24', '2025-11-25 12:46:24'),
	(150, 'medicine', 52, 21010, NULL, 9, 'strips', '2025-11-25 12:46:24', '2025-11-25 12:46:24'),
	(151, 'medicine', 53, 15378, NULL, 7, 'strips', '2025-11-25 12:46:24', '2025-11-25 12:46:24'),
	(152, 'medicine', 53, 17811, NULL, 7, 'box', '2025-11-25 12:46:24', '2025-11-25 12:46:24'),
	(153, 'medicine', 53, 17045, NULL, 6, 'strips', '2025-11-25 12:46:24', '2025-11-25 12:46:24'),
	(154, 'medicine', 54, 5402, NULL, 3, 'strips', '2025-11-25 12:46:24', '2025-11-25 12:46:24'),
	(155, 'medicine', 54, 2555, NULL, 7, 'box', '2025-11-25 12:46:24', '2025-11-25 12:46:24'),
	(156, 'medicine', 54, 23039, NULL, 10, 'strips', '2025-11-25 12:46:24', '2025-11-25 12:46:24'),
	(157, 'medicine', 55, 20859, NULL, 7, 'box', '2025-11-25 12:46:24', '2025-11-25 12:46:24'),
	(158, 'medicine', 55, 10800, NULL, 8, 'strips', '2025-11-25 12:46:24', '2025-11-25 12:46:24'),
	(159, 'medicine', 55, 716, NULL, 1, 'strips', '2025-11-25 12:46:24', '2025-11-25 12:46:24'),
	(160, 'medicine', 55, 13928, NULL, 10, 'strips', '2025-11-25 12:46:24', '2025-11-25 12:46:24'),
	(161, 'medicine', 55, 19565, NULL, 9, 'strips', '2025-11-25 12:46:24', '2025-11-25 12:46:24'),
	(162, 'medicine', 56, 18119, NULL, 1, 'box', '2025-11-25 12:46:24', '2025-11-25 12:46:24'),
	(163, 'medicine', 56, 9519, NULL, 7, 'strips', '2025-11-25 12:46:24', '2025-11-25 12:46:24'),
	(164, 'medicine', 56, 14341, NULL, 7, 'box', '2025-11-25 12:46:24', '2025-11-25 12:46:24'),
	(165, 'medicine', 56, 12709, NULL, 7, 'strips', '2025-11-25 12:46:24', '2025-11-25 12:46:24'),
	(166, 'medicine', 57, 17403, NULL, 8, 'box', '2025-11-25 12:46:24', '2025-11-25 12:46:24'),
	(167, 'medicine', 57, 20953, NULL, 10, 'strips', '2025-11-25 12:46:24', '2025-11-25 12:46:24'),
	(168, 'medicine', 57, 7108, NULL, 10, 'box', '2025-11-25 12:46:24', '2025-11-25 12:46:24'),
	(169, 'medicine', 58, 6468, NULL, 7, 'box', '2025-11-25 12:46:24', '2025-11-25 12:46:24'),
	(170, 'medicine', 58, 23746, NULL, 8, 'strips', '2025-11-25 12:46:24', '2025-11-25 12:46:24'),
	(171, 'medicine', 59, 7190, NULL, 9, 'box', '2025-11-25 12:46:24', '2025-11-25 12:46:24'),
	(172, 'medicine', 59, 6138, NULL, 10, 'strips', '2025-11-25 12:46:24', '2025-11-25 12:46:24'),
	(173, 'medicine', 60, 24804, NULL, 4, 'box', '2025-11-25 12:46:24', '2025-11-25 12:46:24'),
	(174, 'medicine', 60, 22207, NULL, 5, 'box', '2025-11-25 12:46:24', '2025-11-25 12:46:24'),
	(175, 'medicine', 60, 222, NULL, 6, 'box', '2025-11-25 12:46:24', '2025-11-25 12:46:24'),
	(176, 'medicine', 61, 5498, NULL, 4, 'box', '2025-11-25 12:46:24', '2025-11-25 12:46:24'),
	(177, 'medicine', 61, 23651, NULL, 3, 'box', '2025-11-25 12:46:24', '2025-11-25 12:46:24'),
	(178, 'medicine', 61, 17162, NULL, 5, 'box', '2025-11-25 12:46:24', '2025-11-25 12:46:24'),
	(179, 'medicine', 62, 24042, NULL, 9, 'strips', '2025-11-25 12:46:24', '2025-11-25 12:46:24'),
	(180, 'medicine', 62, 12736, NULL, 7, 'box', '2025-11-25 12:46:24', '2025-11-25 12:46:24'),
	(181, 'medicine', 63, 13638, NULL, 2, 'box', '2025-11-25 12:46:24', '2025-11-25 12:46:24'),
	(182, 'medicine', 64, 22086, NULL, 6, 'strips', '2025-11-25 12:46:24', '2025-11-25 12:46:24'),
	(183, 'medicine', 64, 18919, NULL, 10, 'strips', '2025-11-25 12:46:24', '2025-11-25 12:46:24'),
	(184, 'medicine', 65, 19661, NULL, 10, 'box', '2025-11-25 12:46:24', '2025-11-25 12:46:24'),
	(185, 'medicine', 65, 19504, NULL, 7, 'box', '2025-11-25 12:46:24', '2025-11-25 12:46:24'),
	(186, 'medicine', 66, 22636, NULL, 5, 'strips', '2025-11-25 12:46:24', '2025-11-25 12:46:24'),
	(187, 'medicine', 66, 19184, NULL, 3, 'box', '2025-11-25 12:46:24', '2025-11-25 12:46:24'),
	(188, 'medicine', 66, 3182, NULL, 6, 'strips', '2025-11-25 12:46:24', '2025-11-25 12:46:24'),
	(189, 'medicine', 67, 986, NULL, 8, 'box', '2025-11-25 12:46:24', '2025-11-25 12:46:24'),
	(190, 'medicine', 67, 21791, NULL, 3, 'box', '2025-11-25 12:46:24', '2025-11-25 12:46:24'),
	(191, 'medicine', 67, 16484, NULL, 6, 'strips', '2025-11-25 12:46:24', '2025-11-25 12:46:24'),
	(192, 'medicine', 67, 7141, NULL, 6, 'box', '2025-11-25 12:46:24', '2025-11-25 12:46:24'),
	(193, 'medicine', 67, 4066, NULL, 1, 'box', '2025-11-25 12:46:24', '2025-11-25 12:46:24'),
	(194, 'medicine', 68, 9581, NULL, 5, 'box', '2025-11-25 12:46:24', '2025-11-25 12:46:24'),
	(195, 'medicine', 68, 10182, NULL, 7, 'box', '2025-11-25 12:46:24', '2025-11-25 12:46:24'),
	(196, 'medicine', 68, 24601, NULL, 5, 'strips', '2025-11-25 12:46:24', '2025-11-25 12:46:24'),
	(197, 'medicine', 69, 6533, NULL, 4, 'box', '2025-11-25 12:46:24', '2025-11-25 12:46:24'),
	(198, 'medicine', 69, 19958, NULL, 8, 'strips', '2025-11-25 12:46:24', '2025-11-25 12:46:24'),
	(199, 'medicine', 70, 1341, NULL, 2, 'box', '2025-11-25 12:46:24', '2025-11-25 12:46:24'),
	(200, 'medicine', 70, 6355, NULL, 5, 'strips', '2025-11-25 12:46:24', '2025-11-25 12:46:24'),
	(201, 'medicine', 71, 19027, NULL, 5, 'box', '2025-11-25 12:46:24', '2025-11-25 12:46:24'),
	(202, 'medicine', 71, 2917, NULL, 5, 'box', '2025-11-25 12:46:24', '2025-11-25 12:46:24'),
	(203, 'medicine', 71, 23333, NULL, 1, 'box', '2025-11-25 12:46:24', '2025-11-25 12:46:24'),
	(204, 'medicine', 72, 24681, NULL, 5, 'strips', '2025-11-25 12:46:24', '2025-11-25 12:46:24'),
	(205, 'medicine', 72, 9035, NULL, 2, 'strips', '2025-11-25 12:46:24', '2025-11-25 12:46:24'),
	(206, 'medicine', 72, 24803, NULL, 3, 'box', '2025-11-25 12:46:24', '2025-11-25 12:46:24'),
	(207, 'medicine', 72, 24918, NULL, 6, 'box', '2025-11-25 12:46:24', '2025-11-25 12:46:24'),
	(208, 'medicine', 72, 3832, NULL, 6, 'strips', '2025-11-25 12:46:24', '2025-11-25 12:46:24'),
	(209, 'medicine', 73, 9161, NULL, 9, 'strips', '2025-11-25 12:46:24', '2025-11-25 12:46:24'),
	(210, 'medicine', 73, 15393, NULL, 9, 'strips', '2025-11-25 12:46:24', '2025-11-25 12:46:24'),
	(211, 'medicine', 73, 21378, NULL, 10, 'box', '2025-11-25 12:46:24', '2025-11-25 12:46:24'),
	(212, 'medicine', 73, 2210, NULL, 1, 'strips', '2025-11-25 12:46:24', '2025-11-25 12:46:24'),
	(213, 'medicine', 73, 22417, NULL, 5, 'box', '2025-11-25 12:46:24', '2025-11-25 12:46:24'),
	(214, 'medicine', 74, 14928, NULL, 7, 'strips', '2025-11-25 12:46:24', '2025-11-25 12:46:24'),
	(215, 'medicine', 75, 21811, NULL, 7, 'strips', '2025-11-25 12:46:24', '2025-11-25 12:46:24'),
	(216, 'medicine', 75, 389, NULL, 8, 'box', '2025-11-25 12:46:24', '2025-11-25 12:46:24'),
	(217, 'medicine', 75, 6525, NULL, 6, 'strips', '2025-11-25 12:46:24', '2025-11-25 12:46:24'),
	(218, 'medicine', 76, 20063, NULL, 3, 'box', '2025-11-25 12:46:24', '2025-11-25 12:46:24'),
	(219, 'medicine', 76, 25369, NULL, 1, 'box', '2025-11-25 12:46:24', '2025-11-25 12:46:24'),
	(220, 'medicine', 76, 10124, NULL, 3, 'box', '2025-11-25 12:46:24', '2025-11-25 12:46:24'),
	(221, 'medicine', 76, 9221, NULL, 9, 'strips', '2025-11-25 12:46:24', '2025-11-25 12:46:24'),
	(222, 'medicine', 76, 2136, NULL, 4, 'strips', '2025-11-25 12:46:24', '2025-11-25 12:46:24'),
	(223, 'medicine', 77, 14431, NULL, 3, 'strips', '2025-11-25 12:46:24', '2025-11-25 12:46:24'),
	(224, 'medicine', 77, 3780, NULL, 2, 'box', '2025-11-25 12:46:24', '2025-11-25 12:46:24'),
	(225, 'medicine', 77, 6463, NULL, 8, 'strips', '2025-11-25 12:46:24', '2025-11-25 12:46:24'),
	(226, 'medicine', 77, 24172, NULL, 2, 'box', '2025-11-25 12:46:24', '2025-11-25 12:46:24'),
	(227, 'medicine', 78, 17640, NULL, 7, 'box', '2025-11-25 12:46:24', '2025-11-25 12:46:24'),
	(228, 'medicine', 78, 21141, NULL, 7, 'box', '2025-11-25 12:46:24', '2025-11-25 12:46:24'),
	(229, 'medicine', 79, 24462, NULL, 7, 'strips', '2025-11-25 12:46:24', '2025-11-25 12:46:24'),
	(230, 'medicine', 79, 1442, NULL, 10, 'box', '2025-11-25 12:46:24', '2025-11-25 12:46:24'),
	(231, 'medicine', 79, 16140, NULL, 1, 'strips', '2025-11-25 12:46:24', '2025-11-25 12:46:24'),
	(232, 'medicine', 79, 6824, NULL, 7, 'strips', '2025-11-25 12:46:24', '2025-11-25 12:46:24'),
	(233, 'medicine', 80, 10890, NULL, 10, 'box', '2025-11-25 12:46:24', '2025-11-25 12:46:24'),
	(234, 'medicine', 80, 20679, NULL, 9, 'box', '2025-11-25 12:46:24', '2025-11-25 12:46:24'),
	(235, 'medicine', 81, 21854, NULL, 1, 'box', '2025-11-25 12:46:24', '2025-11-25 12:46:24'),
	(236, 'medicine', 81, 17691, NULL, 7, 'box', '2025-11-25 12:46:24', '2025-11-25 12:46:24'),
	(237, 'medicine', 82, 15196, NULL, 10, 'box', '2025-11-25 12:46:24', '2025-11-25 12:46:24'),
	(238, 'medicine', 82, 25170, NULL, 9, 'box', '2025-11-25 12:46:24', '2025-11-25 12:46:24'),
	(239, 'medicine', 82, 15738, NULL, 7, 'box', '2025-11-25 12:46:24', '2025-11-25 12:46:24'),
	(240, 'medicine', 82, 21231, NULL, 7, 'strips', '2025-11-25 12:46:24', '2025-11-25 12:46:24'),
	(241, 'medicine', 83, 18333, NULL, 7, 'strips', '2025-11-25 12:46:24', '2025-11-25 12:46:24'),
	(242, 'medicine', 83, 2754, NULL, 1, 'box', '2025-11-25 12:46:24', '2025-11-25 12:46:24'),
	(243, 'medicine', 84, 3197, NULL, 3, 'box', '2025-11-25 12:46:24', '2025-11-25 12:46:24'),
	(244, 'medicine', 85, 6608, NULL, 9, 'box', '2025-11-25 12:46:24', '2025-11-25 12:46:24'),
	(245, 'medicine', 85, 11361, NULL, 8, 'box', '2025-11-25 12:46:24', '2025-11-25 12:46:24'),
	(246, 'medicine', 85, 18143, NULL, 4, 'box', '2025-11-25 12:46:24', '2025-11-25 12:46:24'),
	(247, 'medicine', 85, 9898, NULL, 8, 'box', '2025-11-25 12:46:24', '2025-11-25 12:46:24'),
	(248, 'medicine', 86, 24086, NULL, 6, 'strips', '2025-11-25 12:46:24', '2025-11-25 12:46:24'),
	(249, 'medicine', 86, 11428, NULL, 3, 'strips', '2025-11-25 12:46:24', '2025-11-25 12:46:24'),
	(250, 'medicine', 87, 4151, NULL, 8, 'box', '2025-11-25 12:46:24', '2025-11-25 12:46:24'),
	(251, 'medicine', 87, 3628, NULL, 2, 'box', '2025-11-25 12:46:24', '2025-11-25 12:46:24'),
	(252, 'medicine', 87, 4022, NULL, 9, 'strips', '2025-11-25 12:46:24', '2025-11-25 12:46:24'),
	(253, 'medicine', 87, 3497, NULL, 4, 'box', '2025-11-25 12:46:24', '2025-11-25 12:46:24'),
	(254, 'medicine', 87, 7346, NULL, 1, 'box', '2025-11-25 12:46:24', '2025-11-25 12:46:24'),
	(255, 'medicine', 88, 4, NULL, 1, 'strips', '2025-11-29 16:00:25', '2025-11-29 16:00:25'),
	(256, 'medicine', 89, 64, NULL, 1, 'piece', '2025-11-29 17:36:04', '2025-11-29 17:36:04'),
	(257, 'medicine', 90, 3230, NULL, 2, 'bottle', '2025-11-29 18:52:26', '2025-11-29 18:52:26'),
	(258, 'medicine', 91, 106, NULL, 5, 'pack', '2025-11-29 19:28:22', '2025-11-29 19:28:22'),
	(259, 'medicine', 95, NULL, 55, NULL, NULL, '2025-12-02 16:53:41', '2025-12-02 16:53:41'),
	(260, 'medicine', 95, 4804, 209, 1, 'box', '2025-12-02 18:42:08', '2025-12-02 18:42:08'),
	(261, 'medicine', 96, 1, NULL, 2, 'box', '2025-12-09 09:21:05', '2025-12-09 09:21:05'),
	(262, 'medicine', 96, 2, NULL, 1, 'strips', '2025-12-09 09:21:05', '2025-12-09 09:21:05'),
	(263, 'medicine', 97, 1, NULL, 2, 'box', '2025-12-09 09:28:37', '2025-12-09 09:28:37'),
	(264, 'medicine', 97, 2, NULL, 1, 'strips', '2025-12-09 09:28:37', '2025-12-09 09:28:37'),
	(265, 'medicine', 99, 1219, NULL, 1, 'piece', '2025-12-09 10:19:30', '2025-12-09 10:19:30'),
	(266, 'medicine', 100, 4229, NULL, 5, 'piece', '2025-12-09 10:22:02', '2025-12-09 10:22:02'),
	(267, 'medicine', 107, NULL, 388, NULL, NULL, '2025-12-09 16:59:07', '2025-12-09 16:59:07'),
	(268, 'medicine', 107, NULL, 10, NULL, NULL, '2025-12-09 16:59:07', '2025-12-09 16:59:07');

-- Dumping structure for table rosheta.client_request_test_lines
CREATE TABLE IF NOT EXISTS `client_request_test_lines` (
  `id` bigint unsigned NOT NULL AUTO_INCREMENT,
  `client_request_id` bigint unsigned NOT NULL,
  `medical_test_id` bigint unsigned NOT NULL,
  `created_at` timestamp NULL DEFAULT NULL,
  `updated_at` timestamp NULL DEFAULT NULL,
  PRIMARY KEY (`id`),
  KEY `client_request_test_lines_client_request_id_foreign` (`client_request_id`),
  KEY `client_request_test_lines_medical_test_id_foreign` (`medical_test_id`),
  CONSTRAINT `client_request_test_lines_client_request_id_foreign` FOREIGN KEY (`client_request_id`) REFERENCES `client_requests` (`id`) ON DELETE CASCADE,
  CONSTRAINT `client_request_test_lines_medical_test_id_foreign` FOREIGN KEY (`medical_test_id`) REFERENCES `medical_tests` (`id`) ON DELETE RESTRICT
) ENGINE=InnoDB AUTO_INCREMENT=6 DEFAULT CHARSET=utf8mb4 COLLATE=utf8mb4_unicode_ci;

-- Dumping data for table rosheta.client_request_test_lines: ~5 rows (approximately)
INSERT INTO `client_request_test_lines` (`id`, `client_request_id`, `medical_test_id`, `created_at`, `updated_at`) VALUES
	(1, 93, 388, '2025-12-02 16:53:41', '2025-12-02 16:53:41'),
	(2, 94, 351, '2025-12-02 18:42:08', '2025-12-02 18:42:08'),
	(3, 95, 93, '2025-12-02 19:01:50', '2025-12-02 19:01:50'),
	(4, 103, 8, '2025-12-09 15:39:45', '2025-12-09 15:39:45'),
	(5, 104, 422, '2025-12-09 15:45:29', '2025-12-09 15:45:29');

-- Dumping structure for table rosheta.diagnostic_radiology
CREATE TABLE IF NOT EXISTS `diagnostic_radiology` (
  `id` int NOT NULL AUTO_INCREMENT,
  `name_ar` varchar(255) NOT NULL,
  `name_en` varchar(255) NOT NULL,
  `description` text,
  `conditions` text,
  PRIMARY KEY (`id`)
) ENGINE=InnoDB AUTO_INCREMENT=95 DEFAULT CHARSET=utf8mb4 COLLATE=utf8mb4_0900_ai_ci;

-- Dumping data for table rosheta.diagnostic_radiology: ~94 rows (approximately)
INSERT INTO `diagnostic_radiology` (`id`, `name_ar`, `name_en`, `description`, `conditions`) VALUES
	(1, 'الأشعة السينية على الصدر', 'Chest X-ray', 'تصوير الصدر بالأشعة السينية لتقييم الرئتين والقلب والعظام', 'الكشف عن الالتهاب الرئوي، السل، أورام الرئة، كسور الأضلاع'),
	(2, 'الأشعة السينية على البطن', 'Abdominal X-ray', 'تصوير البطن بالأشعة السينية لتقييم الأعضاء الداخلية', 'انسداد الأمعاء، حصوات الكلى، وجود غازات غير طبيعية'),
	(3, 'الأشعة السينية على الجمجمة', 'Skull X-ray', 'تصوير عظام الجمجمة والعظام الوجهية', 'الكشف عن الكسور، الأورام، التهابات الجيوب الأنفية'),
	(4, 'الأشعة السينية على العمود الفقري العنقي', 'Cervical Spine X-ray', 'تصوير الفقرات العنقية', 'التواء الرقبة، الانزلاق الغضروفي، خشونة الفقرات'),
	(5, 'الأشعة السينية على الحوض', 'Pelvic X-ray', 'تصوير عظام الحوض والمفاصل', 'كسور الحوض، التهاب المفاصل، خلع الورك'),
	(6, 'الأشعة السينية على اليد', 'Hand X-ray', 'تصوير عظام ومفاصل اليد', 'كسور العظام، التهاب المفاصل، التشوهات الخلقية'),
	(7, 'الأشعة السينية على القدم', 'Foot X-ray', 'تصوير عظام ومفاصل القدم', 'كسور العظام، النقرس، القدم المسطحة'),
	(8, 'الأشعة السينية على الركبة', 'Knee X-ray', 'تصوير مفصل الركبة', 'تمزق الأربطة، التهاب المفاصل، كسور العظام'),
	(9, 'الأشعة السينية على الكتف', 'Shoulder X-ray', 'تصوير مفصل الكتف', 'خلع الكتف، التهاب الأوتار، كسور العظام'),
	(10, 'الأشعة السينية على الكاحل', 'Ankle X-ray', 'تصوير مفصل الكاحل', 'الالتواء، الكسور، التهاب المفاصل'),
	(11, 'الأشعة المقطعية على المخ', 'Brain CT Scan', 'تصوير مقطعي محوسب للمخ', 'السكتة الدماغية، أورام المخ، النزيف الداخلي'),
	(12, 'الأشعة المقطعية على الصدر', 'Chest CT Scan', 'تصوير مقطعي محوسب للصدر', 'أورام الرئة، الجلطات الرئوية، أمراض الرئة المزمنة'),
	(13, 'الأشعة المقطعية على البطن والحوض', 'Abdominal and Pelvic CT', 'تصوير مقطعي محوسب للبطن والحوض', 'أورام البطن، التهاب الزائدة الدودية، حصوات الكلى'),
	(14, 'الأشعة المقطعية على الجيوب الأنفية', 'Sinus CT Scan', 'تصوير مقطعي محوسب للجيوب الأنفية', 'التهاب الجيوب الأنفية المزمن، الأورام، التشوهات الخلقية'),
	(15, 'الأشعة المقطعية على العمود الفقري', 'Spinal CT Scan', 'تصوير مقطعي محوسب للعمود الفقري', 'الانزلاق الغضروفي، ضيق القناة الشوكية، كسور الفقرات'),
	(16, 'الأشعة المقطعية على الأوعية الدموية', 'CT Angiography', 'تصوير الأوعية الدموية بالأشعة المقطعية', 'انسداد الشرايين، تمدد الأوعية الدموية، التشوهات الوعائية'),
	(17, 'الأشعة المقطعية على القلب', 'Cardiac CT Scan', 'تصوير مقطعي محوسب للقلب', 'تصلب الشرايين التاجية، قصور القلب، أمراض صمامات القلب'),
	(18, 'الأشعة المقطعية ثلاثية الأبعاد', '3D CT Scan', 'تصوير مقطعي محوسب ثلاثي الأبعاد', 'التخطيط للعمليات الجراحية، تشخيص التشوهات العظمية'),
	(19, 'الأشعة المقطعية على الأذن', 'Ear CT Scan', 'تصوير مقطعي محوسب للأذن', 'التهابات الأذن المزمنة، أورام العصب السمعي'),
	(20, 'الأشعة المقطعية على العين', 'Orbital CT Scan', 'تصوير مقطعي محوسب لمحجر العين', 'أورام العين، كسور محجر العين، الجسم الغريب'),
	(21, 'الرنين المغناطيسي على المخ', 'Brain MRI', 'تصوير بالرنين المغناطيسي للمخ', 'أورام المخ، التصلب المتعدد، الصرع'),
	(22, 'الرنين المغناطيسي على العمود الفقري', 'Spinal MRI', 'تصوير بالرنين المغناطيسي للعمود الفقري', 'الانزلاق الغضروفي، أورام الحبل الشوكي، التهاب الفقرات'),
	(23, 'الرنين المغناطيسي على الركبة', 'Knee MRI', 'تصوير بالرنين المغناطيسي للركبة', 'تمزق الغضروف الهلالي، إصابات الأربطة، التهاب المفاصل'),
	(24, 'الرنين المغناطيسي على الكتف', 'Shoulder MRI', 'تصوير بالرنين المغناطيسي للكتف', 'تمزق الكتف المتجمد، التهاب الأوتار، إصابات المفصل'),
	(25, 'الرنين المغناطيسي على البطن', 'Abdominal MRI', 'تصوير بالرنين المغناطيسي للبطن', 'أورام الكبد، أمراض البنكرياس، تشخيص أمراض الجهاز الهضمي'),
	(26, 'الرنين المغناطيسي على الحوض', 'Pelvic MRI', 'تصوير بالرنين المغناطيسي للحوض', 'أورام الرحم والمبايض، أمراض البروستاتا، التهاب الحوض'),
	(27, 'الرنين المغناطيسي على القلب', 'Cardiac MRI', 'تصوير بالرنين المغناطيسي للقلب', 'قصور القلب، اعتلال عضلة القلب، أمراض صمامات القلب'),
	(28, 'الرنين المغناطيسي على الثدي', 'Breast MRI', 'تصوير بالرنين المغناطيسي للثدي', 'تقييم أورام الثدي، المتابعة بعد العلاج، الفحص للعائلات عالية الخطورة'),
	(29, 'الرنين المغناطيسي على الأوعية الدموية', 'MRA', 'تصوير الأوعية الدموية بالرنين المغناطيسي', 'انسداد الشرايين، تمدد الأوعية الدموية، التشوهات الخلقية'),
	(30, 'الرنين المغناطيسي الوظيفي للمخ', 'Functional MRI', 'تصوير بالرنين المغناطيسي الوظيفي للمخ', 'تخطيط العمليات الجراحية، دراسة الوظائف الدماغية'),
	(31, 'الموجات الصوتية على البطن', 'Abdominal Ultrasound', 'تصوير البطن بالموجات فوق الصوتية', 'أمراض الكبد، حصوات المرارة، التهاب البنكرياس'),
	(32, 'الموجات الصوتية على الحوض', 'Pelvic Ultrasound', 'تصوير الحوض بالموجات فوق الصوتية', 'أورام الرحم والمبايض، متابعة الحمل، أمراض البروستاتا'),
	(33, 'الموجات الصوتية على الثدي', 'Breast Ultrasound', 'تصوير الثدي بالموجات فوق الصوتية', 'تقييم الكتل الثديية، توجيه الخزعات، الفحص للمرأة الشابة'),
	(34, 'الموجات الصوتية على الغدة الدرقية', 'Thyroid Ultrasound', 'تصوير الغدة الدرقية بالموجات فوق الصوتية', 'تضخم الغدة الدرقية، العقيدات الدرقية، التهاب الغدة'),
	(35, 'الموجات الصوتية على الخصية', 'Testicular Ultrasound', 'تصوير الخصيتين بالموجات فوق الصوتية', 'التواء الخصية، الأورام، دوالي الخصية'),
	(36, 'الموجات الصوتية على الرقبة', 'Neck Ultrasound', 'تصوير الرقبة بالموجات فوق الصوتية', 'تضخم الغدد الليمفاوية، أورام الرقبة، أمراض الغدة الدرقية'),
	(37, 'الموجات الصوتية على الأوعية الدموية', 'Doppler Ultrasound', 'تصوير الأوعية الدموية بالموجات فوق الصوتية دوبلر', 'جلطات الأوردة، انسداد الشرايين، قصور الدورة الدموية'),
	(38, 'الموجات الصوتية على القلب', 'Echocardiography', 'تصوير القلب بالموجات فوق الصوتية', 'قصور القلب، أمراض الصمامات، اعتلال عضلة القلب'),
	(39, 'الموجات الصوتية على العين', 'Ocular Ultrasound', 'تصوير العين بالموجات فوق الصوتية', 'انفصال الشبكية، أورام العين، إصابات العين'),
	(40, 'الموجات الصوتية على الجنين', 'Fetal Ultrasound', 'تصوير الجنين بالموجات فوق الصوتية', 'متابعة نمو الجنين، تشخيص التشوهات الخلقية، تحديد وضع المشيمة'),
	(41, 'الماموجرافي التشخيصي', 'Diagnostic Mammography', 'تصوير الثدي بالأشعة السينية للتشخيص', 'تقييم الكتل المشبوهة، آلام الثدي، إفرازات الحلمة'),
	(42, 'الماموجرافي الرقمي', 'Digital Mammography', 'تصوير الثدي بالأشعة السينية الرقمية', 'الكشف المبكر عن سرطان الثدي، فحص السيدات فوق 40 عاماً'),
	(43, 'الماموجرافي ثلاثي الأبعاد', '3D Mammography', 'تصوير الثدي ثلاثي الأبعاد', 'زيادة دقة الكشف عن أورام الثدي، تقليل نسبة النتائج الإيجابية الكاذبة'),
	(44, 'التصوير الظليل للمعدة', 'Barium Swallow', 'تصوير المريء والمعدة باستخدام مادة ظليلة', 'صعوبة البلع، ارتجاع المريء، قرحة المعدة'),
	(45, 'التصوير الظليل للأمعاء', 'Barium Enema', 'تصوير القولون باستخدام مادة ظليلة', 'مرض كرون، التهاب القولون التقرحي، أورام القولون'),
	(46, 'تصوير الرحم والبوق', 'HSG', 'تصوير الرحم وقناتي فالوب باستخدام مادة ظليلة', 'تقييم العقم، انسداد قناتي فالوب، التشوهات الخلقية'),
	(47, 'تصوير المثانة الإفراغي', 'Voiding Cystourethrogram', 'تصوير المثانة والإحليل أثناء التبول', 'ارتجاع البول، تضيق الإحليل، تشوهات المثانة'),
	(48, 'المسح الذري للعظام', 'Bone Scan', 'تصوير العظام باستخدام النظائر المشعة', 'نقائل العظام، التهابات العظام، كسور الإجهاد'),
	(49, 'المسح الذري للغدة الدرقية', 'Thyroid Scan', 'تصوير الغدة الدرقية باستخدام النظائر المشعة', 'فرط نشاط الغدة الدرقية، عقيدات الغدة، سرطان الغدة الدرقية'),
	(50, 'المسح الذري للكلى', 'Renal Scan', 'تصوير الكلى باستخدام النظائر المشعة', 'تقييم وظائف الكلى، انسداد الحالب، تضيق الشريان الكلوي'),
	(51, 'المسح الذري للقلب', 'Cardiac Nuclear Scan', 'تصوير القلب باستخدام النظائر المشعة', 'تقييم تدفق الدم للقلب، تشخيص أمراض الشرايين التاجية'),
	(52, 'المسح الذري للرئة', 'Lung Ventilation/Perfusion Scan', 'تصوير الرئة باستخدام النظائر المشعة', 'تشخيص الجلطات الرئوية، تقييم وظائف الرئة'),
	(53, 'البحث بالأشعة المقطعية بالإصدار البوزيتروني', 'PET-CT Scan', 'تصوير مقطعي مع التصوير المقطعي بالإصدار البوزيتروني', 'تحديد مرحلة السرطان، متابعة الاستجابة للعلاج، الكشف عن النقائل'),
	(54, 'البحث بالأشعة المقطعية بالإصدار البوزيتروني للمخ', 'Brain PET-CT', 'تصوير المخ باستخدام PET-CT', 'تشخيص أورام المخ، مرض الزهايمر، الصرع'),
	(55, 'البحث بالأشعة المقطعية بالإصدار البوزيتروني للقلب', 'Cardiac PET-CT', 'تصوير القلب باستخدام PET-CT', 'تقييم تدفق الدم للقلب، تشخيص أمراض الشرايين التاجية'),
	(56, 'تصوير الأوعية الدموية', 'Angiography', 'تصوير الشرايين والأوردة باستخدام القسطرة', 'انسداد الشرايين، تمدد الأوعية الدموية، تشوهات الأوعية الدموية'),
	(57, 'قسطرة الشرايين التاجية', 'Coronary Angiography', 'تصوير شرايين القلب باستخدام القسطرة', 'تشخيص أمراض الشرايين التاجية، التخطيط لجراحات القلب'),
	(58, 'تصوير القنوات المرارية', 'Cholangiography', 'تصوير القنوات المرارية', 'حصوات القنوات المرارية، التهاب القنوات، أورام القنوات'),
	(59, 'تصوير الأوعية الليمفاوية', 'Lymphangiography', 'تصوير الأوعية الليمفاوية', 'انسداد الأوعية الليمفاوية، سرطان الغدد الليمفاوية'),
	(60, 'قياس كثافة العظام', 'Bone Density Scan', 'قياس كثافة المعادن في العظام', 'هشاشة العظام، متابعة علاج هشاشة العظام، تقييم مخاطر الكسور'),
	(61, 'الأشعة السينية للأسنان', 'Dental X-ray', 'تصوير الأسنان والفكين بالأشعة السينية', 'تسوس الأسنان، أمراض اللثة، كسور الفك'),
	(62, 'الأشعة البانورامية للأسنان', 'Panoramic Dental X-ray', 'تصوير كامل للأسنان والفكين', 'تقييم الأسنان المطمورة، التخطيط لتقويم الأسنان، أورام الفك'),
	(63, 'التصوير بالرنين المغناطيسي للبروستاتا', 'Prostate MRI', 'تصوير البروستاتا بالرنين المغناطيسي', 'تقييم سرطان البروستاتا، التهاب البروستاتا المزمن'),
	(64, 'التصوير بالموجات الصوتية عبر المستقيم', 'Transrectal Ultrasound', 'تصوير البروستاتا بالموجات الصوتية عبر المستقيم', 'توجيه خزعات البروستاتا، قياس حجم البروستاتا'),
	(65, 'التصوير بالموجات الصوتية عبر المهبل', 'Transvaginal Ultrasound', 'تصوير الرحم والمبايض بالموجات الصوتية عبر المهبل', 'تقييم العقم، تشخيص أورام الرحم والمبايض'),
	(66, 'تصوير الثدي بالموجات الصوتية ثلاثية الأبعاد', '3D Breast Ultrasound', 'تصوير الثدي بالموجات الصوتية ثلاثية الأبعاد', 'تقييم دقيق لأورام الثدي، توجيه الخزعات'),
	(67, 'التصوير الحراري الطبي', 'Medical Thermography', 'تصوير توزيع الحرارة في الجسم', 'التهاب المفاصل، اضطرابات الدورة الدموية، متلازمة النفق الرسغي'),
	(68, 'الأشعة المقطعية على الكلى والحالب', 'CT Urography', 'تصوير مقطعي محوسب للكلى والحالب', 'حصوات الكلى، أورام الجهاز البولي، التشوهات الخلقية'),
	(69, 'الأشعة المقطعية على البنكرياس', 'Pancreas CT Scan', 'تصوير مقطعي محوسب للبنكرياس', 'التهاب البنكرياس، أورام البنكرياس، حصوات القنوات البنكرياسية'),
	(70, 'الأشعة المقطعية على الكبد', 'Liver CT Scan', 'تصوير مقطعي محوسب للكبد', 'أورام الكبد، تليف الكبد، خراجات الكبد'),
	(71, 'الأشعة المقطعية على الطحال', 'Spleen CT Scan', 'تصوير مقطعي محوسب للطحال', 'تمزق الطحال، تضخم الطحال، أورام الطحال'),
	(72, 'الرنين المغناطيسي على الكوع', 'Elbow MRI', 'تصوير بالرنين المغناطيسي للكوع', 'التهاب الأوتار، إصابات المفصل، كسور العظام'),
	(73, 'الرنين المغناطيسي على الكاحل', 'Ankle MRI', 'تصوير بالرنين المغناطيسي للكاحل', 'إصابات الأربطة، التهاب المفاصل، كسور العظام'),
	(74, 'الرنين المغناطيسي على اليد', 'Hand MRI', 'تصوير بالرنين المغناطيسي لليد', 'التهاب المفاصل، إصابات الأوتار، متلازمة النفق الرسغي'),
	(75, 'الرنين المغناطيسي على الفخذ', 'Hip MRI', 'تصوير بالرنين المغناطيسي للفخذ', 'نخر رأس عظمة الفخذ، التهاب المفاصل، كسور العظام'),
	(76, 'الموجات الصوتية على الكلى', 'Renal Ultrasound', 'تصوير الكلى بالموجات فوق الصوتية', 'حصوات الكلى، أورام الكلى، تكيسات الكلى'),
	(77, 'الموجات الصوتية على المثانة', 'Bladder Ultrasound', 'تصوير المثانة بالموجات فوق الصوتية', 'حصوات المثانة، أورام المثانة، احتباس البول'),
	(78, 'الموجات الصوتية على البروستاتا', 'Prostate Ultrasound', 'تصوير البروستاتا بالموجات فوق الصوتية', 'تضخم البروستاتا، سرطان البروستاتا، التهاب البروستاتا'),
	(79, 'الأشعة السينية للأطفال', 'Pediatric X-ray', 'تصوير الأطفال بالأشعة السينية', 'كسور العظام، الالتهابات الرئوية، التشوهات الخلقية'),
	(80, 'الموجات الصوتية للأطفال', 'Pediatric Ultrasound', 'تصوير الأطفال بالموجات فوق الصوتية', 'تشوهات الأعضاء الداخلية، الالتهابات، الأورام'),
	(81, 'الرنين المغناطيسي للأطفال', 'Pediatric MRI', 'تصوير الأطفال بالرنين المغناطيسي', 'تشوهات الجهاز العصبي، أورام الأطفال، التشوهات الخلقية'),
	(82, 'الأشعة السينية في حالات الطوارئ', 'Emergency X-ray', 'تصوير سريع في حالات الطوارئ', 'الكسور، الإصابات الرضحية، الأجسام الغريبة'),
	(83, 'الأشعة المقطعية في حالات الطوارئ', 'Emergency CT Scan', 'تصوير مقطعي سريع في حالات الطوارئ', 'إصابات الرأس، النزيف الداخلي، الجلطات الدماغية'),
	(84, 'تصوير الغدد اللعابية', 'Sialography', 'تصوير الغدد اللعابية باستخدام مادة ظليلة', 'حصوات الغدد اللعابية، التهاب الغدد اللعابية، أورام الغدد'),
	(85, 'تصوير القناة الدمعية', 'Dacryocystography', 'تصوير القناة الدمعية باستخدام مادة ظليلة', 'انسداد القناة الدمعية، التهاب الكيس الدمعي'),
	(86, 'تصوير المفاصل', 'Arthrography', 'تصوير المفاصل باستخدام مادة ظليلة', 'تمزق الغضاريف، التهاب المفاصل، خلع المفاصل'),
	(87, 'التصوير المقطعي للجسم كله', 'Whole Body CT Scan', 'تصوير مقطعي محوسب للجسم كله', 'الكشف عن النقائل السرطانية، الإصابات المتعددة، الفحوصات الشاملة'),
	(88, 'الرنين المغناطيسي للجسم كله', 'Whole Body MRI', 'تصوير بالرنين المغناطيسي للجسم كله', 'تقييم الأمراض الجهازية، الفحوصات الوقائية الشاملة'),
	(89, 'تصوير الثدي بالموجات الصوتية ثلاثية الأبعاد', '3D Mammography with Ultrasound', 'تصوير الثدي بالأشعة السينية والموجات فوق الصوتية', 'الكشف الدقيق عن أورام الثدي، تقييم الكتل المشبوهة'),
	(90, 'تصوير الرحم بالموجات الصوتية الملونة', 'Color Doppler Ultrasound of Uterus', 'تصوير الرحم بالموجات فوق الصوتية مع دوبلر ملون', 'أورام الرحم، اضطرابات الدورة الدموية الرحمية'),
	(91, 'تصوير البروستاتا بالرنين المغناطيسي متعدد الوسائط', 'Multiparametric Prostate MRI', 'تصوير متقدم للبروستاتا بالرنين المغناطيسي', 'تشخيص دقيق لسرطان البروستاتا، توجيد الخزعات'),
	(92, 'تصوير الخصية بالموجات الصوتية الملونة', 'Color Doppler Ultrasound of Testicles', 'تصوير الخصيتين بالموجات فوق الصوتية مع دوبلر ملون', 'التواء الخصية، دوالي الخصية، أورام الخصية'),
	(93, 'تصوير الأعصاب الطرفية', 'Nerve Conduction Studies', 'تصوير الأعصاب الطرفية', 'متلازمة النفق الرسغي، التهاب الأعصاب، إصابات الأعصاب'),
	(94, 'تصوير الجهاز العصبي المركزي', 'CNS Imaging', 'تصوير شامل للجهاز العصبي المركزي', 'أمراض المخ والأعصاب، أورام الجهاز العصبي');

-- Dumping structure for table rosheta.failed_jobs
CREATE TABLE IF NOT EXISTS `failed_jobs` (
  `id` bigint unsigned NOT NULL AUTO_INCREMENT,
  `uuid` varchar(255) COLLATE utf8mb4_unicode_ci NOT NULL,
  `connection` text COLLATE utf8mb4_unicode_ci NOT NULL,
  `queue` text COLLATE utf8mb4_unicode_ci NOT NULL,
  `payload` longtext COLLATE utf8mb4_unicode_ci NOT NULL,
  `exception` longtext COLLATE utf8mb4_unicode_ci NOT NULL,
  `failed_at` timestamp NOT NULL DEFAULT CURRENT_TIMESTAMP,
  PRIMARY KEY (`id`),
  UNIQUE KEY `failed_jobs_uuid_unique` (`uuid`)
) ENGINE=InnoDB DEFAULT CHARSET=utf8mb4 COLLATE=utf8mb4_unicode_ci;

-- Dumping data for table rosheta.failed_jobs: ~0 rows (approximately)

-- Dumping structure for table rosheta.governorates
CREATE TABLE IF NOT EXISTS `governorates` (
  `id` bigint unsigned NOT NULL AUTO_INCREMENT,
  `name` varchar(255) CHARACTER SET utf8mb4 COLLATE utf8mb4_unicode_ci NOT NULL,
  `name_ar` varchar(255) CHARACTER SET utf8mb4 COLLATE utf8mb4_unicode_ci NOT NULL,
  `is_active` tinyint(1) NOT NULL DEFAULT '1',
  `sort_order` int NOT NULL DEFAULT '0',
  `created_at` timestamp NULL DEFAULT NULL,
  `updated_at` timestamp NULL DEFAULT NULL,
  PRIMARY KEY (`id`),
  KEY `governorates_is_active_index` (`is_active`)
) ENGINE=InnoDB AUTO_INCREMENT=163 DEFAULT CHARSET=utf8mb4 COLLATE=utf8mb4_unicode_ci;

-- Dumping data for table rosheta.governorates: ~27 rows (approximately)
INSERT INTO `governorates` (`id`, `name`, `name_ar`, `is_active`, `sort_order`, `created_at`, `updated_at`) VALUES
	(1, 'Cairo', 'القاهرة', 1, 1, '2025-10-31 22:41:56', '2025-10-31 22:41:56'),
	(2, 'Giza', 'الجيزة', 1, 2, '2025-10-31 22:41:56', '2025-10-31 22:41:56'),
	(3, 'Alexandria', 'الإسكندرية', 1, 3, '2025-10-31 22:41:56', '2025-10-31 22:41:56'),
	(4, 'Qalyubia', 'القليوبية', 1, 4, '2025-10-31 22:41:56', '2025-10-31 22:41:56'),
	(5, 'Dakahlia', 'الدقهلية', 1, 5, '2025-10-31 22:41:56', '2025-10-31 22:41:56'),
	(6, 'Sharqia', 'الشرقية', 1, 6, '2025-10-31 22:41:56', '2025-10-31 22:41:56'),
	(7, 'Gharbia', 'الغربية', 1, 7, '2025-10-31 22:41:56', '2025-10-31 22:41:56'),
	(8, 'Kafr El Sheikh', 'كفر الشيخ', 1, 8, '2025-10-31 22:41:56', '2025-10-31 22:41:56'),
	(9, 'Monufia', 'المنوفية', 1, 9, '2025-10-31 22:41:56', '2025-10-31 22:41:56'),
	(10, 'Beheira', 'البحيرة', 1, 10, '2025-10-31 22:41:56', '2025-10-31 22:41:56'),
	(11, 'Ismailia', 'الإسماعيلية', 1, 11, '2025-10-31 22:41:56', '2025-10-31 22:41:56'),
	(12, 'Port Said', 'بورسعيد', 1, 12, '2025-10-31 22:41:56', '2025-10-31 22:41:56'),
	(13, 'Suez', 'السويس', 1, 13, '2025-10-31 22:41:56', '2025-10-31 22:41:56'),
	(14, 'North Sinai', 'شمال سيناء', 1, 14, '2025-10-31 22:41:56', '2025-10-31 22:41:56'),
	(15, 'South Sinai', 'جنوب سيناء', 1, 15, '2025-10-31 22:41:56', '2025-10-31 22:41:56'),
	(16, 'Damietta', 'دمياط', 1, 16, '2025-10-31 22:41:56', '2025-10-31 22:41:56'),
	(17, 'Beni Suef', 'بني سويف', 1, 17, '2025-10-31 22:41:56', '2025-10-31 22:41:56'),
	(18, 'Faiyum', 'الفيوم', 1, 18, '2025-10-31 22:41:56', '2025-10-31 22:41:56'),
	(19, 'Minya', 'المنيا', 1, 19, '2025-10-31 22:41:56', '2025-10-31 22:41:56'),
	(20, 'Asyut', 'أسيوط', 1, 20, '2025-10-31 22:41:56', '2025-10-31 22:41:56'),
	(21, 'Sohag', 'سوهاج', 1, 21, '2025-10-31 22:41:56', '2025-10-31 22:41:56'),
	(22, 'Qena', 'قنا', 1, 22, '2025-10-31 22:41:56', '2025-10-31 22:41:56'),
	(23, 'Luxor', 'الأقصر', 1, 23, '2025-10-31 22:41:56', '2025-10-31 22:41:56'),
	(24, 'Aswan', 'أسوان', 1, 24, '2025-10-31 22:41:56', '2025-10-31 22:41:56'),
	(25, 'Red Sea', 'البحر الأحمر', 1, 25, '2025-10-31 22:41:56', '2025-10-31 22:41:56'),
	(26, 'New Valley', 'الوادي الجديد', 1, 26, '2025-10-31 22:41:56', '2025-10-31 22:41:56'),
	(27, 'Matruh', 'مطروح', 1, 27, '2025-10-31 22:41:56', '2025-10-31 22:41:56');

-- Dumping structure for table rosheta.jobs
CREATE TABLE IF NOT EXISTS `jobs` (
  `id` bigint unsigned NOT NULL AUTO_INCREMENT,
  `queue` varchar(255) COLLATE utf8mb4_unicode_ci NOT NULL,
  `payload` longtext COLLATE utf8mb4_unicode_ci NOT NULL,
  `attempts` tinyint unsigned NOT NULL,
  `reserved_at` int unsigned DEFAULT NULL,
  `available_at` int unsigned NOT NULL,
  `created_at` int unsigned NOT NULL,
  PRIMARY KEY (`id`),
  KEY `jobs_queue_index` (`queue`)
) ENGINE=InnoDB DEFAULT CHARSET=utf8mb4 COLLATE=utf8mb4_unicode_ci;

-- Dumping data for table rosheta.jobs: ~0 rows (approximately)

-- Dumping structure for table rosheta.job_batches
CREATE TABLE IF NOT EXISTS `job_batches` (
  `id` varchar(255) COLLATE utf8mb4_unicode_ci NOT NULL,
  `name` varchar(255) COLLATE utf8mb4_unicode_ci NOT NULL,
  `total_jobs` int NOT NULL,
  `pending_jobs` int NOT NULL,
  `failed_jobs` int NOT NULL,
  `failed_job_ids` longtext COLLATE utf8mb4_unicode_ci NOT NULL,
  `options` mediumtext COLLATE utf8mb4_unicode_ci,
  `cancelled_at` int DEFAULT NULL,
  `created_at` int NOT NULL,
  `finished_at` int DEFAULT NULL,
  PRIMARY KEY (`id`)
) ENGINE=InnoDB DEFAULT CHARSET=utf8mb4 COLLATE=utf8mb4_unicode_ci;

-- Dumping data for table rosheta.job_batches: ~0 rows (approximately)

-- Dumping structure for table rosheta.laboratories
CREATE TABLE IF NOT EXISTS `laboratories` (
  `id` bigint unsigned NOT NULL AUTO_INCREMENT,
  `user_id` bigint unsigned DEFAULT NULL,
  `area_id` bigint unsigned DEFAULT NULL,
  `name` varchar(255) COLLATE utf8mb4_unicode_ci NOT NULL,
  `phone` varchar(255) COLLATE utf8mb4_unicode_ci DEFAULT NULL,
  `email` varchar(255) COLLATE utf8mb4_unicode_ci DEFAULT NULL,
  `logo` varchar(255) COLLATE utf8mb4_unicode_ci DEFAULT NULL,
  `address` text COLLATE utf8mb4_unicode_ci,
  `location` varchar(255) COLLATE utf8mb4_unicode_ci DEFAULT NULL,
  `lat` decimal(11,8) DEFAULT NULL,
  `lng` decimal(11,8) DEFAULT NULL,
  `license_number` varchar(255) COLLATE utf8mb4_unicode_ci DEFAULT NULL,
  `manager_name` varchar(255) COLLATE utf8mb4_unicode_ci DEFAULT NULL,
  `manager_license` varchar(255) COLLATE utf8mb4_unicode_ci DEFAULT NULL,
  `opening_time` time DEFAULT NULL,
  `closing_time` time DEFAULT NULL,
  `is_active` tinyint(1) NOT NULL DEFAULT '1',
  `notes` text COLLATE utf8mb4_unicode_ci,
  `created_at` timestamp NULL DEFAULT NULL,
  `updated_at` timestamp NULL DEFAULT NULL,
  PRIMARY KEY (`id`),
  KEY `laboratories_user_id_foreign` (`user_id`),
  KEY `laboratories_area_id_foreign` (`area_id`),
  CONSTRAINT `laboratories_area_id_foreign` FOREIGN KEY (`area_id`) REFERENCES `areas` (`id`) ON DELETE SET NULL,
  CONSTRAINT `laboratories_user_id_foreign` FOREIGN KEY (`user_id`) REFERENCES `users` (`id`) ON DELETE SET NULL
) ENGINE=InnoDB AUTO_INCREMENT=8 DEFAULT CHARSET=utf8mb4 COLLATE=utf8mb4_unicode_ci;

-- Dumping data for table rosheta.laboratories: ~6 rows (approximately)
INSERT INTO `laboratories` (`id`, `user_id`, `area_id`, `name`, `phone`, `email`, `logo`, `address`, `location`, `lat`, `lng`, `license_number`, `manager_name`, `manager_license`, `opening_time`, `closing_time`, `is_active`, `notes`, `created_at`, `updated_at`) VALUES
	(1, 93, 177, 'معمل البرج', '01551095853', 'kimo151944@gmail.com', 'laboratories/logos/alborg.png', 'كمبوند النرجس الكيان العسكري العاصمة الادارية', '{"lat":30.133183627224238,"lng":31.15656034487793}', 30.13318363, 31.15656034, NULL, NULL, NULL, '09:00:00', '23:00:00', 1, NULL, '2025-11-24 17:11:49', '2025-11-24 17:11:49'),
	(2, 93, 629, 'Alpha Lab', '01045378838', 'alpha-lab@example.com', 'laboratories/logos/alpha.png', 'قليوب البلد القليوبية ', NULL, NULL, NULL, NULL, NULL, NULL, NULL, NULL, 1, NULL, '2025-11-25 12:46:19', '2025-11-25 12:46:19'),
	(3, 93, 211, 'معمل المختبر', '01020836206', 'beta-diagnostics@example.com', 'laboratories/logos/mkhtaber.png', 'Cairo, Egypt', NULL, NULL, NULL, NULL, NULL, NULL, NULL, NULL, 1, NULL, '2025-11-25 12:46:19', '2025-11-25 12:46:19'),
	(4, 93, 15, 'Gamma Labs', '01078630250', 'gamma-labs@example.com', 'laboratories/logos/laboratory-2.png', 'قليوب البلد القليوبية ', NULL, NULL, NULL, NULL, NULL, NULL, NULL, NULL, 1, NULL, '2025-11-25 12:46:19', '2025-11-25 12:46:19'),
	(5, 93, 15, 'Delta Medical', '01010422416', 'delta-medical@example.com', 'laboratories/logos/laboratory-3.png', 'Cairo, Egypt', NULL, NULL, NULL, NULL, NULL, NULL, NULL, NULL, 1, NULL, '2025-11-25 12:46:19', '2025-11-25 12:46:19'),
	(6, 93, 449, 'Omega Diagnostics', '01027213285', 'omega-diagnostics@example.com', 'laboratories/logos/laboratory-4.png', 'شارع شبرا الساحل ', NULL, NULL, NULL, NULL, NULL, NULL, NULL, NULL, 1, NULL, '2025-11-25 12:46:19', '2025-11-25 12:46:19');

-- Dumping structure for table rosheta.medical_tests
CREATE TABLE IF NOT EXISTS `medical_tests` (
  `id` bigint unsigned NOT NULL AUTO_INCREMENT,
  `test_name_en` text NOT NULL,
  `test_name_ar` text NOT NULL,
  `test_description` text,
  `created_at` date DEFAULT NULL,
  `updated_at` date DEFAULT NULL,
  `conditions` varchar(255) DEFAULT NULL,
  PRIMARY KEY (`id`)
) ENGINE=InnoDB AUTO_INCREMENT=489 DEFAULT CHARSET=utf8mb4 COLLATE=utf8mb4_0900_ai_ci;

-- Dumping data for table rosheta.medical_tests: ~488 rows (approximately)
INSERT INTO `medical_tests` (`id`, `test_name_en`, `test_name_ar`, `test_description`, `created_at`, `updated_at`, `conditions`) VALUES
	(1, 'Immunoglobulin E (IgE) Total', 'الجلوبيولين المناعي هـ (IgE) الكلي', 'الحساسية والعدوى الطفيلية', NULL, NULL, NULL),
	(2, 'Alpha Feto Protein (AFP)', 'ألفا فيتو بروتين (AFP)', 'تحليل مؤشرات الأورام', NULL, NULL, NULL),
	(3, 'CA 19.9', 'CA 19.9', 'مستضد السرطان في الدم', NULL, NULL, NULL),
	(4, 'Carcinoembryonic Antigen (CEA)', 'المستضد السرطاني المضغي (CEA)', 'المستضد السرطان المضغي في الجسم', NULL, NULL, NULL),
	(5, 'Erythrocyte Sedimentation Rate (ESR)', 'معدل ترسيب كريات الدم الحمراء (ESR)', 'سرعة ترسيب الدم', NULL, NULL, NULL),
	(6, 'HOMA-IR', 'HOMA-IR', 'تحليل مقاومة الإنسولين', NULL, NULL, NULL),
	(7, 'Rheumatoid Factor (quantitative)', 'العامل الروماتويدي (كمي)', 'تحليل عدوى الالتهابات في الجسم', NULL, NULL, NULL),
	(8, 'Zinc in Serum / Plasma', 'الزنك في المصل / البلازما', 'الزنك', NULL, NULL, NULL),
	(9, 'Copper in serum / Plasma', 'النحاس في المصل / البلازما', 'النحاس', NULL, NULL, NULL),
	(10, 'Hb A1c % {According to (DCCT/ NGSP)}', 'الهيموجلوبين السكري A1c %', 'تحليل السكر التراكمي', NULL, NULL, NULL),
	(11, 'F/T PSA Ratio', 'نسبة PSA الحر/الكلي', 'لزوجة السائل المنوي', NULL, NULL, NULL),
	(12, 'Prostatic Specific Antigen (PSA) Free', 'مستضد البروستاتا النوعي (PSA) الحر', 'تحليل سرطان البروستاتا', NULL, NULL, NULL),
	(13, 'Hemoglobin', 'الهيموجلوبين', 'الهيموجلوبين في الدم', NULL, NULL, NULL),
	(14, 'Hematocrit', 'الهيماتوكريت', 'نسبة كريات الدم الحمراء في الدم', NULL, NULL, NULL),
	(15, 'Red cell count', 'تعداد كريات الدم الحمراء', 'تعداد خلايا الدم الحمراء', NULL, NULL, NULL),
	(16, 'MCV', 'متوسط حجم الكرية', 'متوسط حجم خلايا الدم الحمراء', NULL, NULL, NULL),
	(17, 'MCH', 'متوسط هيموجلوبين الكرية', 'متوسط كمية الهيموجلوبين في خلية الدم الحمراء الواحدة', NULL, NULL, NULL),
	(18, 'MCHC', 'متوسط تركيز الهيموجلوبين في الكرية', 'تركيز الهيموجلوبين داخل خلايا الدم الحمراء', NULL, NULL, NULL),
	(19, 'RDW', 'عرض توزيع كريات الدم الحمراء', 'مدى تشتت حجم خلايا الدم الحمراء', NULL, NULL, NULL),
	(20, 'Total Leucocytic Count', 'التعداد الكلي لكريات الدم البيضاء', 'تحليل عدد كريات الدم البيضاء', NULL, NULL, NULL),
	(21, 'Basophils count (Percent Values)', 'تعداد الخلايا القاعدية (القيم المئوية)', 'نسبة خلايا الدم البيضاء القاعدية في الدم', NULL, NULL, NULL),
	(22, 'Basophils count (Absolute Values)', 'تعداد الخلايا القاعدية (القيم المطلقة)', 'نسبة خلايا الدم البيضاء القاعدية في الدم', NULL, NULL, NULL),
	(23, 'Eosinophils count (Percent Values)', 'تعداد الحمضات (القيم المئوية)', 'نسبة الحمضات في كريات الدم البيضاء', NULL, NULL, NULL),
	(24, 'Eosinophils count (Absolute Values)', 'تعداد الحمضات (القيم المطلقة)', 'نسبة الحمضات في كريات الدم البيضاء', NULL, NULL, NULL),
	(25, 'Neutrophils count (Percent Values)', 'تعداد العدلات (القيم المئوية)', 'مستوى العدلات المجزأة في كريات الدم البيضاء', NULL, NULL, NULL),
	(26, 'Neutrophils count (Absolute Values)', 'تعداد العدلات (القيم المطلقة)', 'مستوى العدلات المجزأة في كريات الدم البيضاء', NULL, NULL, NULL),
	(27, 'Lymphocytes count (Percent Values)', 'تعداد الخلايا اللمفاوية (القيم المئوية)', 'نسبة الخلايا اللمفاوية في الجسم', NULL, NULL, NULL),
	(28, 'Lymphocytes count (Absolute Values)', 'تعداد الخلايا اللمفاوية (القيم المطلقة)', 'نسبة الخلايا اللمفاوية في الجسم', NULL, NULL, NULL),
	(29, 'Monocytes count (Percent Values)', 'تعداد الخلايا الوحيدة (القيم المئوية)', 'نسبة الخلايا الأحادية في الدم', NULL, NULL, NULL),
	(30, 'Monocytes count (Absolute Values)', 'تعداد الخلايا الوحيدة (القيم المطلقة)', 'نسبة الخلايا الأحادية في الدم', NULL, NULL, NULL),
	(31, 'Platelet Count', 'تعداد الصفائح الدموية', 'تحليل صفائح الدم', NULL, NULL, NULL),
	(32, 'Colour', 'اللون', 'تحليل لون البول', NULL, NULL, NULL),
	(33, 'Aspect', 'المظهر', 'تحليل المظهر الخارجي للبول: رائحته ولونه', NULL, NULL, NULL),
	(34, 'Specific Gravity', 'الكثافة النوعية', 'تحليل كمية المواد الصلبة في البول', NULL, NULL, NULL),
	(35, 'pH', 'درجة الحموضة', 'نسبة الحموضة في البول', NULL, NULL, NULL),
	(36, 'Leucocyte esterase', 'إنزيم كريات الدم البيضاء', 'نسبة خلايا الدم البيضاء في البول', NULL, NULL, NULL),
	(37, 'Nitrite', 'النيتريت', 'العدوى البكتيرية في المسالك البولية', NULL, NULL, NULL),
	(38, 'Protein', 'البروتين', 'البروتين في البول', NULL, NULL, NULL),
	(39, 'Glucose', 'الجلوكوز', 'الجلوكوز في البول', NULL, NULL, NULL),
	(40, 'Ketones', 'الأجسام الكيتونية', 'المواد الدهنية التي تحلل الدهون في البول', NULL, NULL, NULL),
	(41, 'Urobilinogen', 'اليوروبيلينوجين', 'المادة الصفراء التي ينتجها الكبد', NULL, NULL, NULL),
	(42, 'Bilirubin', 'البيليروبين', 'أمراض الكبد وحصوات المرارة', NULL, NULL, NULL),
	(43, 'Blood', 'الدم', 'الدم', NULL, NULL, NULL),
	(44, 'Haemoglobin', 'الهيموجلوبين', 'الهيموجلوبين', NULL, NULL, NULL),
	(45, 'Pus Cells', 'خلايا الصديد', 'الصديد في البول', NULL, NULL, NULL),
	(46, 'RBCs', 'كريات الدم الحمراء', 'تعداد خلايا الدم الحمراء', NULL, NULL, NULL),
	(47, 'Epithelial Cells / HPF', 'الخلايا الطلائية / HPF', 'تحليل المواد المختلفة في البول', NULL, NULL, NULL),
	(48, 'Casts', 'أسطوانات البول', 'تحليل الاسطوانات البولية - للكشف عن التهابات البول', NULL, NULL, NULL),
	(49, 'Crystals', 'البلورات', 'تحليل بلورات البول للكشف عن حصوات الكلى', NULL, NULL, NULL),
	(50, 'Amorphous Elements', 'العناصر غير المتبلورة', 'تحليل بلورات اليوريا في البول', NULL, NULL, NULL),
	(51, 'Others', 'أخرى', 'أخرى', NULL, NULL, NULL),
	(52, 'Fasting blood sugar', 'سكر الدم الصائم', 'تحليل سكر الصائم', NULL, NULL, NULL),
	(53, 'Serum Total Cholesterol', 'الكوليسترول الكلي في المصل', 'تحليل الكلسترول الكلي', NULL, NULL, NULL),
	(54, 'Serum Triglycerides (TG)', 'الدهون الثلاثية في المصل (TG)', 'تحليل الدهون الثلاثية في الدم', NULL, NULL, NULL),
	(55, 'HDL Cholesterol', 'كوليسترول البروتين الدهني عالي الكثافة', 'تحليل الكلسترول النافع بالجسم', NULL, NULL, NULL),
	(56, 'LDL Cholesterol', 'كوليسترول البروتين الدهني منخفض الكثافة', 'تحليل الكلسترول الضار بالجسم', NULL, NULL, NULL),
	(57, 'Urea in Serum', 'اليوريا في المصل', 'نسبة اليوريا في الدم', NULL, NULL, NULL),
	(58, 'Creatinine in Serum', 'الكرياتينين في المصل', 'نسبة الكرياتينين في الدم لمراقبة وظائف الكلى', NULL, NULL, NULL),
	(59, 'Uric Acid in Serum', 'حمض اليوريك في المصل', 'تحليل حمض اليوريك في الدم للكشف عن النقرس', NULL, NULL, NULL),
	(60, 'Sodium (Na) in Serum', 'الصوديوم (Na) في المصل', 'تحليل الصوديوم في الدم للكشف على اضطرابات الكلى', NULL, NULL, NULL),
	(61, 'Potassium (K) in Serum', 'البوتاسيوم (K) في المصل', 'تحليل البوتاسيوم في الدم للكشف على امراض الكلى', NULL, NULL, NULL),
	(62, 'Chloride in Serum', 'الكلوريد في المصل', 'تحليل كلوريد الدم للكشف على أمراض الكبد والسكتة القلبية وأمراض الكلى وارتفاع ضغط الدم', NULL, NULL, NULL),
	(63, 'Alanine Aminotransferase (ALT)', 'ألانين أمينوترانسفيراز (ALT)', 'تحليل أنزيمات الكبد', NULL, NULL, NULL),
	(64, 'Aspartate Aminotransferase', 'أسبارتات أمينوترانسفيراز', 'تحليل أنزيمات الكبد', NULL, NULL, NULL),
	(65, 'Alkaline Phosphatase', 'الفوسفاتاز القلوي', 'تحليل نسبة الفوسفات القلوي في الدم', NULL, NULL, NULL),
	(66, 'Gamma Glutamyl Transferase (GGT)', 'جاما جلوتاميل ترانسفيراز (GGT)', 'تحليل أنزيمات الكبد', NULL, NULL, NULL),
	(67, 'Total Protein in Serum', 'البروتين الكلي في المصل', 'تحليل البروتين الكلي في الدم لمراقبة وظائف الكبد والكلى', NULL, NULL, NULL),
	(68, 'Albumin in Serum', 'الألبومين في المصل', 'تحليل الزلال في الدم', NULL, NULL, NULL),
	(69, 'Bilirubin (Total)', 'البيليروبين (الكلي)', 'تحليل الكشف عن تلف الكبد أوأمراض الكبد أو التهاب الكبد أو فقر الدم', NULL, NULL, NULL),
	(70, 'Bilirubin (Direct)', 'البيليروبين (المباشر)', 'تحليل الكشف عن تلف الكبد أوأمراض الكبد أو التهاب الكبد أو فقر الدم', NULL, NULL, NULL),
	(71, 'Calcium in Serum (Total)', 'الكالسيوم في المصل (الكلي)', 'تحليل الكالسيوم الكلي في الدم', NULL, NULL, NULL),
	(72, 'Iron (Fe) in Serum', 'الحديد (Fe) في المصل', 'تحليل الفيريتين- الحديد في الدم', NULL, NULL, NULL),
	(73, 'Total Iron Binding Capacity (TIBC)', 'السعة الكلية لربط الحديد (TIBC)', 'تحليل قياس قدرة الدم على حمل الحديد بواسطة البروتين', NULL, NULL, NULL),
	(74, 'Unsaturated Iron-Binding Capacity (UIBC)', 'سعة ربط الحديد غير المشبعة (UIBC)', 'قدرة ربط الحديد غير المشبعة', NULL, NULL, NULL),
	(75, 'Ferritin In Serum', 'الفيريتين في المصل', 'تحليل كمية الحديد المخزنة في الجسم', NULL, NULL, NULL),
	(76, 'Transferrin Saturation Ratio', 'نسبة تشبع الترانسفيرين', 'تحليل نقل الحديد عبر الجسم', NULL, NULL, NULL),
	(77, 'Magnesium (Mg) in Serum', 'المغنيسيوم (Mg) في المصل', 'نسبة المغنيسيوم في الجسم', NULL, NULL, NULL),
	(78, 'Phosphorus (P) in Serum', 'الفوسفور (P) في المصل', 'نسبة الفوسفور في الجسم', NULL, NULL, NULL),
	(79, 'Creatine Kinase (CK) Total', 'الكرياتين كيناز (CK) الكلي', 'تحليل إنزيم عضلات القلب الكلي', NULL, NULL, NULL),
	(80, 'Creatine Kinase MB (CK-MB)', 'الكرياتين كيناز MB (CK-MB)', 'تحليل إنزيم عضلات القلب الكلي', NULL, NULL, NULL),
	(81, 'Lactate Dehydrogenase (LDH)', 'اللاكتات ديهيدروجينيز (LDH)', 'تحليل إنزيم تحويل السكر إلى طاقة', NULL, NULL, NULL),
	(82, 'AST/ALT Ratio', 'نسبة AST/ALT', 'تحليل أنزيمات الكبد', NULL, NULL, NULL),
	(83, 'Very Low Density Lipoprotein (VLDL)', 'البروتين الدهني منخفض الكثافة جداً (VLDL)', 'تحليل البروتين الدهني المنخفض الكثافة', NULL, NULL, NULL),
	(84, 'C-Reactive Protein (CRP) quantitative', 'البروتين التفاعلي C (CRP) كمي', 'تحليل بروتين الالتهابات في الجسم', NULL, NULL, NULL),
	(85, 'Prostatic Specific Antigen (PSA) Total', 'مستضد البروستاتا النوعي (PSA) الكلي', 'تحليل الكشف عن سرطان البروستاتا', NULL, NULL, NULL),
	(86, 'Free T3', 'T3 الحر', 'هرمون ثلاثي يود الثيرونين', NULL, NULL, NULL),
	(87, 'Free T4', 'T4 الحر', 'هرمون الغدة الدرقية', NULL, NULL, NULL),
	(88, 'Testosterone (Free)', 'التستوستيرون (الحر)', 'هرمون الذكورة لدى الرجال', NULL, NULL, NULL),
	(89, 'Testosterone (Total)', 'التستوستيرون (الكلي)', 'هرمون الذكورة لدى الرجال', NULL, NULL, NULL),
	(90, 'Thyroid Stimulating Hormone (TSH)', 'الهرمون المنبه للغدة الدرقية (TSH)', 'الهرمون المحفز للغدة الدرقية', NULL, NULL, NULL),
	(91, 'A/G Ratio', 'نسبة الألبومين/الجلوبيولين', 'تحليل البروتين الكلي في الدم', NULL, NULL, NULL),
	(92, 'Lipase', 'الليباز', 'تحليل وظائف البنكرياس', NULL, NULL, NULL),
	(93, 'Amylase in Serum', 'الأميلاز في المصل', 'تحليل الكشف عن سرطان البنكرياس', NULL, NULL, NULL),
	(94, 'Globulin in Serum', 'الجلوبيولين في المصل', 'بروتين قياس مدى كفاءة الكبد', NULL, NULL, NULL),
	(95, 'Folic Acid in Serum', 'حمض الفوليك في المصل', 'تحليل حمض الفوليك في الدم', NULL, NULL, NULL),
	(96, 'Vitamin B12', 'فيتامين ب12', 'فيتامين ب12', NULL, NULL, NULL),
	(97, 'Vitamin D (25 OH-Vit D -Total)', 'فيتامين د (25 OH-Vit D -الكلي)', 'فيتامين د', NULL, NULL, NULL),
	(98, 'Insulin Level', 'مستوى الإنسولين', 'تحليل مستوى الانسولين', NULL, NULL, NULL),
	(99, 'Estimated Glomerular Filtration Rate (eGFR)', 'معدل الترشيح الكبيبي المقدر (eGFR)', 'تحليل وظائف الكلى', NULL, NULL, NULL),
	(100, 'Prothrombin Time (PT)', 'زمن البروثرومبين (PT)', 'تحليل تجلط الدم', NULL, NULL, NULL),
	(101, 'International Normalized Ratio (INR)', 'النسبة الدولية المعيارية (INR)', 'متابعة علاج مضادات التجلط', NULL, NULL, NULL),
	(102, 'Activated Partial Thromboplastin Time (aPTT)', 'زيم الثرومبوبلاستين الجزئي المنشط (aPTT)', 'تحليل سيولة الدم', NULL, NULL, NULL),
	(103, 'Fibrinogen', 'الفيبرينوجين', 'بروتين التجلط في الدم', NULL, NULL, NULL),
	(104, 'D-Dimer', 'داي دايمر', 'الكشف عن الجلطات الدموية', NULL, NULL, NULL),
	(105, 'Antithrombin III', 'مضاد الثرومبين الثالث', 'تحليل مضادات التجلط الطبيعية', NULL, NULL, NULL),
	(106, 'Protein C', 'البروتين C', 'تحليل مضادات التجلط', NULL, NULL, NULL),
	(107, 'Protein S', 'البروتين S', 'تحليل مضادات التجلط', NULL, NULL, NULL),
	(108, 'Lupus Anticoagulant', 'مضاد التجلط الذئبي', 'تشخيص متلازمة مضادات الفوسفوليبيد', NULL, NULL, NULL),
	(109, 'Anti-Cardiolipin Antibodies', 'أجسام مضادة للكارديوليبين', 'تشخيص أمراض المناعة الذاتية', NULL, NULL, NULL),
	(110, 'Beta-2 Glycoprotein I Antibodies', 'أجسام مضادة لبيتا-2 جليكوبروتين', 'تشخيص أمراض المناعة الذاتية', NULL, NULL, NULL),
	(111, 'Factor V Leiden', 'عامل V لايدن', 'تحليل قابلية التجلط الوراثية', NULL, NULL, NULL),
	(112, 'Prothrombin Gene Mutation', 'طفرة جين البروثرومبين', 'تحليل قابلية التجلط الوراثية', NULL, NULL, NULL),
	(113, 'Bleeding Time', 'زمن النزف', 'قياس وظائف الصفائح الدموية', NULL, NULL, NULL),
	(114, 'Clotting Time', 'زمن التجلط', 'قياس عملية التجلط', NULL, NULL, NULL),
	(115, 'Platelet Function Analysis', 'تحليل وظائف الصفائح الدموية', 'تقييم كفاءة الصفائح الدموية', NULL, NULL, NULL),
	(116, 'Von Willebrand Factor', 'عامل فون ويلبراند', 'تشخيص مرض فون ويلبراند', NULL, NULL, NULL),
	(117, 'Ristocetin Cofactor Activity', 'نشاط العامل المساعد للريستوسيتين', 'تشخيص أمراض النزف', NULL, NULL, NULL),
	(118, 'Factor VIII Activity', 'نشاط العامل الثامن', 'تشخيص الهيموفيليا أ', NULL, NULL, NULL),
	(119, 'Factor IX Activity', 'نشاط العامل التاسع', 'تشخيص الهيموفيليا ب', NULL, NULL, NULL),
	(120, 'Factor XI Activity', 'نشاط العامل الحادي عشر', 'تشخيص نقص العامل الحادي عشر', NULL, NULL, NULL),
	(121, 'Factor XII Activity', 'نشاط العامل الثاني عشر', 'تشخيص نقص العامل الثاني عشر', NULL, NULL, NULL),
	(122, 'Osmolality Serum', 'الضغط الأسموزي للمصل', 'قياس تركيز المواد الذائبة في الدم', NULL, NULL, NULL),
	(123, 'Osmolality Urine', 'الضغط الأسموزي للبول', 'تقييم وظائف الكلى', NULL, NULL, NULL),
	(124, 'Anion Gap', 'الفجوة الأنيونية', 'تقييم حالة الحمضية والقاعدية', NULL, NULL, NULL),
	(125, 'Lactic Acid', 'حمض اللاكتيك', 'قياس الأكسجة الأنسجة', NULL, NULL, NULL),
	(126, 'Pyruvate', 'البيروفات', 'تقييم عملية الأيض', NULL, NULL, NULL),
	(127, 'Ammonia', 'الأمونيا', 'تقييم وظائف الكبد', NULL, NULL, NULL),
	(128, 'Acetone', 'الأسيتون', 'الكشف عن الحماض الكيتوني', NULL, NULL, NULL),
	(129, 'Ethanol', 'الإيثانول', 'قياس مستوى الكحول في الدم', NULL, NULL, NULL),
	(130, 'Methanol', 'الميثانول', 'تشخيص التسمم بالميثانول', NULL, NULL, NULL),
	(131, 'Ethylene Glycol', 'الإيثيلين جليكول', 'تشخيص التسمم بمضاد التجمد', NULL, NULL, NULL),
	(132, 'Salicylate', 'الساليسيلات', 'تشخيص التسمم بالأسبرين', NULL, NULL, NULL),
	(133, 'Acetaminophen', 'الأسيتامينوفين', 'تشخيص التسمم بالباراسيتامول', NULL, NULL, NULL),
	(134, 'Lithium', 'الليثيوم', 'متابعة علاج الاضطرابات النفسية', NULL, NULL, NULL),
	(135, 'Carbamazepine', 'الكاربامازيبين', 'متابعة علاج الصرع', NULL, NULL, NULL),
	(136, 'Phenytoin', 'الفينيتوين', 'متابعة علاج الصرع', NULL, NULL, NULL),
	(137, 'Valproic Acid', 'حمض الفالبرويك', 'متابعة علاج الصرع', NULL, NULL, NULL),
	(138, 'Phenobarbital', 'الفينوباربيتال', 'متابعة علاج الصرع', NULL, NULL, NULL),
	(139, 'Digoxin', 'الديجوكسين', 'متابعة علاج القلب', NULL, NULL, NULL),
	(140, 'Theophylline', 'الثيوفيلين', 'متابعة علاج الربو', NULL, NULL, NULL),
	(141, 'Cyclosporine', 'السيكلوسبورين', 'متابعة علاج كبت المناعة', NULL, NULL, NULL),
	(142, 'Tacrolimus', 'التاكروليمس', 'متابعة علاج كبت المناعة', NULL, NULL, NULL),
	(143, 'Sirolimus', 'السيروليمس', 'متابعة علاج كبت المناعة', NULL, NULL, NULL),
	(144, 'Mycophenolic Acid', 'حمض المايكوفينوليك', 'متابعة علاج كبت المناعة', NULL, NULL, NULL),
	(145, 'Methotrexate', 'الميثوتريكسات', 'متابعة علاج السرطان وأمراض المناعة', NULL, NULL, NULL),
	(146, '5-Fluorouracil', '5-فلورويوراسيل', 'متابعة علاج السرطان', NULL, NULL, NULL),
	(147, 'Imatinib', 'الإيماتينيب', 'متابعة علاج سرطان الدم', NULL, NULL, NULL),
	(148, 'Vancomycin', 'الفانكوميسين', 'متابعة علاج العدوى البكتيرية', NULL, NULL, NULL),
	(149, 'Gentamicin', 'الجنتاميسين', 'متابعة علاج العدوى البكتيرية', NULL, NULL, NULL),
	(150, 'Amikacin', 'الأميكاسين', 'متابعة علاج العدوى البكتيرية', NULL, NULL, NULL),
	(151, 'Tobramycin', 'التوبراميسين', 'متابعة علاج العدوى البكتيرية', NULL, NULL, NULL),
	(152, 'Quinine', 'الكينين', 'متابعة علاج الملاريا', NULL, NULL, NULL),
	(153, 'Chloroquine', 'الكلوروكين', 'متابعة علاج الملاريا', NULL, NULL, NULL),
	(154, 'Hydroxychloroquine', 'الهيدروكسي كلوروكين', 'متابعة علاج الملاريا والروماتويد', NULL, NULL, NULL),
	(155, 'Colchicine', 'الكولشيسين', 'متابعة علاج النقرس', NULL, NULL, NULL),
	(156, 'Allopurinol', 'الالوبيورينول', 'متابعة علاج النقرس', NULL, NULL, NULL),
	(157, 'Probenecid', 'البروبينسيد', 'متابعة علاج النقرس', NULL, NULL, NULL),
	(158, 'Warfarin', 'الوارفارين', 'متابعة علاج مضادات التجلط', NULL, NULL, NULL),
	(159, 'Rivaroxaban', 'الريفاروكسابان', 'متابعة علاج مضادات التجلط', NULL, NULL, NULL),
	(160, 'Apixaban', 'الابيكسابان', 'متابعة علاج مضادات التجلط', NULL, NULL, NULL),
	(161, 'Dabigatran', 'الدابيغاتران', 'متابعة علاج مضادات التجلط', NULL, NULL, NULL),
	(162, 'Heparin', 'الهيبارين', 'متابعة علاج مضادات التجلط', NULL, NULL, NULL),
	(163, 'Enoxaparin', 'الإنوكسابارين', 'متابعة علاج مضادات التجلط', NULL, NULL, NULL),
	(164, 'Fondaparinux', 'الفوندابارينكس', 'متابعة علاج مضادات التجلط', NULL, NULL, NULL),
	(165, 'Clopidogrel', 'الكلوبيدوجريل', 'متابعة علاج مضادات الصفائح', NULL, NULL, NULL),
	(166, 'Prasugrel', 'البراسوجريل', 'متابعة علاج مضادات الصفائح', NULL, NULL, NULL),
	(167, 'Ticagrelor', 'التيكاجريلور', 'متابعة علاج مضادات الصفائح', NULL, NULL, NULL),
	(168, 'Aspirin', 'الأسبرين', 'متابعة علاج مضادات الصفائح', NULL, NULL, NULL),
	(169, 'Dipyridamole', 'الديبيريدامول', 'متابعة علاج مضادات الصفائح', NULL, NULL, NULL),
	(170, 'Cilostazol', 'السيلوستازول', 'متابعة علاج أمراض الأوعية الدموية', NULL, NULL, NULL),
	(171, 'Pentoxifylline', 'البنتوكسيفيلين', 'متابعة علاج أمراض الأوعية الدموية', NULL, NULL, NULL),
	(172, 'Nitroglycerin', 'النيتروجليسرين', 'متابعة علاج الذبحة الصدرية', NULL, NULL, NULL),
	(173, 'Isosorbide Mononitrate', 'أيزوسوربايد مونونيترات', 'متابعة علاج الذبحة الصدرية', NULL, NULL, NULL),
	(174, 'Isosorbide Dinitrate', 'أيزوسوربايد داينيترات', 'متابعة علاج الذبحة الصدرية', NULL, NULL, NULL),
	(175, 'Hydralazine', 'الهيدرالازين', 'متابعة علاج ارتفاع ضغط الدم', NULL, NULL, NULL),
	(176, 'Minoxidil', 'المينوكسيديل', 'متابعة علاج ارتفاع ضغط الدم', NULL, NULL, NULL),
	(177, 'Clonidine', 'الكلونيدين', 'متابعة علاج ارتفاع ضغط الدم', NULL, NULL, NULL),
	(178, 'Methyldopa', 'الميثيلدوبا', 'متابعة علاج ارتفاع ضغط الدم', NULL, NULL, NULL),
	(179, 'Reserpine', 'الريزربين', 'متابعة علاج ارتفاع ضغط الدم', NULL, NULL, NULL),
	(180, 'Guanethidine', 'الجوانيثيدين', 'متابعة علاج ارتفاع ضغط الدم', NULL, NULL, NULL),
	(181, 'Prazosin', 'البرازوسين', 'متابعة علاج ارتفاع ضغط الدم', NULL, NULL, NULL),
	(182, 'Terazosin', 'التيرازوسين', 'متابعة علاج ارتفاع ضغط الدم', NULL, NULL, NULL),
	(183, 'Doxazosin', 'الدوكسازوسين', 'متابعة علاج ارتفاع ضغط الدم', NULL, NULL, NULL),
	(184, 'Phenoxybenzamine', 'الفينوكسيبنزامين', 'متابعة علاج ورم القواتم', NULL, NULL, NULL),
	(185, 'Phentolamine', 'الفينتولامين', 'متابعة علاج ورم القواتم', NULL, NULL, NULL),
	(186, 'Propranolol', 'البروبانولول', 'متابعة علاج ارتفاع ضغط الدم والقلب', NULL, NULL, NULL),
	(187, 'Metoprolol', 'الميتوبرولول', 'متابعة علاج ارتفاع ضغط الدم والقلب', NULL, NULL, NULL),
	(188, 'Atenolol', 'الأتينولول', 'متابعة علاج ارتفاع ضغط الدم والقلب', NULL, NULL, NULL),
	(189, 'Nadolol', 'النادولول', 'متابعة علاج ارتفاع ضغط الدم والقلب', NULL, NULL, NULL),
	(190, 'Timolol', 'التيمولول', 'متابعة علاج ارتفاع ضغط الدم والجلوكوما', NULL, NULL, NULL),
	(191, 'Labetalol', 'اللابيتالول', 'متابعة علاج ارتفاع ضغط الدم', NULL, NULL, NULL),
	(192, 'Carvedilol', 'الكارفيديلول', 'متابعة علاج ارتفاع ضغط الدم وفشل القلب', NULL, NULL, NULL),
	(193, 'Nebivolol', 'النيبيفولول', 'متابعة علاج ارتفاع ضغط الدم', NULL, NULL, NULL),
	(194, 'Bisoprolol', 'البيسوبرولول', 'متابعة علاج ارتفاع ضغط الدم وفشل القلب', NULL, NULL, NULL),
	(195, 'Esmolol', 'الإسمولول', 'متابعة علاج عدم انتظام ضربات القلب', NULL, NULL, NULL),
	(196, 'Sotalol', 'السوتالول', 'متابعة علاج عدم انتظام ضربات القلب', NULL, NULL, NULL),
	(197, 'Amiodarone', 'الأميودارون', 'متابعة علاج عدم انتظام ضربات القلب', NULL, NULL, NULL),
	(198, 'Dronedarone', 'الدرونيدارون', 'متابعة علاج عدم انتظام ضربات القلب', NULL, NULL, NULL),
	(199, 'Flecainide', 'الفليكاينيد', 'متابعة علاج عدم انتظام ضربات القلب', NULL, NULL, NULL),
	(200, 'Propafenone', 'البروبافينون', 'متابعة علاج عدم انتظام ضربات القلب', NULL, NULL, NULL),
	(201, 'Mexiletine', 'الميكسيليتين', 'متابعة علاج عدم انتظام ضربات القلب', NULL, NULL, NULL),
	(202, 'Lidocaine', 'الليدوكائين', 'متابعة علاج عدم انتظام ضربات القلب', NULL, NULL, NULL),
	(203, 'Quinidine', 'الكينيدين', 'متابعة علاج عدم انتظام ضربات القلب', NULL, NULL, NULL),
	(204, 'Disopyramide', 'الديسوبيراميد', 'متابعة علاج عدم انتظام ضربات القلب', NULL, NULL, NULL),
	(205, 'Procainamide', 'البروكائيناميد', 'متابعة علاج عدم انتظام ضربات القلب', NULL, NULL, NULL),
	(206, 'Ibutilide', 'الإيبوتيليد', 'متابعة علاج عدم انتظام ضربات القلب', NULL, NULL, NULL),
	(207, 'Dofetilide', 'الدوفيتيليد', 'متابعة علاج عدم انتظام ضربات القلب', NULL, NULL, NULL),
	(208, 'Verapamil', 'الفيراباميل', 'متابعة علاج ارتفاع ضغط الدم وعدم انتظام ضربات القلب', NULL, NULL, NULL),
	(209, 'Diltiazem', 'الديلتيازيم', 'متابعة علاج ارتفاع ضغط الدم وعدم انتظام ضربات القلب', NULL, NULL, NULL),
	(210, 'Nifedipine', 'النيفيديبين', 'متابعة علاج ارتفاع ضغط الدم والذبحة الصدرية', NULL, NULL, NULL),
	(211, 'Amlodipine', 'الأملوديبين', 'متابعة علاج ارتفاع ضغط الدم والذبحة الصدرية', NULL, NULL, NULL),
	(212, 'Felodipine', 'الفيلوديبين', 'متابعة علاج ارتفاع ضغط الدم', NULL, NULL, NULL),
	(213, 'Isradipine', 'الإسراديبين', 'متابعة علاج ارتفاع ضغط الدم', NULL, NULL, NULL),
	(214, 'Nicardipine', 'النيكارديبين', 'متابعة علاج ارتفاع ضغط الدم', NULL, NULL, NULL),
	(215, 'Nimodipine', 'النيموديبين', 'متابعة علاج النزف تحت العنكبوتية', NULL, NULL, NULL),
	(216, 'Clevidipine', 'الكليفيديبين', 'متابعة علاج ارتفاع ضغط الدم الحاد', NULL, NULL, NULL),
	(217, 'Nitrendipine', 'النيترينديبين', 'متابعة علاج ارتفاع ضغط الدم', NULL, NULL, NULL),
	(218, 'Lercanidipine', 'الليركانيديبين', 'متابعة علاج ارتفاع ضغط الدم', NULL, NULL, NULL),
	(219, 'Benidipine', 'البينيديبين', 'متابعة علاج ارتفاع ضغط الدم', NULL, NULL, NULL),
	(220, 'Barnidipine', 'البارنيديبين', 'متابعة علاج ارتفاع ضغط الدم', NULL, NULL, NULL),
	(221, 'Azelnidipine', 'الأزيلنيديبين', 'متابعة علاج ارتفاع ضغط الدم', NULL, NULL, NULL),
	(222, 'Efonidipine', 'الإيفونيديبين', 'متابعة علاج ارتفاع ضغط الدم', NULL, NULL, NULL),
	(223, 'Pranidipine', 'البرانيديبين', 'متابعة علاج ارتفاع ضغط الدم', NULL, NULL, NULL),
	(224, 'Nilvadipine', 'النيلفاديبين', 'متابعة علاج ارتفاع ضغط الدم', NULL, NULL, NULL),
	(225, 'Nisoldipine', 'النيسولديبين', 'متابعة علاج ارتفاع ضغط الدم', NULL, NULL, NULL),
	(226, 'Manidipine', 'المانيديبين', 'متابعة علاج ارتفاع ضغط الدم', NULL, NULL, NULL),
	(227, 'Cilnidipine', 'السيلنيديبين', 'متابعة علاج ارتفاع ضغط الدم', NULL, NULL, NULL),
	(228, 'Arginine Vasopressin', 'أرجينين فازوبريسين', 'تقييم اضطرابات توازن الماء', NULL, NULL, NULL),
	(229, 'Aldosterone', 'الألدوستيرون', 'تقييم اضطرابات ضغط الدم والشوارد', NULL, NULL, NULL),
	(230, 'Renin Activity', 'نشاط الرينين', 'تقييم نظام الرينين-أنجيوتنسين', NULL, NULL, NULL),
	(231, 'Angiotensin I', 'أنجيوتنسين I', 'تقييم نظام الرينين-أنجيوتنسين', NULL, NULL, NULL),
	(232, 'Angiotensin II', 'أنجيوتنسين II', 'تقييم نظام الرينين-أنجيوتنسين', NULL, NULL, NULL),
	(233, 'Endothelin-1', 'إندوثيلين-1', 'تقييم وظائف الأوعية الدموية', NULL, NULL, NULL),
	(234, 'Atrial Natriuretic Peptide (ANP)', 'الببتيد المدر للصوديوم الأذيني (ANP)', 'تقييم وظائف القلب', NULL, NULL, NULL),
	(235, 'Brain Natriuretic Peptide (BNP)', 'الببتيد المدر للصوديوم الدماغي (BNP)', 'تشخيص فشل القلب', NULL, NULL, NULL),
	(236, 'N-terminal proBNP (NT-proBNP)', 'الطرف الأميني للبروببتيد BNP (NT-proBNP)', 'تشخيص فشل القلب', NULL, NULL, NULL),
	(237, 'Mid-regional proANP (MR-proANP)', 'منطقة منتصف البروببتيد ANP (MR-proANP)', 'تشخيص فشل القلب', NULL, NULL, NULL),
	(238, 'Copeptin', 'كوبيبتين', 'تقييم الإجهاد وفشل القلب', NULL, NULL, NULL),
	(239, 'Adrenomedullin', 'أدرينوميدولين', 'تقييم وظائف الأوعية الدموية', NULL, NULL, NULL),
	(240, 'Vasostatin-1', 'فازوستاتين-1', 'تقييم وظائف القلب', NULL, NULL, NULL),
	(241, 'Chromogranin A', 'كروموغرانين A', 'تشخيص أورام الغدد الصماء', NULL, NULL, NULL),
	(242, 'Neuron-Specific Enolase (NSE)', 'إنولاز محدد للخلايا العصبية (NSE)', 'تشخيص أورام الرئة والجهاز العصبي', NULL, NULL, NULL),
	(243, 'S100 Protein', 'بروتين S100', 'تشخيص أورام الجلد والجهاز العصبي', NULL, NULL, NULL),
	(244, 'Glial Fibrillary Acidic Protein (GFAP)', 'بروتين الحمض الليفي الدبقي (GFAP)', 'تشخيص أورام الجهاز العصبي', NULL, NULL, NULL),
	(245, 'Tau Protein', 'بروتين تاو', 'تشخيص أمراض الخرف', NULL, NULL, NULL),
	(246, 'Amyloid Beta 42', 'أميلويد بيتا 42', 'تشخيص مرض الزهايمر', NULL, NULL, NULL),
	(247, 'Amyloid Beta 40', 'أميلويد بيتا 40', 'تشخيص مرض الزهايمر', NULL, NULL, NULL),
	(248, 'Phospho-Tau', 'فوسفو-تاو', 'تشخيص مرض الزهايمر', NULL, NULL, NULL),
	(249, 'Neurofilament Light Chain', 'سلسلة خفيفة من الخيوط العصبية', 'تشخيص أمراض الجهاز العصبي', NULL, NULL, NULL),
	(250, 'Alpha-Synuclein', 'ألفا-ساينوكلين', 'تشخيص مرض باركنسون', NULL, NULL, NULL),
	(251, 'Urine Culture and Sensitivity', 'مزرعة البول والحساسية', 'الكشف عن البكتيريا في البول واختبار المضادات الحيوية المناسبة', NULL, NULL, NULL),
	(252, 'Urine Protein/Creatinine Ratio', 'نسبة البروتين/الكرياتينين في البول', 'تقييم كمية البروتين في البول بدقة', NULL, NULL, NULL),
	(253, 'Urine Albumin/Creatinine Ratio', 'نسبة الألبومين/الكرياتينين في البول', 'الكشف عن اعتلال الكلى السكري', NULL, NULL, NULL),
	(254, 'Urine Sodium', 'الصوديوم في البول', 'تقييم وظائف الكلى وتوازن السوائل', NULL, NULL, NULL),
	(255, 'Urine Potassium', 'البوتاسيوم في البول', 'تقييم وظائف الكلى واضطرابات الشوارد', NULL, NULL, NULL),
	(256, 'Urine Chloride', 'الكلوريد في البول', 'تقييم التوازن الحمضي القاعدي', NULL, NULL, NULL),
	(257, 'Urine Calcium', 'الكالسيوم في البول', 'تقييم اضطرابات الكالسيوم وحصوات الكلى', NULL, NULL, NULL),
	(258, 'Urine Phosphorus', 'الفوسفور في البول', 'تقييم اضطرابات الفوسفات', NULL, NULL, NULL),
	(259, 'Urine Uric Acid', 'حمض اليوريك في البول', 'تقييم خطر النقرس وحصوات الكلى', NULL, NULL, NULL),
	(260, 'Urine Oxalate', 'الأوكسالات في البول', 'تقييم خطر حصوات الكلى', NULL, NULL, NULL),
	(261, 'Urine Citrate', 'السيترات في البول', 'تقييم خطر حصوات الكلى', NULL, NULL, NULL),
	(262, 'Urine Magnesium', 'المغنيسيوم في البول', 'تقييم اضطرابات المغنيسيوم', NULL, NULL, NULL),
	(263, 'Urine Creatinine', 'الكرياتينين في البول', 'حساب تصفية الكرياتينين', NULL, NULL, NULL),
	(264, 'Urine Urea', 'اليوريا في البول', 'تقييم وظائف الكلى', NULL, NULL, NULL),
	(265, 'Urine Osmolality', 'الضغط الأسموزي للبول', 'تقييم قدرة الكلى على تركيز البول', NULL, NULL, NULL),
	(266, '24-Hour Urine Protein', 'بروتين البول 24 ساعة', 'قياس كمية البروتين المفقودة في البول', NULL, NULL, NULL),
	(267, '24-Hour Urine Creatinine Clearance', 'تصفية الكرياتينين 24 ساعة', 'تقيير معدل الترشيح الكبيبي', NULL, NULL, NULL),
	(268, '24-Hour Urine Calcium', 'كالسيوم البول 24 ساعة', 'تقييم اضطرابات الكالسيوم', NULL, NULL, NULL),
	(269, '24-Hour Urine Volume', 'حجم البول 24 ساعة', 'تقيير وظائف الكلى وتوازن السوائل', NULL, NULL, NULL),
	(270, 'Urine Myoglobin', 'الميوجلوبين في البول', 'الكشف عن تلف العضلات', NULL, NULL, NULL),
	(271, 'Human Chorionic Gonadotropin (HCG) Quantitative', 'موجهة الغدد التناسلية المشيمائية البشرية (HCG) كمي', 'تأكيد الحمل ومتابعة تطوره', NULL, NULL, NULL),
	(272, 'Human Chorionic Gonadotropin (HCG) Qualitative', 'موجهة الغدد التناسلية المشيمائية البشرية (HCG) نوعي', 'الكشف عن الحمل', NULL, NULL, NULL),
	(273, 'Progesterone in Pregnancy', 'البروجسترون أثناء الحمل', 'متابعة صحة الحمل', NULL, NULL, NULL),
	(274, 'Estriol (E3) Unconjugated', 'الإستريول غير المقترن (E3)', 'تقييم صحة الجنين', NULL, NULL, NULL),
	(275, 'Pregnancy-Associated Plasma Protein-A (PAPP-A)', 'بروتين البلازما المرتبط بالحمل أ (PAPP-A)', 'فحص تشوهات الجنين', NULL, NULL, NULL),
	(276, 'Inhibin A', 'إنهيبين أ', 'فحص متلازمة داون', NULL, NULL, NULL),
	(277, 'Placental Growth Factor (PLGF)', 'عامل نمو المشيمة (PLGF)', 'تقييم صحة المشيمة', NULL, NULL, NULL),
	(278, 'Soluble fms-like tyrosine kinase-1 (sFlt-1)', 'كيناز التيروسين شبيه fms الذائب-1 (sFlt-1)', 'تقييم خطر تسمم الحمل', NULL, NULL, NULL),
	(279, 'Anti-Müllerian Hormone (AMH)', 'الهرمون المضاد لمولر (AMH)', 'تقيير احتياطي المبيض', NULL, NULL, NULL),
	(280, 'Luteinizing Hormone (LH)', 'الهرمون المنشط للجسم الأصفر (LH)', 'تقيير الخصوبة والإباضة', NULL, NULL, NULL),
	(281, 'Follicle-Stimulating Hormone (FSH)', 'الهرمون المنبه للجريب (FSH)', 'تقيير الخصوبة ووظائف المبيض', NULL, NULL, NULL),
	(282, 'Prolactin', 'البرولاكتين', 'تقيير الخصوبة وإدرار الحليب', NULL, NULL, NULL),
	(283, 'Estradiol (E2)', 'الإستراديول (E2)', 'تقيير وظائف المبيض والخصوبة', NULL, NULL, NULL),
	(284, 'Progesterone', 'البروجسترون', 'تقيير الإباضة ووظائف الجسم الأصفر', NULL, NULL, NULL),
	(285, 'Anti-Sperm Antibodies', 'الأجسام المضادة للحيوانات المنوية', 'تشخيص عقم المناعة', NULL, NULL, NULL),
	(286, 'Semen Analysis', 'تحليل السائل المنوي', 'تقيير خصوبة الرجل', NULL, NULL, NULL),
	(287, 'Sperm Morphology', 'شكل الحيوانات المنوية', 'تقيير جودة الحيوانات المنوية', NULL, NULL, NULL),
	(288, 'Sperm Motility', 'حركة الحيوانات المنوية', 'تقيير قدرة الحيوانات المنوية على الحركة', NULL, NULL, NULL),
	(289, 'Sperm Count', 'عدد الحيوانات المنوية', 'تقيير كمية الحيوانات المنوية', NULL, NULL, NULL),
	(290, 'Post-Coital Test', 'اختبار ما بعد الجماع', 'تقيير تفاعل الحيوانات المنوية مع مخاط عنق الرحم', NULL, NULL, NULL),
	(291, 'Reticulocyte Count', 'تعداد الخلايا الشبكية', 'تقيير نشاط نخاع العظم', NULL, NULL, NULL),
	(292, 'Reticulocyte Hemoglobin Content', 'محتوى الهيموجلوبين في الخلايا الشبكية', 'تقيير مخزون الحديد', NULL, NULL, NULL),
	(293, 'Erythropoietin Level', 'مستوى الإريثروبويتين', 'تقيير إنتاج خلايا الدم الحمراء', NULL, NULL, NULL),
	(294, 'Haptoglobin', 'الهابتوجلوبين', 'تشخيص انحلال الدم', NULL, NULL, NULL),
	(295, 'Lactate Dehydrogenase (LDH) Isoenzymes', 'أنزيم LDH متساوي الأنزيمات', 'تحديد مصدر ارتفاع LDH', NULL, NULL, NULL),
	(296, 'Direct Coombs Test', 'اختبار كومبس المباشر', 'الكشف عن الأجسام المضادة على خلايا الدم الحمراء', NULL, NULL, NULL),
	(297, 'Indirect Coombs Test', 'اختبار كومبس غير المباشر', 'الكشف عن الأجسام المضادة في البلازما', NULL, NULL, NULL),
	(298, 'Cold Agglutinins', 'التراص البارد', 'تشخيص أمراض المناعة الذاتية', NULL, NULL, NULL),
	(299, 'Warm Autoantibodies', 'الأجسام المضادة الذاتية الدافئة', 'تشخيص انحلال الدم المناعي', NULL, NULL, NULL),
	(300, 'Hemoglobin Electrophoresis', 'رحلان الهيموجلوبين', 'تشخيص أمراض الهيموجلوبين مثل الثلاسيميا والأنيميا المنجلية', NULL, NULL, NULL),
	(301, 'Glucose-6-Phosphate Dehydrogenase (G6PD)', 'أنزيم G6PD', 'تشخيص نقص أنزيم G6PD', NULL, NULL, NULL),
	(302, 'Pyruvate Kinase', 'أنزيم البيروفات كيناز', 'تشخيص أنيميا انحلال الدم', NULL, NULL, NULL),
	(303, 'Methemoglobin', 'الميثيموجلوبين', 'تشخيص تسمم الميثيموجلوبين', NULL, NULL, NULL),
	(304, 'Carboxyhemoglobin', 'الكاربوكسي هيموجلوبين', 'تشخيص تسمم أول أكسيد الكربون', NULL, NULL, NULL),
	(305, 'Glycated Hemoglobin (HbA1c)', 'الهيموجلوبين السكري (HbA1c)', 'متابعة السكري لمدة 3 أشهر', NULL, NULL, NULL),
	(306, 'Fetal Hemoglobin (HbF)', 'هيموجلوبين الجنين (HbF)', 'تشخيص الثلاسيميا وأمراض الدم', NULL, NULL, NULL),
	(307, 'Hemoglobin A2 (HbA2)', 'هيموجلوبين A2 (HbA2)', 'تشخيص حامل الثلاسيميا', NULL, NULL, NULL),
	(308, 'Sickle Cell Test', 'اختبار الخلية المنجلية', 'الكشف عن الأنيميا المنجلية', NULL, NULL, NULL),
	(309, 'Osmotic Fragility Test', 'اختبار الهشاشة الأسموزية', 'تشخيص كثرة الكريات الحمر الكروية', NULL, NULL, NULL),
	(310, 'Erythrocyte Porphyrins', 'البورفيرينات في كريات الدم الحمراء', 'تشخيص البورفيريا', NULL, NULL, NULL),
	(311, 'Random Blood Sugar', 'سكر الدم العشوائي', 'قياس مستوى الجلوكوز في أي وقت', NULL, NULL, NULL),
	(312, 'Postprandial Blood Sugar (2-hour)', 'سكر الدم بعد الأكل بساعتين', 'قياس استجابة الجسم للسكر بعد الوجبة', NULL, NULL, NULL),
	(313, 'Oral Glucose Tolerance Test (OGTT)', 'اختبار تحمل الجلوكوز الفموي (OGTT)', 'تشخيص مقدمات السكري والسكري', NULL, NULL, NULL),
	(314, 'Intravenous Glucose Tolerance Test (IVGTT)', 'اختبار تحمل الجلوكوز الوريدي (IVGTT)', 'تقيير استجابة الإنسولين', NULL, NULL, NULL),
	(315, 'Glycated Albumin', 'الألبومين السكري', 'متابعة السكري لمدة 2-3 أسابيع', NULL, NULL, NULL),
	(316, 'Fructosamine', 'الفركتوزامين', 'متابعة السكري لمدة 2-3 أسابيع', NULL, NULL, NULL),
	(317, '1,5-Anhydroglucitol (1,5-AG)', '1,5-أنهيدروجلوسيتول (1,5-AG)', 'رصد ارتفاع السكر بعد الوجبات', NULL, NULL, NULL),
	(318, 'Continuous Glucose Monitoring (CGM)', 'مراقبة الجلوكوز المستمرة (CGM)', 'متابعة مستويات السكر على مدار 24 ساعة', NULL, NULL, NULL),
	(319, 'Ketone Bodies in Blood', 'الأجسام الكيتونية في الدم', 'الكشف عن الحماض الكيتوني السكري', NULL, NULL, NULL),
	(320, 'Beta-Hydroxybutyrate', 'بيتا-هيدروكسي بيوتيرات', 'تشخيص الحماض الكيتوني', NULL, NULL, NULL),
	(321, 'Lactic Acid in Blood', 'حمض اللاكتيك في الدم', 'تشخيص الحماض اللاكتيكي', NULL, NULL, NULL),
	(322, 'C-Peptide', 'الببتيد C', 'تقيير إنتاج الإنسولين الداخلي', NULL, NULL, NULL),
	(323, 'Proinsulin', 'البروإنسولين', 'تقيير وظائف خلايا بيتا في البنكرياس', NULL, NULL, NULL),
	(324, 'Autoantibodies for Type 1 Diabetes', 'الأجسام المضادة الذاتية لمرض السكري النوع 1', 'تشخيص السكري النوع 1 المناعي', NULL, NULL, NULL),
	(325, 'Glutamic Acid Decarboxylase Antibodies (GAD)', 'الأجسام المضادة لغلوتاميك حمض ديكاربوكسيلاز (GAD)', 'تشخيص السكري النوع 1', NULL, NULL, NULL),
	(326, 'Islet Cell Antibodies (ICA)', 'الأجسام المضادة للخلايا الجزيرية (ICA)', 'تشخيص السكري النوع 1', NULL, NULL, NULL),
	(327, 'Insulin Autoantibodies (IAA)', 'الأجسام المضادة الذاتية للإنسولين (IAA)', 'تشخيص السكري النوع 1', NULL, NULL, NULL),
	(328, 'Zinc Transporter 8 Antibodies (ZnT8)', 'الأجسام المضادة لناقل الزنك 8 (ZnT8)', 'تشخيص السكري النوع 1', NULL, NULL, NULL),
	(329, 'Tyrosine Phosphatase-like IA-2 Antibodies', 'الأجسام المضادة للتيروسين فوسفاتاز IA-2', 'تشخيص السكري النوع 1', NULL, NULL, NULL),
	(330, 'Diabetes Autoantibody Panel', 'مجموعة الأجسام المضادة الذاتية للسكري', 'تشخيص متكامل للسكري النوع 1', NULL, NULL, NULL),
	(331, 'Plasma Renin Activity', 'نشاط الرينين في البلازما', 'تشخيص أسباب ارتفاع ضغط الدم', NULL, NULL, NULL),
	(332, 'Aldosterone in Serum', 'الألدوستيرون في المصل', 'تشخيص فرط الألدوستيرونية', NULL, NULL, NULL),
	(333, 'Aldosterone/Renin Ratio', 'نسبة الألدوستيرون/الرينين', 'تشخيص فرط الألدوستيرونية الأولي', NULL, NULL, NULL),
	(334, 'Cortisol in Serum', 'الكورتيزول في المصل', 'تقيير وظائف الغدة الكظرية', NULL, NULL, NULL),
	(335, 'Cortisol in Urine (24-hour)', 'الكورتيزول في البول (24 ساعة)', 'تقيير إنتاج الكورتيزول', NULL, NULL, NULL),
	(336, 'Dexamethasone Suppression Test', 'اختبار كبت الديكساميثازون', 'تشخيص متلازمة كوشينغ', NULL, NULL, NULL),
	(337, 'ACTH (Adrenocorticotropic Hormone)', 'الهرمون الموجه لقشر الكظر (ACTH)', 'تشخيص اضطرابات الغدة الكظرية', NULL, NULL, NULL),
	(338, 'Metanephrines in Plasma', 'الميتانفرينات في البلازما', 'تشخيص ورم القواتم', NULL, NULL, NULL),
	(339, 'Normetanephrines in Plasma', 'النورمتانفرينات في البلازما', 'تشخيص ورم القواتم', NULL, NULL, NULL),
	(340, 'Vanillylmandelic Acid (VMA) in Urine', 'حمض الفانيليل ماندليك (VMA) في البول', 'تشخيص أورام الخلايا الكظرية', NULL, NULL, NULL),
	(341, 'Homovanillic Acid (HVA) in Urine', 'حمض الهوموفانيليك (HVA) في البول', 'تشخيص أورام الخلايا العصبية', NULL, NULL, NULL),
	(342, 'Cystatin C', 'سيستاتين C', 'تقيير وظائف الكلى بدقة', NULL, NULL, NULL),
	(343, 'Neutrophil Gelatinase-Associated Lipocalin (NGAL)', 'ليبوكالين المرتبط بجلانتاز العدلات (NGAL)', 'الكشف المبكر عن إصابة الكلى', NULL, NULL, NULL),
	(344, 'Kidney Injury Molecule-1 (KIM-1)', 'جزيء إصابة الكلى-1 (KIM-1)', 'تشخيص إصابة الأنابيب الكلوية', NULL, NULL, NULL),
	(345, 'Liver-Type Fatty Acid-Binding Protein (L-FABP)', 'بروتين ربط الأحماض الدهنية نوع الكبد (L-FABP)', 'تقيير إصابة الكلى', NULL, NULL, NULL),
	(346, 'Interleukin-18 (IL-18)', 'إنترلوكين-18 (IL-18)', 'مؤشر لإصابة الكلى الحادة', NULL, NULL, NULL),
	(347, 'Tissue Inhibitor of Metalloproteinase-2 (TIMP-2)', 'مثبط نسيج معدن البروتياز-2 (TIMP-2)', 'تنبؤ بإصابة الكلى الحادة', NULL, NULL, NULL),
	(348, 'Insulin-like Growth Factor Binding Protein-7 (IGFBP7)', 'بروتين ربط عامل النمو شبيه الإنسولين-7 (IGFBP7)', 'تنبؤ بإصابة الكلى الحادة', NULL, NULL, NULL),
	(349, 'Urinary Albumin Excretion Rate', 'معدل إفراز الألبومين في البول', 'تقيير اعتلال الكلى', NULL, NULL, NULL),
	(350, 'Renal Doppler Ultrasound', 'الدوبلر الكلوي', 'تقيير تدفق الدم في الكلى', NULL, NULL, NULL),
	(351, 'Complete Blood Count (CBC)', 'تحليل صورة الدم الكاملة (CBC)', 'التقييم الشامل لخلايا الدم والصفائح الدموية', NULL, NULL, NULL),
	(352, 'Red Blood Cell Count (RBC)', 'تعداد كريات الدم الحمراء (RBC)', 'قياس عدد خلايا الدم الحمراء في الميكرولتر', NULL, NULL, NULL),
	(353, 'Hemoglobin (Hgb)', 'الهيموجلوبين (Hgb)', 'قياس كمية الهيموجلوبين في الدم', NULL, NULL, NULL),
	(354, 'Hematocrit (Hct)', 'الهيماتوكريت (Hct)', 'نسبة حجم خلايا الدم الحمراء إلى حجم الدم الكلي', NULL, NULL, NULL),
	(355, 'Mean Corpuscular Volume (MCV)', 'متوسط حجم الكرية (MCV)', 'قياس متوسط حجم خلايا الدم الحمراء', NULL, NULL, NULL),
	(356, 'Mean Corpuscular Hemoglobin (MCH)', 'متوسط هيموجلوبين الكرية (MCH)', 'قياس متوسط كمية الهيموجلوبين في كل خلية دم حمراء', NULL, NULL, NULL),
	(357, 'Mean Corpuscular Hemoglobin Concentration (MCHC)', 'متوسط تركيز الهيموجلوبين في الكرية (MCHC)', 'قياس متوسط تركيز الهيموجلوبين في خلايا الدم الحمراء', NULL, NULL, NULL),
	(358, 'Red Cell Distribution Width (RDW)', 'عرض توزيع كريات الدم الحمراء (RDW)', 'قياس مدى اختلاف أحجام خلايا الدم الحمراء', NULL, NULL, NULL),
	(359, 'White Blood Cell Count (WBC)', 'تعداد كريات الدم البيضاء (WBC)', 'قياس العدد الكلي لخلايا الدم البيضاء', NULL, NULL, NULL),
	(360, 'Neutrophils %', 'العدلات النسبة المئوية', 'نسبة الخلايا العدلة في خلايا الدم البيضاء', NULL, NULL, NULL),
	(361, 'Lymphocytes %', 'الخلايا اللمفاوية النسبة المئوية', 'نسبة الخلايا اللمفاوية في خلايا الدم البيضاء', NULL, NULL, NULL),
	(362, 'Monocytes %', 'الخلايا الوحيدة النسبة المئوية', 'نسبة الخلايا الوحيدة في خلايا الدم البيضاء', NULL, NULL, NULL),
	(363, 'Eosinophils %', 'الخلايا الحمضية النسبة المئوية', 'نسبة الخلايا الحمضية في خلايا الدم البيضاء', NULL, NULL, NULL),
	(364, 'Basophils %', 'الخلايا القاعدية النسبة المئوية', 'نسبة الخلايا القاعدية في خلايا الدم البيضاء', NULL, NULL, NULL),
	(365, 'Neutrophils Absolute Count', 'العدلات العدد المطلق', 'العدد الفعلي للخلايا العدلة في الميكرولتر', NULL, NULL, NULL),
	(366, 'Lymphocytes Absolute Count', 'الخلايا اللمفاوية العدد المطلق', 'العدد الفعلي للخلايا اللمفاوية في الميكرولتر', NULL, NULL, NULL),
	(367, 'Monocytes Absolute Count', 'الخلايا الوحيدة العدد المطلق', 'العدد الفعلي للخلايا الوحيدة في الميكرولتر', NULL, NULL, NULL),
	(368, 'Eosinophils Absolute Count', 'الخلايا الحمضية العدد المطلق', 'العدد الفعلي للخلايا الحمضية في الميكرولتر', NULL, NULL, NULL),
	(369, 'Basophils Absolute Count', 'الخلايا القاعدية العدد المطلق', 'العدد الفعلي للخلايا القاعدية في الميكرولتر', NULL, NULL, NULL),
	(370, 'Platelet Count (PLT)', 'تعداد الصفائح الدموية (PLT)', 'قياس عدد الصفائح الدموية في الميكرولتر', NULL, NULL, NULL),
	(371, 'Mean Platelet Volume (MPV)', 'متوسط حجم الصفيحة الدموية (MPV)', 'قياس متوسط حجم الصفائح الدموية', NULL, NULL, NULL),
	(372, 'Platelet Distribution Width (PDW)', 'عرض توزيع الصفائح الدموية (PDW)', 'قياس مدى اختلاف أحجام الصفائح الدموية', NULL, NULL, NULL),
	(373, 'Plateletcrit (PCT)', 'الصفيحات الدموية (PCT)', 'نسبة حجم الصفائح الدموية إلى حجم الدم الكلي', NULL, NULL, NULL),
	(374, 'Nucleated Red Blood Cells (NRBC)', 'كريات الدم الحمراء النووية (NRBC)', 'الكشف عن خلايا الدم الحمراء غير الناضجة في الدم', NULL, NULL, NULL),
	(375, 'NRBC %', 'كريات الدم الحمراء النووية النسبة المئوية', 'نسبة خلايا الدم الحمراء النووية إلى خلايا الدم البيضاء', NULL, NULL, NULL),
	(376, 'Immature Granulocytes (IG)', 'الخلايا المحببة غير الناضجة (IG)', 'الكشف عن الخلايا المحببة غير الناضجة في الدم', NULL, NULL, NULL),
	(377, 'Immature Granulocytes %', 'الخلايا المحببة غير الناضجة النسبة المئوية', 'نسبة الخلايا المحببة غير الناضجة إلى خلايا الدم البيضاء', NULL, NULL, NULL),
	(378, 'Immature Reticulocyte Fraction (IRF)', 'جزء الخلايا الشبكية غير الناضجة (IRF)', 'تقيير نشاط نخاع العظم في إنتاج خلايا الدم الحمراء', NULL, NULL, NULL),
	(379, 'Reticulocyte Count %', 'تعداد الخلايا الشبكية النسبة المئوية', 'نسبة الخلايا الشبكية إلى خلايا الدم الحمراء', NULL, NULL, NULL),
	(380, 'Reticulocyte Hemoglobin Equivalent (Ret-He)', 'مكافئ هيموجلوبين الخلايا الشبكية (Ret-He)', 'تقيير مخزون الحديد الوظيفي', NULL, NULL, NULL),
	(381, 'Hemoglobin Distribution Width (HDW)', 'عرض توزيع الهيموجلوبين (HDW)', 'قياس مدى اختلاف تركيز الهيموجلوبين بين الخلايا', NULL, NULL, NULL),
	(382, 'Red Blood Cell Morphology', 'شكل كريات الدم الحمراء', 'فحص الشكل الطبيعي وغير الطبيعي لخلايا الدم الحمراء', NULL, NULL, NULL),
	(383, 'White Blood Cell Morphology', 'شكل كريات الدم البيضاء', 'فحص الشكل الطبيعي وغير الطبيعي لخلايا الدم البيضاء', NULL, NULL, NULL),
	(384, 'Platelet Morphology', 'شكل الصفائح الدموية', 'فحص الشكل الطبيعي وغير الطبيعي للصفائح الدموية', NULL, NULL, NULL),
	(385, 'Erythrocyte Sedimentation Rate (ESR)', 'معدل ترسيب كريات الدم الحمراء (ESR)', 'قياس سرعة ترسيب خلايا الدم الحمراء', NULL, NULL, NULL),
	(386, 'C-Reactive Protein (CRP)', 'البروتين التفاعلي C (CRP)', 'قياس مستوى الالتهاب في الجسم', NULL, NULL, NULL),
	(387, 'Peripheral Blood Smear', 'مسحة الدم المحيطي', 'فحص مجهري لعينة الدم للكشف عن الشذوذ في الخلايا', NULL, NULL, NULL),
	(388, 'CBC', 'صورة دم كاملة', 'تحليل صورة دم كاملة', '2025-11-24', '2025-11-24', NULL),
	(389, 'CBC', 'صورة دم كاملة', 'فحص شامل لمكونات الدم (كرات الدم الحمراء، البيضاء، الصفائح، الهيموجلوبين، الهيماتوكريت)، يساعد في تشخيص فقر الدم والعدوى وغيرها', NULL, NULL, 'لا يحتاج صيام، يتم سحب الدم عشوائياً'),
	(390, 'Reticulocyte count', 'عدد الخلايا الشبكية', 'قياس نسبة الخلايا الشبكية (كريات الدم الحمراء غير الناضجة) في الدم، لتقييم نشاط نخاع العظم', NULL, NULL, 'لا يحتاج صيام'),
	(391, 'ESR', 'سرعة الترسيب', 'قياس سرعة ترسيب كرات الدم الحمراء في أنبوبة خلال ساعة، مؤشر غير محدد للالتهاب', NULL, NULL, 'لا يحتاج صيام'),
	(392, 'Blood film', 'فيلم دم', 'فحص عينة دم تحت المجهر لتقييم شكل وحجم خلايا الدم، يساعد في تشخيص أمراض الدم', NULL, NULL, 'لا يحتاج صيام'),
	(393, 'PT', 'زمن البروثرومبين', 'قياس الوقت اللازم لتجلط الدم عبر المسار الخارجي، لتقييم وظيفة عوامل التجلط (1، 2، 5، 7، 10)', NULL, NULL, 'يفضل صيام 10-12 ساعة إذا طلب مع فحوصات أخرى، إبلاغ الطبيب عن أي أدوية مميعة'),
	(394, 'PTT', 'زمن الثرومبوبلاستين الجزئي', 'قياس الوقت اللازم لتجلط الدم عبر المسار الداخلي، لتقييم عوامل التجلط (8، 9، 11، 12) ومضادات التجلط', NULL, NULL, 'يفضل صيام 10-12 ساعة إذا طلب مع فحوصات أخرى، إبلاغ الطبيب عن أي أدوية مميعة'),
	(395, 'INR', 'النسبة المعيارية الدولية', 'نسبة قياسية لنتيجة PT لمتابعة فعالية علاج الوارفارين', NULL, NULL, 'إبلاغ الطبيب عن جرعة الوارفارين وأي أدوية أخرى'),
	(396, 'Bleeding time', 'زمن النزف', 'قياس وقت توقف النزف من جرح صغير، لتقييم وظيفة الصفائح الدموية', NULL, NULL, 'إيقاف الأسبرين والأدوية المضادة للالتهاب قبل 7-10 أيام حسب توجيه الطبيب'),
	(397, 'Clotting time', 'زمن التجلط', 'قياس الوقت اللازم لتجلط الدم في أنبوبة اختبار، فحص أولي لوظيفة التجلط', NULL, NULL, 'لا يحتاج صيام'),
	(398, 'D-dimer', 'دي دايمر', 'قياس منتج تحلل الفيبرين، مؤشر لتجلط الدم وتشخيص الجلطات مثل الانسداد الرئوي', NULL, NULL, 'لا يحتاج صيام، ولكن العينة عشوائية'),
	(399, 'Fibrinogen', 'فيبرينوجين', 'قياس مستوى بروتين الفيبرينوجين في الدم، عامل التجلط الأول', NULL, NULL, 'يفضل صيام 10-12 ساعة إذا طلب مع فحوصات أخرى'),
	(400, 'ABO grouping', 'فصيلة الدم', 'تحديد فصيلة الدم حسب نظام ABO (A، B، AB، O)', NULL, NULL, 'لا يحتاج صيام'),
	(401, 'RH typing', 'عامل RH', 'تحديد وجود العامل الريسوسي (Rh) على سطح كرات الدم الحمراء', NULL, NULL, 'لا يحتاج صيام'),
	(402, 'Coombs direct', 'كومبس مباشر', 'الكشف عن الأجسام المضادة الملتصقة على سطح كرات الدم الحمراء', NULL, NULL, 'لا يحتاج صيام'),
	(403, 'Coombs indirect', 'كومبس غير مباشر', 'الكشف عن الأجسام المضادة الحرة في البلازما التي قد تهاجم كرات الدم الحمراء', NULL, NULL, 'لا يحتاج صيام'),
	(404, 'ALT', 'إنزيم ALT', 'إنزيم موجود بالكبد، يرتفع عند تضرر خلايا الكبد', NULL, NULL, 'صيام 10-12 ساعة'),
	(405, 'AST', 'إنزيم AST', 'إنزيم موجود بالكبد والقلب والعضلات، يرتفع عند تضرر هذه الخلايا', NULL, NULL, 'صيام 10-12 ساعة'),
	(406, 'ALP', 'الفوسفاتاز القلوي', 'إنزيم موجود بالكبد والعظام والمشيمة، يرتفع في أمراض الكبد والعظام', NULL, NULL, 'صيام 10-12 ساعة، تجنب المجهود الشاق قبل الفحص'),
	(407, 'GGT', 'جاما جلوتاميل', 'إنزيم حساس لأمراض الكبد وخاصة المتعلقة بالكحول أو انسداد القنوات المرارية', NULL, NULL, 'صيام 10-12 ساعة، تجنب الكحول قبل الفحص بأيام'),
	(408, 'Total bilirubin', 'بيليروبين كلي', 'قياس إجمالي البيليروبين (المباشر وغير المباشر) في الدم، مؤشر لوظيفة الكبد وانزياح كرات الدم الحمراء', NULL, NULL, 'صيام 10-12 ساعة'),
	(409, 'Direct bilirubin', 'بيليروبين مباشر', 'قياس البيليروبين المقترن في الكبد، يرتفع في انسداد القنوات المرارية', NULL, NULL, 'صيام 10-12 ساعة'),
	(410, 'Indirect bilirubin', 'بيليروبين غير مباشر', 'قياس البيليروبين غير المقترن، يرتفع في حالات تكسر كرات الدم الحمراء', NULL, NULL, 'صيام 10-12 ساعة'),
	(411, 'Total protein', 'بروتين كلي', 'قياس إجمالي البروتين في الدم (الألبومين والجلوبيولين)', NULL, NULL, 'صيام 10-12 ساعة'),
	(412, 'Albumin', 'ألبومين', 'قياس مستوى الألبومين، البروتين الرئيسي الذي يصنعه الكبد', NULL, NULL, 'صيام 10-12 ساعة'),
	(413, 'A/G ratio', 'نسبة الألبومين/الجلوبيولين', 'نسبة الألبومين إلى الجلوبيولين في الدم، مؤشر لبعض الأمراض المزمنة', NULL, NULL, 'صيام 10-12 ساعة'),
	(414, 'AFP', 'ألفا فيتو بروتين', 'بروتين ينتج خلال الحمل أو في بعض أورام الكبد والخصيتين', NULL, NULL, 'لا يحتاج صيام'),
	(415, 'Creatinine', 'كرياتينين', 'ناتج أيض العضلات، مؤشر لوظيفة الكلى', NULL, NULL, 'صيام 10-12 ساعة، تجنب المجهود العضلي الشديد قبل الفحص'),
	(416, 'Urea', 'يوريا', 'ناتج أيض البروتينات، مؤشر لوظيفة الكلى والتروية الدموية', NULL, NULL, 'صيام 10-12 ساعة، تقليل تناول البروتين قبل الفحص بيوم'),
	(417, 'Uric acid', 'حمض اليوريك', 'ناتج أيض البيورينات، يرتفع في النقرس', NULL, NULL, 'صيام 10-12 ساعة، تجنب الأطعمة الغنية بالبيورينات (لحوم حمراء، بقوليات) قبل الفحص بيوم'),
	(418, 'Creatinine clearance', 'تصفية الكرياتينين', 'قياس قدرة الكلى على تصفية الكرياتينين من الدم، دقيق لوظيفة الكلى', NULL, NULL, 'جمع بول 24 ساعة مع عينة دم صائم'),
	(419, 'Electrolytes (Na,K,Cl)', 'الأملاح (صوديوم، بوتاسيوم، كلور)', 'قياس مستوى الأملاح الأساسية في الدم، مهم لوظائف الخلايا والأعصاب والعضلات', NULL, NULL, 'لا يحتاج صيام'),
	(420, 'Microalbumin', 'ميكرو ألبومين', 'قياس كميات صغيرة من الألبومين في البول، مؤشر مبكر لأمراض الكلى خاصة لدى مرضى السكري', NULL, NULL, 'لا يحتاج صيام، عينة بول أول الصباح'),
	(421, 'BUN', 'نيتروجين يوريا الدم', 'قياس نيتروجين اليوريا في الدم، مؤشر لوظيفة الكلى والتروية', NULL, NULL, 'صيام 10-12 ساعة'),
	(422, 'Fasting blood sugar', 'سكر صائم', 'قياس مستوى الجلوكوز في الدم بعد صيام 8 ساعات على الأقل', NULL, NULL, 'صيام 8-12 ساعة (شرب الماء فقط)، لا أدوية سكر قبل الفحص إلا بتعليمات الطبيب'),
	(423, 'Random blood sugar', 'سكر عشوائي', 'قياس مستوى الجلوكوز في الدم في أي وقت بغض النظر عن وقت الوجبة الأخيرة', NULL, NULL, 'لا يحتاج صيام'),
	(424, 'HbA1c', 'الهيموجلوبين السكري', 'قياس متوسط مستوى السكر في الدم خلال الشهرين إلى الثلاثة أشهر الماضية', NULL, NULL, 'لا يحتاج صيام'),
	(425, 'GTT', 'اختبار تحمل الجلوكوز', 'قياس قدرة الجسم على التعامل مع كمية معينة من الجلوكوز، لتشخيص سكري الحمل أو مقدمات السكري', NULL, NULL, 'صيام 8-12 ساعة، ثم شرب محلول جلوكوز وقياس السكر على فترات'),
	(426, 'Insulin', 'إنسولين', 'قياس مستوى هرمون الإنسولين في الدم، لتقييم مقاومة الإنسولين أو أورام البنكرياس', NULL, NULL, 'صيام 10-12 ساعة'),
	(427, 'Total cholesterol', 'كوليسترول كلي', 'قياس إجمالي الكوليسترول في الدم', NULL, NULL, 'صيام 12-14 ساعة (الماء فقط)'),
	(428, 'LDL', 'دهون LDL', 'قياس الكوليسترول الضار (المنخفض الكثافة) في الدم', NULL, NULL, 'صيام 12-14 ساعة (الماء فقط)'),
	(429, 'HDL', 'دهون HDL', 'قياس الكوليسترول النافع (المرتفع الكثافة) في الدم', NULL, NULL, 'صيام 12-14 ساعة (الماء فقط)'),
	(430, 'Triglycerides', 'دهون ثلاثية', 'قياس الدهون الثلاثية في الدم', NULL, NULL, 'صيام 12-14 ساعة (الماء فقط)، تجنب الوجبات الدسمة قبل الفحص بيومين'),
	(431, 'VLDL', 'دهون VLDL', 'قياس الكوليسترول منخفض الكثافة جداً (الناقل للدهون الثلاثية)', NULL, NULL, 'صيام 12-14 ساعة (الماء فقط)'),
	(432, 'Lipoprotein (a)', 'ليبوبروتين A', 'قياس نوع من البروتينات الدهنية المرتبطة بزيادة خطر أمراض القلب', NULL, NULL, 'صيام 12-14 ساعة (الماء فقط)'),
	(433, 'Apolipoprotein A', 'أبوليبوبروتين A', 'بروتين مرتبط بـ HDL (النافع)، مؤشر لمخاطر القلب', NULL, NULL, 'صيام 12-14 ساعة (الماء فقط)'),
	(434, 'Apolipoprotein B', 'أبوليبوبروتين B', 'بروتين مرتبط بـ LDL (الضار)، مؤشر لمخاطر القلب', NULL, NULL, 'صيام 12-14 ساعة (الماء فقط)'),
	(435, 'TSH', 'هرمون TSH', 'هرمون الغدة النخامية المنبه للغدة الدرقية، الفحص الأولي لتقييم وظيفتها', NULL, NULL, 'يفضل الصيام، ولا يؤثر الطعام بشكل كبير، ولكن يفضل الصيام لثبات النتائج'),
	(436, 'FT3', 'هرمون FT3', 'قياس الهرمون الدرقي النشط (ثلاثي يودوثيرونين) الحر في الدم', NULL, NULL, 'يفضل الصيام'),
	(437, 'FT4', 'هرمون FT4', 'قيال الهرمون الدرقي (ثيروكسين) الحر في الدم', NULL, NULL, 'يفضل الصيام'),
	(438, 'Anti-TPO', 'أجسام مضادة للغدة TPO', 'قياس الأجسام المضادة لإنزيم البيروكسيداز الدرقي، مؤشر لالتهاب الغدة الدرقية المناعي', NULL, NULL, 'لا يحتاج صيام'),
	(439, 'Anti-TG', 'أجسام مضادة للغدة TG', 'قياس الأجسام المضادة للثايروجلوبيولين (بروتين الغدة الدرقية)', NULL, NULL, 'لا يحتاج صيام'),
	(440, 'PTH', 'هرمون الغدة جار الدرقية', 'هرمون ينظم مستوى الكالسيوم والفوسفات في الدم', NULL, NULL, 'صيام 10-12 ساعة'),
	(441, 'Cortisol', 'كورتيزول', 'هرمون التوتر المنتج من الغدة الكظرية، يتبع إيقاع يومي', NULL, NULL, 'يفضل سحب العينة في الصباح (8 صباحاً) وهو وقت الذروة، صيام، تجنب التوتر'),
	(442, 'ACTH', 'ACTH', 'هرمون الغدة النخامية المنبه للكظرية', NULL, NULL, 'سحب العينة في الصباح (عادة الساعة 8 صباحاً)، صيام، تجنب التوتر'),
	(443, 'Prolactin', 'برولاكتين', 'هرمون إدرار الحليب، يرتفع في الحمل، وأورام الغدة النخامية', NULL, NULL, 'سحب العينة بعد ساعتين على الأقل من الاستيقاظ، تجنب التحفيز، راحة قبل الفحص 30 دقيقة، لا صيام ضروري ولكن يفضل'),
	(444, 'Testosterone', 'تستوستيرون', 'هرمون الذكورة الرئيسي', NULL, NULL, 'سحب العينة في الصباح (8-10 صباحاً) حيث يكون في أعلى مستوى، صيام 10-12 ساعة'),
	(445, 'Estradiol', 'إستراديول', 'هرمون الإستروجين الرئيسي لدى النساء', NULL, NULL, 'لا يحتاج صيام، عادة يسحب في اليوم المحدد من الدورة الشهرية حسب هدف الفحص'),
	(446, 'LH', 'LH', 'هرمون منشط للجسم الأصفر، مهم للإباضة وإنتاج الهرمونات الجنسية', NULL, NULL, 'لا يحتاج صيام، عادة يسحب في أيام محددة من الدورة الشهرية للنساء'),
	(447, 'FSH', 'FSH', 'هرمون منبه للجريب، مهم لنمو البويضات والحيوانات المنوية', NULL, NULL, 'لا يحتاج صيام، عادة يسحب في أيام محددة من الدورة الشهرية للنساء'),
	(448, 'Progesterone', 'بروجيسترون', 'هرمون يفرز بعد الإباضة، مهم لتهيئة الرحم للحمل', NULL, NULL, 'لا يحتاج صيام، عادة يسحب في النصف الثاني من الدورة الشهرية (اليوم 21 تقريباً)'),
	(449, 'DHEA-S', 'ديهيا سلفات', 'هرمون تنتجه الغدة الكظرية، سلف لهرمونات الذكورة والإستروجين', NULL, NULL, 'لا يحتاج صيام'),
	(450, 'Growth hormone', 'هرمون النمو', 'هرمون يحفز النمو والتمثيل الغذائي', NULL, NULL, 'صيام، سحب العينة بعد الراحة، تجنب المجهود'),
	(451, 'Vitamin D', 'فيتامين د', 'قياس مستوى فيتامين د (25-هيدروكسي فيتامين د) في الدم، مهم لصحة العظام والمناعة', NULL, NULL, 'لا يحتاج صيام'),
	(452, 'Vitamin B12', 'فيتامين ب12', 'قياس مستوى فيتامين ب12 في الدم، مهم لصحة الأعصاب وتكوين الدم', NULL, NULL, 'صيام 10-12 ساعة'),
	(453, 'CRP', 'سي آر بي', 'بروتين ينتج في الكبد عند وجود التهاب في الجسم', NULL, NULL, 'لا يحتاج صيام'),
	(454, 'Quantitative CRP', 'سي آر بي كمي', 'قياس دقيق لمستوى بروتين CRP للكشف عن الالتهاب أو تقييم خطر القلب', NULL, NULL, 'لا يحتاج صيام'),
	(455, 'ASOT', 'أجسام مضادة للستربتوكوكاس', 'قياس الأجسام المضادة لسموم البكتيريا العقدية، يشير إلى عدوى سابقة', NULL, NULL, 'لا يحتاج صيام'),
	(456, 'Rheumatoid factor', 'عامل روماتويدي', 'قياس الأجسام المضادة الذاتية الموجودة في بعض أمراض المناعة مثل الروماتويد', NULL, NULL, 'لا يحتاج صيام'),
	(457, 'ANA', 'أجسام مضادة نوية', 'فحص للكشف عن الأجسام المضادة الذاتية ضد مكونات نواة الخلية، في أمراض المناعة الذاتية', NULL, NULL, 'لا يحتاج صيام'),
	(458, 'Anti-dsDNA', 'أجسام مضادة للـ DNA', 'أجسام مضادة نوعية ضد الحمض النووي DNA، ترتبط بمرض الذئبة الحمراء', NULL, NULL, 'لا يحتاج صيام'),
	(459, 'C3', 'متمم C3', 'قياس مستوى بروتين المتممة C3، جزء من جهاز المناعة، ينخفض في بعض الأمراض', NULL, NULL, 'لا يحتاج صيام'),
	(460, 'C4', 'متمم C4', 'قياس مستوى بروتين المتممة C4، جزء من جهاز المناعة، ينخفض في بعض الأمراض', NULL, NULL, 'لا يحتاج صيام'),
	(461, 'IgA', 'IgA', 'قياس مستوى الغلوبيولين المناعي A، مهم في المناعة المخاطية', NULL, NULL, 'لا يحتاج صيام'),
	(462, 'IgG', 'IgG', 'قياس مستوى الغلوبيولين المناعي G، الأكثر وفرة، يوفر مناعة طويلة المدى', NULL, NULL, 'لا يحتاج صيام'),
	(463, 'IgM', 'IgM', 'قياس مستوى الغلوبيولين المناعي M، أول الأجسام المضادة المنتجة عند العدوى', NULL, NULL, 'لا يحتاج صيام'),
	(464, 'IgE', 'IgE', 'قياس مستوى الغلوبيولين المناعي E، مرتبط بالحساسية والربو والطفيليات', NULL, NULL, 'لا يحتاج صيام'),
	(465, 'Widal test', 'تحليل وايدال', 'فحص للكشف عن الأجسام المضادة لحمى التيفوئيد', NULL, NULL, 'لا يحتاج صيام'),
	(466, 'Weil-Felix', 'ويل فيليكس', 'فحص للكشف عن الأجسام المضادة للحمى النمشية (التيفوس)', NULL, NULL, 'لا يحتاج صيام'),
	(467, 'Brucella', 'بروسيلا', 'فحص للكشف عن الأجسام المضادة لبكتيريا البروسيلا (الحمى المالطية)', NULL, NULL, 'لا يحتاج صيام'),
	(468, 'HIV', 'فيروس نقص المناعة', 'فحص للكشف عن الأجسام المضادة لفيروس نقص المناعة البشرية (الإيدز)', NULL, NULL, 'لا يحتاج صيام، ولكن قد تكون هناك فترة نافذة بعد العدوى'),
	(469, 'HBsAg', 'التهاب كبدي B سطح', 'فحص للكشف عن المستضد السطحي لفيروس التهاب الكبد B، يشير إلى عدوى حالية أو مزمنة', NULL, NULL, 'لا يحتاج صيام'),
	(470, 'HBsAb', 'أجسام مضادة B سطح', 'فحص للكشف عن الأجسام المضادة للمستضد السطحي لفيروس B، يشير إلى مناعة بعد التطعيم أو شفاء من عدوى', NULL, NULL, 'لا يحتاج صيام'),
	(471, 'HBcAb', 'أجسام مضادة B نواة', 'فحص للكشف عن الأجسام المضادة للمستضد النووي لفيروس B، يشير إلى تعرض سابق أو عدوى حالية', NULL, NULL, 'لا يحتاج صيام'),
	(472, 'HCV Ab', 'أجسام مضادة C', 'فحص للكشف عن الأجسام المضادة لفيروس التهاب الكبد C', NULL, NULL, 'لا يحتاج صيام، ولكن قد تكون هناك فترة نافذة بعد العدوى'),
	(473, 'HCV PCR', 'PCR فيروس C', 'فحص جزيئي للكشف عن المادة الوراثية لفيروس التهاب الكبد C مباشرة، يؤكد العدوى النشطة', NULL, NULL, 'لا يحتاج صيام'),
	(474, 'HBV PCR', 'PCR فيروس B', 'فحص جزيئي للكشف عن المادة الوراثية لفيروس التهاب الكبد B مباشرة، يقيس الحمل الفيروسي', NULL, NULL, 'لا يحتاج صيام'),
	(475, 'TB Quantiferon', 'كوانتيفيرون الدرن', 'فحص دم للكشف عن عدوى السل الكامنة عن طريق قياس استجابة الخلايا التائية', NULL, NULL, 'لا يحتاج صيام'),
	(476, 'ASO titer', 'ASO Titer', 'قياس كمية الأجسام المضادة لمضاد الستربتوليزين O، لتشخيص عدوى المكورات العقدية السابقة', NULL, NULL, 'لا يحتاج صيام'),
	(477, 'Beta hCG', 'هرمون الحمل', 'فحص للكشف عن هرمون الحمل (موجهة الغدد التناسلية المشيمائية)، لتشخيص الحمل وبعض الأورام', NULL, NULL, 'لا يحتاج صيام، يستخدم عينة بول أو دم'),
	(478, 'Semen analysis', 'تحليل السائل المنوي', 'فحص خصائص السائل المنوي (العدد، الحركة، الشكل) لتقييم الخصوبة', NULL, NULL, 'امتناع عن القذف لمدة 2-5 أيام قبل جمع العينة، جمع العينة في عبوة معقمة، نقلها للمعمل خلال ساعة'),
	(479, 'AMH', 'مخزون المبيض', 'قياس هرمون مضاد مولر لتقييم مخزون البويضات واحتياطي المبيض', NULL, NULL, 'لا يحتاج صيام، يمكن سحب العينة في أي يوم من الدورة الشهرية'),
	(480, 'Rubella IgG/IgM', 'حصبة ألمانية IgG/IgM', 'فحص الأجسام المضادة للحصبة الألمانية لتقييم المناعة قبل الحمل أو تشخيص عدوى حديثة', NULL, NULL, 'لا يحتاج صيام'),
	(481, 'Toxoplasma IgG/IgM', 'توكسوبلازما IgG/IgM', 'فحص الأجسام المضادة للتوكسوبلازما لتقييم المناعة قبل الحمل أو تشخيص عدوى حديثة', NULL, NULL, 'لا يحتاج صيام'),
	(482, 'CMV IgG/IgM', 'CMV IgG/IgM', 'فحص الأجسام المضادة لفيروس مضخم الخلايا لتقييم المناعة قبل الحمل أو تشخيص عدوى حديثة', NULL, NULL, 'لا يحتاج صيام'),
	(483, 'Amylase', 'أميليز', 'إنزيم يفرز من البنكرياس والغدد اللعابية، يرتفع في التهاب البنكرياس', NULL, NULL, 'لا يحتاج صيام'),
	(484, 'Lipase', 'ليباز', 'إنزيم يفرز من البنكرياس، أكثر نوعية لالتهاب البنكرياس من الأميليز', NULL, NULL, 'لا يحتاج صيام'),
	(485, 'CK', 'كرياتين كيناز', 'إنزيم موجود في العضلات والقلب والدماغ، يرتفع عند إصابة هذه الأنسجة', NULL, NULL, 'تجنب المجهود العضلي الشديد قبل الفحص بـ 48-72 ساعة'),
	(486, 'CK-MB', 'CK-MB', 'نوع من إنزيم كرياتين كيناز يوجد بشكل رئيسي في عضلة القلب، مؤشر لنوبة قلبية', NULL, NULL, 'تجنب المجهود العضلي الشديد قبل الفحص'),
	(487, 'LDH', 'LDH', 'إنزيم موجود في معظم خلايا الجسم، يرتفع عند تلف الأنسجة (قلب، كبد، رئة، خلايا دم)', NULL, NULL, 'لا يحتاج صيام'),
	(488, 'Ferritin', 'فيريتين', 'بروتين يخزن الحديد داخل الخلايا، مؤشر لمخزون الحديد في الجسم', NULL, NULL, 'صيام 10-12 ساعة');

-- Dumping structure for table rosheta.medical_test_offers
CREATE TABLE IF NOT EXISTS `medical_test_offers` (
  `id` bigint unsigned NOT NULL AUTO_INCREMENT,
  `medical_test_id` bigint unsigned NOT NULL,
  `laboratory_id` bigint unsigned NOT NULL,
  `client_request_id` bigint unsigned DEFAULT NULL,
  `price` decimal(10,2) NOT NULL,
  `offer_price` decimal(10,2) DEFAULT NULL,
  `discount` decimal(5,2) NOT NULL DEFAULT '0.00',
  `created_at` timestamp NULL DEFAULT NULL,
  `updated_at` timestamp NULL DEFAULT NULL,
  PRIMARY KEY (`id`),
  UNIQUE KEY `uniq_test_lab_offer` (`medical_test_id`,`laboratory_id`),
  KEY `medical_test_offers_laboratory_id_foreign` (`laboratory_id`),
  KEY `medical_test_offers_client_request_id_foreign` (`client_request_id`),
  CONSTRAINT `medical_test_offers_client_request_id_foreign` FOREIGN KEY (`client_request_id`) REFERENCES `client_requests` (`id`) ON DELETE SET NULL,
  CONSTRAINT `medical_test_offers_laboratory_id_foreign` FOREIGN KEY (`laboratory_id`) REFERENCES `laboratories` (`id`) ON DELETE CASCADE,
  CONSTRAINT `medical_test_offers_medical_test_id_foreign` FOREIGN KEY (`medical_test_id`) REFERENCES `medical_tests` (`id`) ON DELETE CASCADE
) ENGINE=InnoDB AUTO_INCREMENT=301 DEFAULT CHARSET=utf8mb4 COLLATE=utf8mb4_unicode_ci;

-- Dumping data for table rosheta.medical_test_offers: ~300 rows (approximately)
INSERT INTO `medical_test_offers` (`id`, `medical_test_id`, `laboratory_id`, `client_request_id`, `price`, `offer_price`, `discount`, `created_at`, `updated_at`) VALUES
	(1, 382, 2, NULL, 1720.00, 842.80, 51.00, '2025-11-25 12:51:17', '2025-11-25 12:51:17'),
	(2, 156, 6, NULL, 1382.00, 663.36, 52.00, '2025-11-25 12:51:17', '2025-11-25 12:51:17'),
	(3, 122, 4, NULL, 1202.00, 841.40, 30.00, '2025-11-25 12:51:17', '2025-11-25 12:51:17'),
	(4, 156, 1, NULL, 729.00, 364.50, 50.00, '2025-11-25 12:51:17', '2025-11-25 12:51:17'),
	(5, 234, 5, NULL, 954.00, 591.48, 38.00, '2025-11-25 12:51:17', '2025-11-25 12:51:17'),
	(6, 376, 6, NULL, 998.00, 838.32, 16.00, '2025-11-25 12:51:17', '2025-11-25 12:51:17'),
	(7, 368, 4, NULL, 1792.00, 1093.12, 39.00, '2025-11-25 12:51:17', '2025-11-25 12:51:17'),
	(8, 334, 1, NULL, 398.00, 270.64, 32.00, '2025-11-25 12:51:17', '2025-11-25 12:51:17'),
	(9, 137, 3, NULL, 1109.00, 565.59, 49.00, '2025-11-25 12:51:17', '2025-11-25 12:51:17'),
	(10, 33, 6, NULL, 1243.00, 783.09, 37.00, '2025-11-25 12:51:17', '2025-11-25 12:51:17'),
	(11, 244, 6, NULL, 795.00, 596.25, 25.00, '2025-11-25 12:51:17', '2025-11-25 12:51:17'),
	(12, 230, 6, NULL, 248.00, 188.48, 24.00, '2025-11-25 12:51:17', '2025-11-25 12:51:17'),
	(13, 332, 5, NULL, 557.00, 233.94, 58.00, '2025-11-25 12:51:17', '2025-11-25 12:51:17'),
	(14, 145, 4, NULL, 1339.00, 776.62, 42.00, '2025-11-25 12:51:17', '2025-11-25 12:51:17'),
	(15, 43, 5, NULL, 670.00, 381.90, 43.00, '2025-11-25 12:51:17', '2025-11-25 12:51:17'),
	(16, 319, 3, NULL, 1886.00, 1452.22, 23.00, '2025-11-25 12:51:17', '2025-11-25 12:51:17'),
	(17, 383, 3, NULL, 981.00, 480.69, 51.00, '2025-11-25 12:51:17', '2025-11-25 12:51:17'),
	(18, 265, 4, NULL, 412.00, 259.56, 37.00, '2025-11-25 12:51:17', '2025-11-25 12:51:17'),
	(19, 299, 3, NULL, 212.00, 199.28, 6.00, '2025-11-25 12:51:17', '2025-11-25 12:51:17'),
	(20, 280, 6, NULL, 826.00, 561.68, 32.00, '2025-11-25 12:51:17', '2025-11-25 12:51:17'),
	(21, 38, 4, NULL, 1590.00, 1399.20, 12.00, '2025-11-25 12:51:17', '2025-11-25 12:51:17'),
	(22, 276, 1, NULL, 1778.00, 764.54, 57.00, '2025-11-25 12:51:17', '2025-11-25 12:51:17'),
	(23, 379, 1, NULL, 216.00, 181.44, 16.00, '2025-11-25 12:51:17', '2025-11-25 12:51:17'),
	(24, 329, 3, NULL, 1245.00, 896.40, 28.00, '2025-11-25 12:51:17', '2025-11-25 12:51:17'),
	(25, 211, 6, NULL, 906.00, 480.18, 47.00, '2025-11-25 12:51:17', '2025-11-25 12:51:17'),
	(26, 37, 1, NULL, 1793.00, 860.64, 52.00, '2025-11-25 12:51:17', '2025-11-25 12:51:17'),
	(27, 157, 4, NULL, 1144.00, 549.12, 52.00, '2025-11-25 12:51:17', '2025-11-25 12:51:17'),
	(28, 199, 5, NULL, 641.00, 391.01, 39.00, '2025-11-25 12:51:17', '2025-11-25 12:51:17'),
	(29, 102, 2, NULL, 1733.00, 1490.38, 14.00, '2025-11-25 12:51:17', '2025-11-25 12:51:17'),
	(30, 248, 3, NULL, 1452.00, 1016.40, 30.00, '2025-11-25 12:51:17', '2025-11-25 12:51:17'),
	(31, 246, 1, NULL, 811.00, 364.95, 55.00, '2025-11-25 12:51:17', '2025-11-25 12:51:17'),
	(32, 181, 2, NULL, 1941.00, 1727.49, 11.00, '2025-11-25 12:51:17', '2025-11-25 12:51:17'),
	(33, 349, 1, NULL, 650.00, 383.50, 41.00, '2025-11-25 12:51:17', '2025-11-25 12:51:17'),
	(34, 2, 5, NULL, 1666.00, 1482.74, 11.00, '2025-11-25 12:51:17', '2025-11-25 12:51:17'),
	(35, 175, 1, NULL, 1514.00, 999.24, 34.00, '2025-11-25 12:51:17', '2025-11-25 12:51:17'),
	(36, 239, 5, NULL, 1605.00, 882.75, 45.00, '2025-11-25 12:51:17', '2025-11-25 12:51:17'),
	(37, 238, 3, NULL, 802.00, 481.20, 40.00, '2025-11-25 12:51:17', '2025-11-25 12:51:17'),
	(38, 319, 4, NULL, 1296.00, 725.76, 44.00, '2025-11-25 12:51:17', '2025-11-25 12:51:17'),
	(39, 265, 1, NULL, 1919.00, 825.17, 57.00, '2025-11-25 12:51:17', '2025-11-25 12:51:17'),
	(40, 303, 1, NULL, 1411.00, 1227.57, 13.00, '2025-11-25 12:51:17', '2025-11-25 12:51:17'),
	(41, 268, 3, NULL, 1964.00, 1355.16, 31.00, '2025-11-25 12:51:17', '2025-11-25 12:51:17'),
	(42, 178, 2, NULL, 1812.00, 1359.00, 25.00, '2025-11-25 12:51:17', '2025-11-25 12:51:17'),
	(43, 256, 2, NULL, 638.00, 593.34, 7.00, '2025-11-25 12:51:17', '2025-11-25 12:51:17'),
	(44, 194, 4, NULL, 650.00, 292.50, 55.00, '2025-11-25 12:51:17', '2025-11-25 12:51:17'),
	(45, 259, 3, NULL, 1459.00, 919.17, 37.00, '2025-11-25 12:51:17', '2025-11-25 12:51:17'),
	(46, 112, 2, NULL, 228.00, 125.40, 45.00, '2025-11-25 12:51:17', '2025-11-25 12:51:17'),
	(47, 333, 4, NULL, 445.00, 311.50, 30.00, '2025-11-25 12:51:17', '2025-11-25 12:51:17'),
	(48, 117, 4, NULL, 208.00, 124.80, 40.00, '2025-11-25 12:51:17', '2025-11-25 12:51:17'),
	(49, 115, 1, NULL, 908.00, 535.72, 41.00, '2025-11-25 12:51:17', '2025-11-25 12:51:17'),
	(50, 244, 5, NULL, 1791.00, 788.04, 56.00, '2025-11-25 12:51:17', '2025-11-25 12:51:17'),
	(51, 217, 1, NULL, 628.00, 508.68, 19.00, '2025-11-25 12:51:17', '2025-11-25 12:51:17'),
	(52, 196, 4, NULL, 633.00, 538.05, 15.00, '2025-11-25 12:51:17', '2025-11-25 12:51:17'),
	(53, 140, 2, NULL, 275.00, 159.50, 42.00, '2025-11-25 12:51:17', '2025-11-25 12:51:17'),
	(54, 345, 4, NULL, 564.00, 293.28, 48.00, '2025-11-25 12:51:17', '2025-11-25 12:51:17'),
	(55, 217, 2, NULL, 853.00, 597.10, 30.00, '2025-11-25 12:51:17', '2025-11-25 12:51:17'),
	(56, 140, 6, NULL, 1552.00, 931.20, 40.00, '2025-11-25 12:51:17', '2025-11-25 12:51:17'),
	(57, 71, 2, NULL, 1402.00, 771.10, 45.00, '2025-11-25 12:51:17', '2025-11-25 12:51:17'),
	(58, 232, 3, NULL, 990.00, 574.20, 42.00, '2025-11-25 12:51:17', '2025-11-25 12:51:17'),
	(59, 16, 2, NULL, 777.00, 582.75, 25.00, '2025-11-25 12:51:17', '2025-11-25 12:51:17'),
	(60, 171, 6, NULL, 935.00, 448.80, 52.00, '2025-11-25 12:51:17', '2025-11-25 12:51:17'),
	(61, 312, 3, NULL, 553.00, 381.57, 31.00, '2025-11-25 12:51:17', '2025-11-25 12:51:17'),
	(62, 23, 1, NULL, 1433.00, 831.14, 42.00, '2025-11-25 12:51:17', '2025-11-25 12:51:17'),
	(63, 45, 5, NULL, 1657.00, 1541.01, 7.00, '2025-11-25 12:51:17', '2025-11-25 12:51:17'),
	(64, 128, 1, NULL, 863.00, 483.28, 44.00, '2025-11-25 12:51:17', '2025-11-25 12:51:17'),
	(65, 67, 2, NULL, 892.00, 517.36, 42.00, '2025-11-25 12:51:17', '2025-11-25 12:51:17'),
	(66, 142, 2, NULL, 922.00, 378.02, 59.00, '2025-11-25 12:51:17', '2025-11-25 12:51:17'),
	(67, 365, 6, NULL, 1609.00, 1126.30, 30.00, '2025-11-25 12:51:17', '2025-11-25 12:51:17'),
	(68, 136, 3, NULL, 1476.00, 664.20, 55.00, '2025-11-25 12:51:17', '2025-11-25 12:51:17'),
	(69, 176, 6, NULL, 842.00, 513.62, 39.00, '2025-11-25 12:51:17', '2025-11-25 12:51:17'),
	(70, 385, 3, NULL, 1291.00, 1032.80, 20.00, '2025-11-25 12:51:17', '2025-11-25 12:51:17'),
	(71, 140, 1, NULL, 140.00, 131.60, 6.00, '2025-11-25 12:51:17', '2025-11-25 12:51:17'),
	(72, 272, 4, NULL, 838.00, 586.60, 30.00, '2025-11-25 12:51:17', '2025-11-25 12:51:17'),
	(73, 68, 3, NULL, 1949.00, 1442.26, 26.00, '2025-11-25 12:51:17', '2025-11-25 12:51:17'),
	(74, 90, 6, NULL, 295.00, 230.10, 22.00, '2025-11-25 12:51:17', '2025-11-25 12:51:17'),
	(75, 264, 1, NULL, 1228.00, 822.76, 33.00, '2025-11-25 12:51:17', '2025-11-25 12:51:17'),
	(76, 388, 5, NULL, 1963.00, 1060.02, 46.00, '2025-11-25 12:51:17', '2025-11-25 12:51:17'),
	(77, 325, 4, NULL, 1443.00, 678.21, 53.00, '2025-11-25 12:51:17', '2025-11-25 12:51:17'),
	(78, 183, 3, NULL, 1269.00, 799.47, 37.00, '2025-11-25 12:51:17', '2025-11-25 12:51:17'),
	(79, 50, 5, NULL, 1663.00, 1413.55, 15.00, '2025-11-25 12:51:17', '2025-11-25 12:51:17'),
	(80, 333, 6, NULL, 231.00, 129.36, 44.00, '2025-11-25 12:51:17', '2025-11-25 12:51:17'),
	(81, 31, 2, NULL, 526.00, 494.44, 6.00, '2025-11-25 12:51:17', '2025-11-25 12:51:17'),
	(82, 238, 4, NULL, 266.00, 236.74, 11.00, '2025-11-25 12:51:17', '2025-11-25 12:51:17'),
	(83, 372, 1, NULL, 1064.00, 893.76, 16.00, '2025-11-25 12:51:17', '2025-11-25 12:51:17'),
	(84, 83, 4, NULL, 1942.00, 776.80, 60.00, '2025-11-25 12:51:17', '2025-11-25 12:51:17'),
	(85, 339, 5, NULL, 1023.00, 900.24, 12.00, '2025-11-25 12:51:17', '2025-11-25 12:51:17'),
	(86, 10, 6, NULL, 1762.00, 1215.78, 31.00, '2025-11-25 12:51:17', '2025-11-25 12:51:17'),
	(87, 345, 6, NULL, 1549.00, 1115.28, 28.00, '2025-11-25 12:51:17', '2025-11-25 12:51:17'),
	(88, 236, 1, NULL, 882.00, 679.14, 23.00, '2025-11-25 12:51:17', '2025-11-25 12:51:17'),
	(89, 309, 2, NULL, 510.00, 234.60, 54.00, '2025-11-25 12:51:17', '2025-11-25 12:51:17'),
	(90, 77, 6, NULL, 1756.00, 1562.84, 11.00, '2025-11-25 12:51:17', '2025-11-25 12:51:17'),
	(91, 125, 4, NULL, 1579.00, 1105.30, 30.00, '2025-11-25 12:51:17', '2025-11-25 12:51:17'),
	(92, 235, 5, NULL, 1406.00, 956.08, 32.00, '2025-11-25 12:51:17', '2025-11-25 12:51:17'),
	(93, 18, 5, NULL, 432.00, 345.60, 20.00, '2025-11-25 12:51:17', '2025-11-25 12:51:17'),
	(94, 388, 6, NULL, 761.00, 684.90, 10.00, '2025-11-25 12:51:17', '2025-11-25 12:51:17'),
	(95, 169, 2, NULL, 211.00, 194.12, 8.00, '2025-11-25 12:51:17', '2025-11-25 12:51:17'),
	(96, 259, 6, NULL, 1860.00, 837.00, 55.00, '2025-11-25 12:51:17', '2025-11-25 12:51:17'),
	(97, 45, 4, NULL, 1266.00, 1038.12, 18.00, '2025-11-25 12:51:17', '2025-11-25 12:51:17'),
	(98, 219, 3, NULL, 1949.00, 1091.44, 44.00, '2025-11-25 12:51:17', '2025-11-25 12:51:17'),
	(99, 364, 1, NULL, 1810.00, 905.00, 50.00, '2025-11-25 12:51:17', '2025-11-25 12:51:17'),
	(100, 316, 5, NULL, 1256.00, 904.32, 28.00, '2025-11-25 12:51:17', '2025-11-25 12:51:17'),
	(101, 301, 5, NULL, 107.00, 68.48, 36.00, '2025-11-25 12:51:17', '2025-11-25 12:51:17'),
	(102, 169, 4, NULL, 413.00, 189.98, 54.00, '2025-11-25 12:51:17', '2025-11-25 12:51:17'),
	(103, 115, 3, NULL, 1363.00, 790.54, 42.00, '2025-11-25 12:51:17', '2025-11-25 12:51:17'),
	(104, 235, 1, NULL, 168.00, 139.44, 17.00, '2025-11-25 12:51:17', '2025-11-25 12:51:17'),
	(105, 374, 5, NULL, 348.00, 261.00, 25.00, '2025-11-25 12:51:17', '2025-11-25 12:51:17'),
	(106, 19, 2, NULL, 1340.00, 656.60, 51.00, '2025-11-25 12:51:17', '2025-11-25 12:51:17'),
	(107, 385, 4, NULL, 797.00, 350.68, 56.00, '2025-11-25 12:51:17', '2025-11-25 12:51:17'),
	(108, 145, 5, NULL, 219.00, 151.11, 31.00, '2025-11-25 12:51:17', '2025-11-25 12:51:17'),
	(109, 128, 2, NULL, 1437.00, 1221.45, 15.00, '2025-11-25 12:51:17', '2025-11-25 12:51:17'),
	(110, 342, 3, NULL, 1023.00, 941.16, 8.00, '2025-11-25 12:51:17', '2025-11-25 12:51:17'),
	(111, 264, 3, NULL, 1031.00, 649.53, 37.00, '2025-11-25 12:51:17', '2025-11-25 12:51:17'),
	(112, 8, 2, NULL, 1141.00, 969.85, 15.00, '2025-11-25 12:51:17', '2025-11-25 12:51:17'),
	(113, 95, 2, NULL, 1224.00, 526.32, 57.00, '2025-11-25 12:51:17', '2025-11-25 12:51:17'),
	(114, 299, 2, NULL, 362.00, 249.78, 31.00, '2025-11-25 12:51:17', '2025-11-25 12:51:17'),
	(115, 150, 3, NULL, 639.00, 562.32, 12.00, '2025-11-25 12:51:17', '2025-11-25 12:51:17'),
	(116, 287, 2, NULL, 812.00, 373.52, 54.00, '2025-11-25 12:51:17', '2025-11-25 12:51:17'),
	(117, 174, 6, NULL, 614.00, 374.54, 39.00, '2025-11-25 12:51:17', '2025-11-25 12:51:17'),
	(118, 353, 4, NULL, 1374.00, 590.82, 57.00, '2025-11-25 12:51:17', '2025-11-25 12:51:17'),
	(119, 64, 6, NULL, 908.00, 762.72, 16.00, '2025-11-25 12:51:17', '2025-11-25 12:51:17'),
	(120, 326, 4, NULL, 483.00, 309.12, 36.00, '2025-11-25 12:51:17', '2025-11-25 12:51:17'),
	(121, 162, 4, NULL, 387.00, 255.42, 34.00, '2025-11-25 12:51:17', '2025-11-25 12:51:17'),
	(122, 282, 5, NULL, 1117.00, 592.01, 47.00, '2025-11-25 12:51:17', '2025-11-25 12:51:17'),
	(123, 172, 5, NULL, 1676.00, 1307.28, 22.00, '2025-11-25 12:51:17', '2025-11-25 12:51:17'),
	(124, 206, 3, NULL, 1541.00, 986.24, 36.00, '2025-11-25 12:51:17', '2025-11-25 12:51:17'),
	(125, 16, 3, NULL, 1238.00, 557.10, 55.00, '2025-11-25 12:51:17', '2025-11-25 12:51:17'),
	(126, 377, 2, NULL, 1600.00, 1088.00, 32.00, '2025-11-25 12:51:17', '2025-11-25 12:51:17'),
	(127, 40, 4, NULL, 167.00, 100.20, 40.00, '2025-11-25 12:51:17', '2025-11-25 12:51:17'),
	(128, 14, 4, NULL, 417.00, 175.14, 58.00, '2025-11-25 12:51:17', '2025-11-25 12:51:17'),
	(129, 301, 6, NULL, 1287.00, 682.11, 47.00, '2025-11-25 12:51:17', '2025-11-25 12:51:17'),
	(130, 85, 3, NULL, 730.00, 394.20, 46.00, '2025-11-25 12:51:17', '2025-11-25 12:51:17'),
	(131, 311, 1, NULL, 1544.00, 802.88, 48.00, '2025-11-25 12:51:17', '2025-11-25 12:51:17'),
	(132, 283, 3, NULL, 411.00, 246.60, 40.00, '2025-11-25 12:51:17', '2025-11-25 12:51:17'),
	(133, 137, 5, NULL, 1457.00, 815.92, 44.00, '2025-11-25 12:51:17', '2025-11-25 12:51:17'),
	(134, 77, 5, NULL, 1705.00, 1210.55, 29.00, '2025-11-25 12:51:17', '2025-11-25 12:51:17'),
	(135, 364, 6, NULL, 477.00, 248.04, 48.00, '2025-11-25 12:51:17', '2025-11-25 12:51:17'),
	(136, 281, 6, NULL, 1011.00, 404.40, 60.00, '2025-11-25 12:51:17', '2025-11-25 12:51:17'),
	(137, 111, 5, NULL, 442.00, 304.98, 31.00, '2025-11-25 12:51:17', '2025-11-25 12:51:17'),
	(138, 210, 1, NULL, 1871.00, 1534.22, 18.00, '2025-11-25 12:51:17', '2025-11-25 12:51:17'),
	(139, 26, 6, NULL, 337.00, 171.87, 49.00, '2025-11-25 12:51:17', '2025-11-25 12:51:17'),
	(140, 388, 3, NULL, 185.00, 112.85, 39.00, '2025-11-25 12:51:17', '2025-11-25 12:51:17'),
	(141, 67, 6, NULL, 1562.00, 859.10, 45.00, '2025-11-25 12:51:17', '2025-11-25 12:51:17'),
	(142, 138, 6, NULL, 1268.00, 798.84, 37.00, '2025-11-25 12:51:17', '2025-11-25 12:51:17'),
	(143, 358, 6, NULL, 832.00, 632.32, 24.00, '2025-11-25 12:51:17', '2025-11-25 12:51:17'),
	(144, 197, 6, NULL, 1136.00, 511.20, 55.00, '2025-11-25 12:51:17', '2025-11-25 12:51:17'),
	(145, 323, 5, NULL, 685.00, 472.65, 31.00, '2025-11-25 12:51:17', '2025-11-25 12:51:17'),
	(146, 200, 1, NULL, 538.00, 338.94, 37.00, '2025-11-25 12:51:17', '2025-11-25 12:51:17'),
	(147, 248, 5, NULL, 1737.00, 1268.01, 27.00, '2025-11-25 12:51:17', '2025-11-25 12:51:17'),
	(148, 375, 6, NULL, 1895.00, 1080.15, 43.00, '2025-11-25 12:51:17', '2025-11-25 12:51:17'),
	(149, 256, 3, NULL, 1295.00, 1023.05, 21.00, '2025-11-25 12:51:17', '2025-11-25 12:51:17'),
	(150, 116, 4, NULL, 387.00, 162.54, 58.00, '2025-11-25 12:51:17', '2025-11-25 12:51:17'),
	(151, 225, 4, NULL, 945.00, 415.80, 56.00, '2025-11-25 12:51:17', '2025-11-25 12:51:17'),
	(152, 203, 1, NULL, 870.00, 696.00, 20.00, '2025-11-25 12:51:17', '2025-11-25 12:51:17'),
	(153, 150, 1, NULL, 363.00, 217.80, 40.00, '2025-11-25 12:51:17', '2025-11-25 12:51:17'),
	(154, 348, 5, NULL, 624.00, 530.40, 15.00, '2025-11-25 12:51:17', '2025-11-25 12:51:17'),
	(155, 289, 6, NULL, 840.00, 369.60, 56.00, '2025-11-25 12:51:17', '2025-11-25 12:51:17'),
	(156, 335, 2, NULL, 1737.00, 1059.57, 39.00, '2025-11-25 12:51:17', '2025-11-25 12:51:17'),
	(157, 294, 5, NULL, 1542.00, 817.26, 47.00, '2025-11-25 12:51:17', '2025-11-25 12:51:17'),
	(158, 74, 5, NULL, 854.00, 742.98, 13.00, '2025-11-25 12:51:17', '2025-11-25 12:51:17'),
	(159, 74, 6, NULL, 555.00, 388.50, 30.00, '2025-11-25 12:51:17', '2025-11-25 12:51:17'),
	(160, 25, 6, NULL, 656.00, 406.72, 38.00, '2025-11-25 12:51:17', '2025-11-25 12:51:17'),
	(161, 268, 4, NULL, 756.00, 362.88, 52.00, '2025-11-25 12:51:17', '2025-11-25 12:51:17'),
	(162, 240, 1, NULL, 723.00, 361.50, 50.00, '2025-11-25 12:51:17', '2025-11-25 12:51:17'),
	(163, 41, 5, NULL, 1707.00, 1519.23, 11.00, '2025-11-25 12:51:17', '2025-11-25 12:51:17'),
	(164, 110, 3, NULL, 1104.00, 662.40, 40.00, '2025-11-25 12:51:17', '2025-11-25 12:51:17'),
	(165, 218, 1, NULL, 179.00, 143.20, 20.00, '2025-11-25 12:51:17', '2025-11-25 12:51:17'),
	(166, 366, 1, NULL, 376.00, 319.60, 15.00, '2025-11-25 12:51:17', '2025-11-25 12:51:17'),
	(167, 373, 2, NULL, 1627.00, 699.61, 57.00, '2025-11-25 12:51:17', '2025-11-25 12:51:17'),
	(168, 98, 3, NULL, 1911.00, 1605.24, 16.00, '2025-11-25 12:51:17', '2025-11-25 12:51:17'),
	(169, 25, 3, NULL, 1794.00, 1040.52, 42.00, '2025-11-25 12:51:17', '2025-11-25 12:51:17'),
	(170, 155, 5, NULL, 483.00, 362.25, 25.00, '2025-11-25 12:51:17', '2025-11-25 12:51:17'),
	(171, 44, 2, NULL, 800.00, 328.00, 59.00, '2025-11-25 12:51:17', '2025-11-25 12:51:17'),
	(172, 120, 2, NULL, 1716.00, 1510.08, 12.00, '2025-11-25 12:51:17', '2025-11-25 12:51:17'),
	(173, 264, 2, NULL, 1220.00, 1122.40, 8.00, '2025-11-25 12:51:17', '2025-11-25 12:51:17'),
	(174, 140, 5, NULL, 250.00, 235.00, 6.00, '2025-11-25 12:51:17', '2025-11-25 12:51:17'),
	(175, 26, 1, NULL, 161.00, 94.99, 41.00, '2025-11-25 12:51:17', '2025-11-25 12:51:17'),
	(176, 38, 2, NULL, 1187.00, 1115.78, 6.00, '2025-11-25 12:51:17', '2025-11-25 12:51:17'),
	(177, 287, 5, NULL, 381.00, 198.12, 48.00, '2025-11-25 12:51:17', '2025-11-25 12:51:17'),
	(178, 335, 5, NULL, 1847.00, 1403.72, 24.00, '2025-11-25 12:51:17', '2025-11-25 12:51:17'),
	(179, 327, 6, NULL, 1596.00, 1452.36, 9.00, '2025-11-25 12:51:17', '2025-11-25 12:51:17'),
	(180, 245, 5, NULL, 1368.00, 1299.60, 5.00, '2025-11-25 12:51:17', '2025-11-25 12:51:17'),
	(181, 83, 2, NULL, 661.00, 621.34, 6.00, '2025-11-25 12:51:17', '2025-11-25 12:51:17'),
	(182, 377, 6, NULL, 1645.00, 1167.95, 29.00, '2025-11-25 12:51:17', '2025-11-25 12:51:17'),
	(183, 226, 5, NULL, 1066.00, 479.70, 55.00, '2025-11-25 12:51:17', '2025-11-25 12:51:17'),
	(184, 232, 4, NULL, 1475.00, 840.75, 43.00, '2025-11-25 12:51:17', '2025-11-25 12:51:17'),
	(185, 147, 2, NULL, 1311.00, 839.04, 36.00, '2025-11-25 12:51:17', '2025-11-25 12:51:17'),
	(186, 195, 1, NULL, 1217.00, 535.48, 56.00, '2025-11-25 12:51:17', '2025-11-25 12:51:17'),
	(187, 306, 5, NULL, 1815.00, 762.30, 58.00, '2025-11-25 12:51:17', '2025-11-25 12:51:17'),
	(188, 287, 1, NULL, 612.00, 354.96, 42.00, '2025-11-25 12:51:17', '2025-11-25 12:51:17'),
	(189, 378, 6, NULL, 1790.00, 1145.60, 36.00, '2025-11-25 12:51:17', '2025-11-25 12:51:17'),
	(190, 206, 5, NULL, 1562.00, 1077.78, 31.00, '2025-11-25 12:51:17', '2025-11-25 12:51:17'),
	(191, 101, 3, NULL, 1356.00, 691.56, 49.00, '2025-11-25 12:51:17', '2025-11-25 12:51:17'),
	(192, 337, 4, NULL, 1207.00, 772.48, 36.00, '2025-11-25 12:51:17', '2025-11-25 12:51:17'),
	(193, 135, 2, NULL, 240.00, 141.60, 41.00, '2025-11-25 12:51:17', '2025-11-25 12:51:17'),
	(194, 327, 3, NULL, 387.00, 220.59, 43.00, '2025-11-25 12:51:17', '2025-11-25 12:51:17'),
	(195, 80, 2, NULL, 1449.00, 1188.18, 18.00, '2025-11-25 12:51:17', '2025-11-25 12:51:17'),
	(196, 190, 1, NULL, 1675.00, 1373.50, 18.00, '2025-11-25 12:51:17', '2025-11-25 12:51:17'),
	(197, 196, 5, NULL, 1882.00, 1637.34, 13.00, '2025-11-25 12:51:17', '2025-11-25 12:51:17'),
	(198, 233, 5, NULL, 1965.00, 1159.35, 41.00, '2025-11-25 12:51:17', '2025-11-25 12:51:17'),
	(199, 183, 6, NULL, 469.00, 192.29, 59.00, '2025-11-25 12:51:17', '2025-11-25 12:51:17'),
	(200, 284, 4, NULL, 1471.00, 1206.22, 18.00, '2025-11-25 12:51:17', '2025-11-25 12:51:17'),
	(201, 254, 6, NULL, 178.00, 121.04, 32.00, '2025-11-25 12:51:17', '2025-11-25 12:51:17'),
	(202, 204, 2, NULL, 1958.00, 1840.52, 6.00, '2025-11-25 12:51:17', '2025-11-25 12:51:17'),
	(203, 147, 1, NULL, 1613.00, 1387.18, 14.00, '2025-11-25 12:51:17', '2025-11-25 12:51:17'),
	(204, 226, 6, NULL, 597.00, 513.42, 14.00, '2025-11-25 12:51:17', '2025-11-25 12:51:17'),
	(205, 113, 2, NULL, 1728.00, 708.48, 59.00, '2025-11-25 12:51:17', '2025-11-25 12:51:17'),
	(206, 378, 5, NULL, 331.00, 178.74, 46.00, '2025-11-25 12:51:17', '2025-11-25 12:51:17'),
	(207, 189, 5, NULL, 1339.00, 910.52, 32.00, '2025-11-25 12:51:17', '2025-11-25 12:51:17'),
	(208, 25, 5, NULL, 1655.00, 1390.20, 16.00, '2025-11-25 12:51:17', '2025-11-25 12:51:17'),
	(209, 266, 6, NULL, 500.00, 350.00, 30.00, '2025-11-25 12:51:17', '2025-11-25 12:51:17'),
	(210, 159, 1, NULL, 659.00, 514.02, 22.00, '2025-11-25 12:51:17', '2025-11-25 12:51:17'),
	(211, 361, 5, NULL, 1862.00, 856.52, 54.00, '2025-11-25 12:51:17', '2025-11-25 12:51:17'),
	(212, 207, 5, NULL, 264.00, 198.00, 25.00, '2025-11-25 12:51:17', '2025-11-25 12:51:17'),
	(213, 280, 5, NULL, 1330.00, 1077.30, 19.00, '2025-11-25 12:51:17', '2025-11-25 12:51:17'),
	(214, 13, 5, NULL, 1070.00, 545.70, 49.00, '2025-11-25 12:51:17', '2025-11-25 12:51:17'),
	(215, 197, 1, NULL, 889.00, 444.50, 50.00, '2025-11-25 12:51:17', '2025-11-25 12:51:17'),
	(216, 305, 1, NULL, 923.00, 719.94, 22.00, '2025-11-25 12:51:17', '2025-11-25 12:51:17'),
	(217, 30, 6, NULL, 1878.00, 1427.28, 24.00, '2025-11-25 12:51:17', '2025-11-25 12:51:17'),
	(218, 359, 2, NULL, 1107.00, 974.16, 12.00, '2025-11-25 12:51:17', '2025-11-25 12:51:17'),
	(219, 268, 5, NULL, 623.00, 436.10, 30.00, '2025-11-25 12:51:17', '2025-11-25 12:51:17'),
	(220, 316, 3, NULL, 1682.00, 1194.22, 29.00, '2025-11-25 12:51:17', '2025-11-25 12:51:17'),
	(221, 193, 2, NULL, 1463.00, 760.76, 48.00, '2025-11-25 12:51:17', '2025-11-25 12:51:17'),
	(222, 165, 4, NULL, 1854.00, 1631.52, 12.00, '2025-11-25 12:51:17', '2025-11-25 12:51:17'),
	(223, 370, 4, NULL, 222.00, 159.84, 28.00, '2025-11-25 12:51:17', '2025-11-25 12:51:17'),
	(224, 274, 2, NULL, 405.00, 170.10, 58.00, '2025-11-25 12:51:17', '2025-11-25 12:51:17'),
	(225, 344, 1, NULL, 1129.00, 564.50, 50.00, '2025-11-25 12:51:17', '2025-11-25 12:51:17'),
	(226, 119, 6, NULL, 1642.00, 1149.40, 30.00, '2025-11-25 12:51:17', '2025-11-25 12:51:17'),
	(227, 296, 3, NULL, 627.00, 275.88, 56.00, '2025-11-25 12:51:17', '2025-11-25 12:51:17'),
	(228, 248, 4, NULL, 1671.00, 1537.32, 8.00, '2025-11-25 12:51:17', '2025-11-25 12:51:17'),
	(229, 286, 3, NULL, 495.00, 301.95, 39.00, '2025-11-25 12:51:17', '2025-11-25 12:51:17'),
	(230, 266, 1, NULL, 485.00, 266.75, 45.00, '2025-11-25 12:51:17', '2025-11-25 12:51:17'),
	(231, 321, 4, NULL, 403.00, 330.46, 18.00, '2025-11-25 12:51:17', '2025-11-25 12:51:17'),
	(232, 328, 1, NULL, 1944.00, 1205.28, 38.00, '2025-11-25 12:51:17', '2025-11-25 12:51:17'),
	(233, 109, 4, NULL, 1914.00, 1646.04, 14.00, '2025-11-25 12:51:17', '2025-11-25 12:51:17'),
	(234, 309, 5, NULL, 1349.00, 1065.71, 21.00, '2025-11-25 12:51:17', '2025-11-25 12:51:17'),
	(235, 335, 6, NULL, 820.00, 639.60, 22.00, '2025-11-25 12:51:17', '2025-11-25 12:51:17'),
	(236, 28, 4, NULL, 681.00, 619.71, 9.00, '2025-11-25 12:51:17', '2025-11-25 12:51:17'),
	(237, 45, 2, NULL, 270.00, 218.70, 19.00, '2025-11-25 12:51:17', '2025-11-25 12:51:17'),
	(238, 236, 4, NULL, 240.00, 175.20, 27.00, '2025-11-25 12:51:17', '2025-11-25 12:51:17'),
	(239, 327, 1, NULL, 1411.00, 903.04, 36.00, '2025-11-25 12:51:17', '2025-11-25 12:51:17'),
	(240, 95, 5, NULL, 636.00, 534.24, 16.00, '2025-11-25 12:51:17', '2025-11-25 12:51:17'),
	(241, 254, 2, NULL, 724.00, 369.24, 49.00, '2025-11-25 12:51:17', '2025-11-25 12:51:17'),
	(242, 42, 2, NULL, 624.00, 299.52, 52.00, '2025-11-25 12:51:17', '2025-11-25 12:51:17'),
	(243, 111, 3, NULL, 1932.00, 1545.60, 20.00, '2025-11-25 12:51:17', '2025-11-25 12:51:17'),
	(244, 56, 2, NULL, 1755.00, 965.25, 45.00, '2025-11-25 12:51:17', '2025-11-25 12:51:17'),
	(245, 117, 3, NULL, 1804.00, 1695.76, 6.00, '2025-11-25 12:51:17', '2025-11-25 12:51:17'),
	(246, 56, 1, NULL, 811.00, 673.13, 17.00, '2025-11-25 12:51:17', '2025-11-25 12:51:17'),
	(247, 244, 2, NULL, 1255.00, 790.65, 37.00, '2025-11-25 12:51:17', '2025-11-25 12:51:17'),
	(248, 339, 6, NULL, 1979.00, 1761.31, 11.00, '2025-11-25 12:51:17', '2025-11-25 12:51:17'),
	(249, 187, 3, NULL, 1655.00, 893.70, 46.00, '2025-11-25 12:51:18', '2025-11-25 12:51:18'),
	(250, 386, 3, NULL, 1869.00, 1532.58, 18.00, '2025-11-25 12:51:18', '2025-11-25 12:51:18'),
	(251, 336, 4, NULL, 731.00, 372.81, 49.00, '2025-11-25 12:51:18', '2025-11-25 12:51:18'),
	(252, 245, 3, NULL, 1717.00, 1133.22, 34.00, '2025-11-25 12:51:18', '2025-11-25 12:51:18'),
	(253, 184, 1, NULL, 1235.00, 580.45, 53.00, '2025-11-25 12:51:18', '2025-11-25 12:51:18'),
	(254, 106, 3, NULL, 634.00, 532.56, 16.00, '2025-11-25 12:51:18', '2025-11-25 12:51:18'),
	(255, 307, 3, NULL, 1197.00, 993.51, 17.00, '2025-11-25 12:51:18', '2025-11-25 12:51:18'),
	(256, 63, 2, NULL, 987.00, 838.95, 15.00, '2025-11-25 12:51:18', '2025-11-25 12:51:18'),
	(257, 349, 4, NULL, 499.00, 449.10, 10.00, '2025-11-25 12:51:18', '2025-11-25 12:51:18'),
	(258, 3, 1, NULL, 673.00, 531.67, 21.00, '2025-11-25 12:51:18', '2025-11-25 12:51:18'),
	(259, 314, 2, NULL, 996.00, 796.80, 20.00, '2025-11-25 12:51:18', '2025-11-25 12:51:18'),
	(260, 153, 6, NULL, 171.00, 119.70, 30.00, '2025-11-25 12:51:18', '2025-11-25 12:51:18'),
	(261, 171, 4, NULL, 503.00, 321.92, 36.00, '2025-11-25 12:51:18', '2025-11-25 12:51:18'),
	(262, 296, 6, NULL, 1769.00, 1079.09, 39.00, '2025-11-25 12:51:18', '2025-11-25 12:51:18'),
	(263, 36, 4, NULL, 627.00, 407.55, 35.00, '2025-11-25 12:51:18', '2025-11-25 12:51:18'),
	(264, 315, 4, NULL, 1052.00, 967.84, 8.00, '2025-11-25 12:51:18', '2025-11-25 12:51:18'),
	(265, 133, 4, NULL, 1013.00, 800.27, 21.00, '2025-11-25 12:51:18', '2025-11-25 12:51:18'),
	(266, 125, 3, NULL, 1676.00, 754.20, 55.00, '2025-11-25 12:51:18', '2025-11-25 12:51:18'),
	(267, 371, 5, NULL, 254.00, 215.90, 15.00, '2025-11-25 12:51:18', '2025-11-25 12:51:18'),
	(268, 214, 5, NULL, 1107.00, 1051.65, 5.00, '2025-11-25 12:51:18', '2025-11-25 12:51:18'),
	(269, 159, 5, NULL, 1164.00, 488.88, 58.00, '2025-11-25 12:51:18', '2025-11-25 12:51:18'),
	(270, 32, 1, NULL, 1249.00, 1011.69, 19.00, '2025-11-25 12:51:18', '2025-11-25 12:51:18'),
	(271, 237, 5, NULL, 1106.00, 530.88, 52.00, '2025-11-25 12:51:18', '2025-11-25 12:51:18'),
	(272, 376, 3, NULL, 807.00, 371.22, 54.00, '2025-11-25 12:51:18', '2025-11-25 12:51:18'),
	(273, 387, 6, NULL, 1143.00, 994.41, 13.00, '2025-11-25 12:51:18', '2025-11-25 12:51:18'),
	(274, 24, 4, NULL, 1542.00, 1187.34, 23.00, '2025-11-25 12:51:18', '2025-11-25 12:51:18'),
	(275, 63, 3, NULL, 943.00, 810.98, 14.00, '2025-11-25 12:51:18', '2025-11-25 12:51:18'),
	(276, 366, 4, NULL, 680.00, 544.00, 20.00, '2025-11-25 12:51:18', '2025-11-25 12:51:18'),
	(277, 283, 2, NULL, 1818.00, 1018.08, 44.00, '2025-11-25 12:51:18', '2025-11-25 12:51:18'),
	(278, 76, 4, NULL, 1751.00, 1400.80, 20.00, '2025-11-25 12:51:18', '2025-11-25 12:51:18'),
	(279, 364, 3, NULL, 302.00, 277.84, 8.00, '2025-11-25 12:51:18', '2025-11-25 12:51:18'),
	(280, 198, 3, NULL, 1138.00, 466.58, 59.00, '2025-11-25 12:51:18', '2025-11-25 12:51:18'),
	(281, 343, 1, NULL, 840.00, 420.00, 50.00, '2025-11-25 12:51:18', '2025-11-25 12:51:18'),
	(282, 245, 4, NULL, 126.00, 99.54, 21.00, '2025-11-25 12:51:18', '2025-11-25 12:51:18'),
	(283, 153, 5, NULL, 731.00, 555.56, 24.00, '2025-11-25 12:51:18', '2025-11-25 12:51:18'),
	(284, 314, 5, NULL, 362.00, 325.80, 10.00, '2025-11-25 12:51:18', '2025-11-25 12:51:18'),
	(285, 232, 6, NULL, 1259.00, 1120.51, 11.00, '2025-11-25 12:51:18', '2025-11-25 12:51:18'),
	(286, 32, 2, NULL, 303.00, 227.25, 25.00, '2025-11-25 12:51:18', '2025-11-25 12:51:18'),
	(287, 212, 6, NULL, 556.00, 461.48, 17.00, '2025-11-25 12:51:18', '2025-11-25 12:51:18'),
	(288, 205, 6, NULL, 1853.00, 1556.52, 16.00, '2025-11-25 12:51:18', '2025-11-25 12:51:18'),
	(289, 297, 2, NULL, 1745.00, 1361.10, 22.00, '2025-11-25 12:51:18', '2025-11-25 12:51:18'),
	(290, 302, 4, NULL, 1836.00, 1101.60, 40.00, '2025-11-25 12:51:18', '2025-11-25 12:51:18'),
	(291, 102, 1, NULL, 1201.00, 732.61, 39.00, '2025-11-25 12:51:18', '2025-11-25 12:51:18'),
	(292, 187, 2, NULL, 1225.00, 1029.00, 16.00, '2025-11-25 12:51:18', '2025-11-25 12:51:18'),
	(293, 125, 2, NULL, 1481.00, 1214.42, 18.00, '2025-11-25 12:51:18', '2025-11-25 12:51:18'),
	(294, 66, 3, NULL, 1166.00, 583.00, 50.00, '2025-11-25 12:51:18', '2025-11-25 12:51:18'),
	(295, 146, 4, NULL, 615.00, 504.30, 18.00, '2025-11-25 12:51:18', '2025-11-25 12:51:18'),
	(296, 381, 6, NULL, 375.00, 345.00, 8.00, '2025-11-25 12:51:18', '2025-11-25 12:51:18'),
	(297, 173, 6, NULL, 799.00, 319.60, 60.00, '2025-11-25 12:51:18', '2025-11-25 12:51:18'),
	(298, 223, 2, NULL, 1671.00, 952.47, 43.00, '2025-11-25 12:51:18', '2025-11-25 12:51:18'),
	(299, 158, 6, NULL, 1008.00, 665.28, 34.00, '2025-11-25 12:51:18', '2025-11-25 12:51:18'),
	(300, 78, 5, NULL, 1849.00, 1109.40, 40.00, '2025-11-25 12:51:18', '2025-11-25 12:51:18');

-- Dumping structure for table rosheta.migrations
CREATE TABLE IF NOT EXISTS `migrations` (
  `id` int unsigned NOT NULL AUTO_INCREMENT,
  `migration` varchar(255) COLLATE utf8mb4_unicode_ci NOT NULL,
  `batch` int NOT NULL,
  PRIMARY KEY (`id`)
) ENGINE=InnoDB AUTO_INCREMENT=42 DEFAULT CHARSET=utf8mb4 COLLATE=utf8mb4_unicode_ci;

-- Dumping data for table rosheta.migrations: ~39 rows (approximately)
INSERT INTO `migrations` (`id`, `migration`, `batch`) VALUES
	(1, '0001_01_01_000000_create_users_table', 1),
	(2, '0001_01_01_000001_create_cache_table', 1),
	(3, '0001_01_01_000002_create_jobs_table', 1),
	(4, '0001_01_01_000003_create_medicines_table', 1),
	(5, '2025_10_27_232246_create_medicine_table', 2),
	(6, '2025_11_01_003600_create_governorates_table', 3),
	(7, '2025_11_01_003631_create_cities_table', 4),
	(8, '2025_11_01_003634_create_areas_table', 4),
	(9, '2025_11_01_003635_create_pharmacies_table', 5),
	(10, '2025_11_01_125342_create_clients_table', 5),
	(12, '2025_11_01_125355_create_client_addresses_table', 6),
	(13, '2025_11_01_140616_add_city_id_and_area_id_to_client_addresses_table', 7),
	(14, '2025_11_01_150000_create_client_requests_table', 8),
	(15, '2025_11_01_150100_create_client_request_lines_table', 8),
	(16, '2025_11_05_162040_add_images_to_client_requests_table', 9),
	(17, '2025_11_09_100000_create_pharmacy_agents_table', 10),
	(19, '2025_11_09_100200_create_offer_lines_table', 10),
	(20, '2025_11_09_100100_create_offers_table', 11),
	(21, '2025_11_17_000001_add_pharmacy_id_to_users_table', 12),
	(22, '2025_11_21_150827_create_personal_access_tokens_table', 13),
	(23, '2025_11_21_150903_add_password_to_clients_table', 13),
	(24, '2025_11_21_210451_create_password_reset_codes_table', 14),
	(25, '2025_11_17_010000_create_orders_table', 15),
	(26, '2025_11_17_010100_create_order_lines_table', 15),
	(27, '2025_11_24_000100_create_laboratories_table', 16),
	(28, '2025_11_25_000100_create_medical_test_offers_table', 17),
	(29, '2025_11_25_000200_add_logo_to_laboratories_table', 17),
	(30, '2025_11_25_000300_add_avatar_to_clients_table', 18),
	(31, '2025_11_25_000400_create_medical_test_requests_table', 19),
	(32, '2025_11_25_000401_create_medical_test_request_lines_table', 19),
	(33, '2025_11_25_000402_add_images_to_medical_test_requests_table', 20),
	(34, '2025_11_25_000500_create_medical_test_offer_lines_table', 21),
	(35, '2025_11_25_010000_create_client_request_test_lines', 22),
	(36, '2025_11_25_010100_add_client_request_id_to_medical_test_offers', 22),
	(37, '2025_11_25_010200_add_type_to_client_requests_table', 23),
	(38, '2025_11_25_020000_add_laboratory_id_to_users_table', 24),
	(39, '2025_12_03_221857_add_request_type_and_laboratory_id_to_offers_table', 25),
	(40, '2025_12_03_223005_add_request_type_and_laboratory_id_to_offers_table', 26),
	(41, '2025_12_03_224018_add_medical_test_id_to_client_request_lines_table', 27);

-- Dumping structure for table rosheta.offers
CREATE TABLE IF NOT EXISTS `offers` (
  `id` bigint unsigned NOT NULL AUTO_INCREMENT,
  `client_request_id` bigint unsigned NOT NULL,
  `request_type` varchar(255) COLLATE utf8mb4_unicode_ci NOT NULL DEFAULT 'medicine',
  `pharmacy_id` bigint unsigned DEFAULT NULL,
  `laboratory_id` bigint unsigned DEFAULT NULL,
  `user_id` bigint unsigned NOT NULL,
  `status` varchar(255) COLLATE utf8mb4_unicode_ci NOT NULL DEFAULT 'draft',
  `total_price` decimal(10,2) DEFAULT NULL,
  `created_at` timestamp NULL DEFAULT NULL,
  `updated_at` timestamp NULL DEFAULT NULL,
  PRIMARY KEY (`id`),
  KEY `offers_client_request_id_foreign` (`client_request_id`),
  KEY `offers_pharmacy_id_foreign` (`pharmacy_id`),
  KEY `offers_user_id_foreign` (`user_id`),
  KEY `offers_request_type_index` (`request_type`),
  KEY `offers_laboratory_id_index` (`laboratory_id`),
  CONSTRAINT `offers_client_request_id_foreign` FOREIGN KEY (`client_request_id`) REFERENCES `client_requests` (`id`),
  CONSTRAINT `offers_laboratory_id_foreign` FOREIGN KEY (`laboratory_id`) REFERENCES `laboratories` (`id`) ON DELETE SET NULL,
  CONSTRAINT `offers_pharmacy_id_foreign` FOREIGN KEY (`pharmacy_id`) REFERENCES `pharmacies` (`id`),
  CONSTRAINT `offers_user_id_foreign` FOREIGN KEY (`user_id`) REFERENCES `users` (`id`)
) ENGINE=InnoDB AUTO_INCREMENT=105 DEFAULT CHARSET=utf8mb4 COLLATE=utf8mb4_unicode_ci;

-- Dumping data for table rosheta.offers: ~104 rows (approximately)
INSERT INTO `offers` (`id`, `client_request_id`, `request_type`, `pharmacy_id`, `laboratory_id`, `user_id`, `status`, `total_price`, `created_at`, `updated_at`) VALUES
	(1, 27, 'medicine', 17, NULL, 1, 'submitted', 2619.00, '2025-11-17 08:20:22', '2025-11-17 08:20:22'),
	(2, 78, 'medicine', 53, NULL, 1, 'submitted', 826.00, '2025-11-17 08:20:22', '2025-11-17 08:20:22'),
	(3, 22, 'medicine', 22, NULL, 1, 'draft', 6988.00, '2025-11-17 08:20:22', '2025-11-17 08:20:22'),
	(4, 34, 'medicine', 27, NULL, 1, 'submitted', 2780.00, '2025-11-17 08:20:22', '2025-11-17 08:20:22'),
	(5, 70, 'medicine', 45, NULL, 1, 'submitted', 2312.00, '2025-11-17 08:20:22', '2025-11-17 08:20:22'),
	(6, 64, 'medicine', 1, NULL, 1, 'draft', 5400.00, '2025-11-17 08:20:22', '2025-11-17 08:20:22'),
	(7, 64, 'medicine', 7, NULL, 1, 'cancelled', 2424.00, '2025-11-17 08:20:22', '2025-11-17 08:20:22'),
	(8, 68, 'medicine', 32, NULL, 1, 'submitted', 1307.00, '2025-11-17 08:20:22', '2025-11-17 08:20:22'),
	(9, 76, 'medicine', 3, NULL, 1, 'draft', 6440.00, '2025-11-17 08:20:22', '2025-11-17 08:20:22'),
	(10, 43, 'medicine', 53, NULL, 1, 'rejected', 2047.00, '2025-11-17 08:20:22', '2025-11-26 20:29:54'),
	(11, 53, 'medicine', 23, NULL, 1, 'submitted', 884.00, '2025-11-17 08:20:22', '2025-11-17 08:20:22'),
	(12, 81, 'medicine', 53, NULL, 1, 'cancelled', 4930.00, '2025-11-17 08:20:22', '2025-11-17 08:20:22'),
	(13, 43, 'medicine', 36, NULL, 1, 'rejected', 2338.00, '2025-11-17 08:20:22', '2025-11-26 20:29:54'),
	(14, 46, 'medicine', 31, NULL, 1, 'rejected', 2340.00, '2025-11-17 08:20:22', '2025-11-28 22:22:55'),
	(15, 67, 'medicine', 1, NULL, 1, 'draft', 3327.00, '2025-11-17 08:20:22', '2025-11-17 08:20:22'),
	(16, 46, 'medicine', 61, NULL, 1, 'rejected', 3680.00, '2025-11-17 08:20:22', '2025-11-28 22:22:55'),
	(17, 68, 'medicine', 26, NULL, 1, 'accepted', 3579.00, '2025-11-17 08:20:22', '2025-11-17 08:20:22'),
	(18, 52, 'medicine', 22, NULL, 1, 'submitted', 1585.00, '2025-11-17 08:20:22', '2025-11-17 08:20:22'),
	(19, 43, 'medicine', 6, NULL, 1, 'rejected', 1339.00, '2025-11-17 08:20:22', '2025-11-26 20:29:54'),
	(20, 3, 'medicine', 3, NULL, 1, 'accepted', 7063.37, '2025-11-17 08:20:22', '2025-11-17 08:20:22'),
	(21, 31, 'medicine', 16, NULL, 1, 'cancelled', 6384.00, '2025-11-17 08:20:22', '2025-11-17 08:20:22'),
	(22, 44, 'medicine', 56, NULL, 1, 'cancelled', 1197.00, '2025-11-17 08:20:22', '2025-11-17 08:20:22'),
	(23, 7, 'medicine', 25, NULL, 1, 'draft', 5682.00, '2025-11-17 08:20:22', '2025-11-17 08:20:22'),
	(24, 82, 'medicine', 40, NULL, 1, 'draft', 5443.00, '2025-11-17 08:20:22', '2025-11-17 08:20:22'),
	(25, 41, 'medicine', 52, NULL, 1, 'accepted', 8061.00, '2025-11-17 08:20:22', '2025-11-17 08:20:23'),
	(26, 82, 'medicine', 50, NULL, 1, 'draft', 3506.00, '2025-11-17 08:20:22', '2025-11-17 08:20:23'),
	(27, 46, 'medicine', 41, NULL, 1, 'accepted', 440.00, '2025-11-17 08:20:22', '2025-11-28 22:22:55'),
	(28, 64, 'medicine', 52, NULL, 1, 'accepted', 4794.00, '2025-11-17 08:20:22', '2025-11-17 08:20:23'),
	(29, 76, 'medicine', 1, NULL, 1, 'draft', 3425.00, '2025-11-17 08:20:22', '2025-11-17 08:20:23'),
	(30, 16, 'medicine', 10, NULL, 1, 'accepted', 6979.00, '2025-11-17 08:20:22', '2025-11-17 08:20:23'),
	(31, 4, 'medicine', 6, NULL, 7, 'pending', 500.00, '2025-11-17 13:55:28', '2025-11-17 13:55:28'),
	(32, 4, 'medicine', 6, NULL, 7, 'pending', 3110.00, '2025-11-17 13:58:36', '2025-11-17 13:58:36'),
	(33, 5, 'medicine', 6, NULL, 7, 'pending', 3555.00, '2025-11-17 14:39:11', '2025-11-17 14:39:11'),
	(34, 25, 'medicine', 33, NULL, 50, 'draft', 2328.00, '2025-11-21 16:30:32', '2025-11-21 16:30:32'),
	(35, 5, 'medicine', 56, NULL, 47, 'cancelled', 1470.00, '2025-11-21 16:30:32', '2025-11-21 16:30:32'),
	(36, 32, 'medicine', 59, NULL, 54, 'draft', 5176.00, '2025-11-21 16:30:32', '2025-11-21 16:30:32'),
	(37, 22, 'medicine', 83, NULL, 27, 'cancelled', 2451.00, '2025-11-21 16:30:32', '2025-11-21 16:30:32'),
	(38, 33, 'medicine', 31, NULL, 15, 'cancelled', 5531.00, '2025-11-21 16:30:32', '2025-11-21 16:30:32'),
	(39, 16, 'medicine', 6, NULL, 89, 'cancelled', 7669.00, '2025-11-21 16:30:32', '2025-11-21 16:30:32'),
	(40, 24, 'medicine', 83, NULL, 23, 'submitted', 5335.00, '2025-11-21 16:30:32', '2025-11-21 16:30:32'),
	(41, 21, 'medicine', 21, NULL, 64, 'submitted', 2777.00, '2025-11-21 16:30:32', '2025-11-21 16:30:32'),
	(42, 13, 'medicine', 70, NULL, 70, 'submitted', 3882.00, '2025-11-21 16:30:32', '2025-11-21 16:30:32'),
	(43, 16, 'medicine', 81, NULL, 7, 'accepted', 8867.00, '2025-11-21 16:30:32', '2025-11-21 16:30:32'),
	(44, 29, 'medicine', 85, NULL, 71, 'submitted', 7226.00, '2025-11-21 16:30:32', '2025-11-21 16:30:32'),
	(45, 9, 'medicine', 5, NULL, 71, 'accepted', 2568.00, '2025-11-21 16:30:32', '2025-11-21 16:30:32'),
	(46, 28, 'medicine', 32, NULL, 76, 'cancelled', 5247.00, '2025-11-21 16:30:32', '2025-11-21 16:30:32'),
	(47, 3, 'medicine', 37, NULL, 9, 'cancelled', 2320.00, '2025-11-21 16:30:32', '2025-11-21 16:30:32'),
	(48, 33, 'medicine', 28, NULL, 23, 'submitted', 4891.00, '2025-11-21 16:30:32', '2025-11-21 16:30:32'),
	(49, 2, 'medicine', 16, NULL, 85, 'submitted', 780.00, '2025-11-21 16:30:32', '2025-11-21 16:30:32'),
	(50, 12, 'medicine', 51, NULL, 43, 'draft', 6623.00, '2025-11-21 16:30:32', '2025-11-21 16:30:32'),
	(51, 34, 'medicine', 21, NULL, 32, 'draft', 3297.00, '2025-11-21 16:30:32', '2025-11-21 16:30:32'),
	(52, 2, 'medicine', 11, NULL, 53, 'submitted', 1561.00, '2025-11-21 16:30:32', '2025-11-21 16:30:32'),
	(53, 39, 'medicine', 19, NULL, 12, 'submitted', 2121.00, '2025-11-21 16:30:32', '2025-11-21 16:30:32'),
	(54, 13, 'medicine', 44, NULL, 46, 'draft', 5913.00, '2025-11-21 16:30:32', '2025-11-21 16:30:32'),
	(55, 30, 'medicine', 48, NULL, 18, 'cancelled', 1170.00, '2025-11-21 16:30:32', '2025-11-21 16:30:32'),
	(56, 4, 'medicine', 88, NULL, 86, 'draft', 364.00, '2025-11-21 16:30:32', '2025-11-21 16:30:32'),
	(57, 19, 'medicine', 35, NULL, 75, 'draft', 1134.00, '2025-11-21 16:30:32', '2025-11-21 16:30:32'),
	(58, 10, 'medicine', 9, NULL, 90, 'submitted', 7454.00, '2025-11-21 16:30:32', '2025-11-21 16:30:32'),
	(59, 28, 'medicine', 15, NULL, 78, 'draft', 4568.00, '2025-11-21 16:30:32', '2025-11-21 16:30:32'),
	(60, 29, 'medicine', 15, NULL, 52, 'submitted', 10611.00, '2025-11-21 16:30:32', '2025-11-21 16:30:32'),
	(61, 1, 'medicine', 45, NULL, 44, 'cancelled', 770.00, '2025-11-21 16:30:32', '2025-11-21 16:30:32'),
	(62, 27, 'medicine', 57, NULL, 42, 'cancelled', 4381.00, '2025-11-21 16:30:32', '2025-11-21 16:30:32'),
	(63, 19, 'medicine', 14, NULL, 13, 'accepted', 2184.00, '2025-11-21 16:30:32', '2025-11-21 16:30:32'),
	(64, 1, 'medicine', 25, NULL, 1, 'pending', 80.00, '2025-11-21 16:32:13', '2025-11-21 16:32:13'),
	(65, 43, 'medicine', 39, NULL, 107, 'accepted', 764.00, '2025-11-25 12:46:26', '2025-11-26 20:29:54'),
	(66, 72, 'medicine', 53, NULL, 13, 'draft', 5398.00, '2025-11-25 12:46:26', '2025-11-25 12:46:26'),
	(67, 48, 'medicine', 83, NULL, 35, 'accepted', 4094.00, '2025-11-25 12:46:26', '2025-11-25 12:46:26'),
	(68, 62, 'medicine', 29, NULL, 61, 'draft', 2931.00, '2025-11-25 12:46:26', '2025-11-25 12:46:26'),
	(69, 30, 'medicine', 42, NULL, 20, 'cancelled', 1485.00, '2025-11-25 12:46:26', '2025-11-25 12:46:26'),
	(70, 73, 'medicine', 26, NULL, 115, 'draft', 9030.00, '2025-11-25 12:46:26', '2025-11-25 12:46:26'),
	(71, 28, 'medicine', 1, NULL, 94, 'cancelled', 4392.00, '2025-11-25 12:46:26', '2025-11-25 12:46:26'),
	(72, 32, 'medicine', 65, NULL, 61, 'accepted', 7136.00, '2025-11-25 12:46:26', '2025-11-25 12:46:26'),
	(73, 68, 'medicine', 3, NULL, 62, 'accepted', 3443.00, '2025-11-25 12:46:26', '2025-11-25 12:46:26'),
	(74, 17, 'medicine', 69, NULL, 25, 'cancelled', 7272.00, '2025-11-25 12:46:26', '2025-11-25 12:46:26'),
	(75, 31, 'medicine', 74, NULL, 72, 'cancelled', 3321.00, '2025-11-25 12:46:26', '2025-11-25 12:46:26'),
	(76, 22, 'medicine', 22, NULL, 36, 'cancelled', 2039.00, '2025-11-25 12:46:26', '2025-11-25 12:46:26'),
	(77, 11, 'medicine', 32, NULL, 58, 'draft', 7217.00, '2025-11-25 12:46:26', '2025-11-25 12:46:26'),
	(78, 25, 'medicine', 93, NULL, 28, 'accepted', 3640.00, '2025-11-25 12:46:26', '2025-11-25 12:46:26'),
	(79, 9, 'medicine', 11, NULL, 113, 'cancelled', 5162.00, '2025-11-25 12:46:26', '2025-11-25 12:46:26'),
	(80, 40, 'medicine', 120, NULL, 54, 'cancelled', 6334.00, '2025-11-25 12:46:26', '2025-11-25 12:46:26'),
	(81, 43, 'medicine', 11, NULL, 18, 'rejected', 488.00, '2025-11-25 12:46:26', '2025-11-26 20:29:54'),
	(82, 51, 'medicine', 93, NULL, 37, 'cancelled', 6506.00, '2025-11-25 12:46:26', '2025-11-25 12:46:26'),
	(83, 33, 'medicine', 58, NULL, 39, 'draft', 3988.00, '2025-11-25 12:46:26', '2025-11-25 12:46:26'),
	(84, 84, 'medicine', 12, NULL, 35, 'submitted', 1029.00, '2025-11-25 12:46:26', '2025-11-25 12:46:26'),
	(85, 85, 'medicine', 105, NULL, 57, 'draft', 8435.00, '2025-11-25 12:46:26', '2025-11-25 12:46:26'),
	(86, 37, 'medicine', 99, NULL, 101, 'submitted', 6285.00, '2025-11-25 12:46:26', '2025-11-25 12:46:26'),
	(87, 85, 'medicine', 58, NULL, 116, 'draft', 9917.00, '2025-11-25 12:46:26', '2025-11-25 12:46:26'),
	(88, 23, 'medicine', 27, NULL, 107, 'submitted', 5427.00, '2025-11-25 12:46:26', '2025-11-25 12:46:26'),
	(89, 61, 'medicine', 85, NULL, 14, 'draft', 4820.00, '2025-11-25 12:46:26', '2025-11-25 12:46:26'),
	(90, 33, 'medicine', 82, NULL, 106, 'draft', 2037.00, '2025-11-25 12:46:26', '2025-11-25 12:46:26'),
	(91, 84, 'medicine', 22, NULL, 100, 'cancelled', 237.00, '2025-11-25 12:46:26', '2025-11-25 12:46:26'),
	(92, 14, 'medicine', 24, NULL, 50, 'submitted', 720.00, '2025-11-25 12:46:26', '2025-11-25 12:46:26'),
	(93, 39, 'medicine', 97, NULL, 107, 'submitted', 1512.00, '2025-11-25 12:46:26', '2025-11-25 12:46:26'),
	(94, 39, 'medicine', 100, NULL, 93, 'accepted', 1372.00, '2025-11-25 12:46:26', '2025-11-25 12:46:26'),
	(95, 88, 'medicine', 69, NULL, 1, 'accepted', 3.00, '2025-11-29 16:02:44', '2025-11-29 22:19:26'),
	(96, 88, 'medicine', 22, NULL, 1, 'rejected', 2.50, '2025-11-29 16:03:06', '2025-11-29 22:19:27'),
	(97, 89, 'medicine', 34, NULL, 1, 'pending', 18.00, '2025-12-03 20:02:04', '2025-12-03 20:02:04'),
	(98, 95, 'test', NULL, 1, 1, 'pending', 50.00, '2025-12-03 20:23:58', '2025-12-03 20:23:58'),
	(99, 95, 'test', NULL, 1, 1, 'pending', 50.00, '2025-12-03 20:33:07', '2025-12-03 20:33:07'),
	(100, 95, 'test', NULL, 1, 1, 'pending', 50.00, '2025-12-03 20:33:39', '2025-12-03 20:33:39'),
	(101, 95, 'test', NULL, 1, 1, 'pending', 50.00, '2025-12-03 20:34:15', '2025-12-03 20:34:15'),
	(102, 95, 'test', NULL, 3, 1, 'pending', 220.00, '2025-12-03 20:56:49', '2025-12-03 20:56:49'),
	(103, 104, 'test', NULL, 2, 1, 'pending', 150.00, '2025-12-09 15:52:41', '2025-12-09 15:52:41'),
	(104, 107, 'test', NULL, 1, 1, 'pending', 170.00, '2025-12-09 17:05:49', '2025-12-09 17:05:49');

-- Dumping structure for table rosheta.offer_lines
CREATE TABLE IF NOT EXISTS `offer_lines` (
  `id` bigint unsigned NOT NULL AUTO_INCREMENT,
  `item_type` varchar(255) COLLATE utf8mb4_unicode_ci NOT NULL DEFAULT 'medicine',
  `offer_id` bigint unsigned NOT NULL,
  `medicine_id` bigint unsigned DEFAULT NULL,
  `medical_test_id` bigint unsigned DEFAULT NULL,
  `quantity` int unsigned NOT NULL,
  `unit` varchar(255) COLLATE utf8mb4_unicode_ci NOT NULL,
  `price` decimal(10,2) DEFAULT NULL,
  `created_at` timestamp NULL DEFAULT NULL,
  `updated_at` timestamp NULL DEFAULT NULL,
  PRIMARY KEY (`id`),
  KEY `offer_lines_offer_id_foreign` (`offer_id`),
  KEY `offer_lines_medicine_id_foreign` (`medicine_id`),
  KEY `offer_lines_item_type_index` (`item_type`),
  KEY `offer_lines_medical_test_id_index` (`medical_test_id`),
  CONSTRAINT `offer_lines_medical_test_id_foreign` FOREIGN KEY (`medical_test_id`) REFERENCES `medical_tests` (`id`) ON DELETE RESTRICT,
  CONSTRAINT `offer_lines_medicine_id_foreign` FOREIGN KEY (`medicine_id`) REFERENCES `medicines` (`id`) ON DELETE RESTRICT,
  CONSTRAINT `offer_lines_offer_id_foreign` FOREIGN KEY (`offer_id`) REFERENCES `offers` (`id`) ON DELETE CASCADE
) ENGINE=InnoDB AUTO_INCREMENT=285 DEFAULT CHARSET=utf8mb4 COLLATE=utf8mb4_unicode_ci;

-- Dumping data for table rosheta.offer_lines: ~282 rows (approximately)
INSERT INTO `offer_lines` (`id`, `item_type`, `offer_id`, `medicine_id`, `medical_test_id`, `quantity`, `unit`, `price`, `created_at`, `updated_at`) VALUES
	(1, 'medicine', 3, 2529, NULL, 10, 'box', 100.00, '2025-11-13 17:02:16', '2025-11-13 17:02:16'),
	(4, 'medicine', 1, 16888, NULL, 3, 'box', 103.00, '2025-11-17 08:20:22', '2025-11-17 08:20:22'),
	(5, 'medicine', 1, 19690, NULL, 6, 'box', 208.00, '2025-11-17 08:20:22', '2025-11-17 08:20:22'),
	(6, 'medicine', 1, 36, NULL, 5, 'box', 108.00, '2025-11-17 08:20:22', '2025-11-17 08:20:22'),
	(7, 'medicine', 1, 27, NULL, 9, 'box', 58.00, '2025-11-17 08:20:22', '2025-11-17 08:20:22'),
	(8, 'medicine', 2, 22480, NULL, 2, 'strips', 413.00, '2025-11-17 08:20:22', '2025-11-17 08:20:22'),
	(9, 'medicine', 3, 15905, NULL, 3, 'strips', 80.00, '2025-11-17 08:20:22', '2025-11-17 08:20:22'),
	(10, 'medicine', 3, 14655, NULL, 9, 'strips', 300.00, '2025-11-17 08:20:22', '2025-11-17 08:20:22'),
	(11, 'medicine', 3, 585, NULL, 1, 'box', 218.00, '2025-11-17 08:20:22', '2025-11-17 08:20:22'),
	(12, 'medicine', 3, 7852, NULL, 1, 'box', 438.00, '2025-11-17 08:20:22', '2025-11-17 08:20:22'),
	(13, 'medicine', 3, 7090, NULL, 8, 'strips', 299.00, '2025-11-17 08:20:22', '2025-11-17 08:20:22'),
	(14, 'medicine', 4, 18805, NULL, 1, 'box', 377.00, '2025-11-17 08:20:22', '2025-11-17 08:20:22'),
	(15, 'medicine', 4, 6064, NULL, 2, 'box', 348.00, '2025-11-17 08:20:22', '2025-11-17 08:20:22'),
	(16, 'medicine', 4, 24998, NULL, 2, 'box', 453.00, '2025-11-17 08:20:22', '2025-11-17 08:20:22'),
	(17, 'medicine', 4, 4225, NULL, 9, 'strips', 89.00, '2025-11-17 08:20:22', '2025-11-17 08:20:22'),
	(18, 'medicine', 5, 11982, NULL, 2, 'box', 203.00, '2025-11-17 08:20:22', '2025-11-17 08:20:22'),
	(19, 'medicine', 5, 24869, NULL, 2, 'box', 221.00, '2025-11-17 08:20:22', '2025-11-17 08:20:22'),
	(20, 'medicine', 5, 22596, NULL, 8, 'strips', 183.00, '2025-11-17 08:20:22', '2025-11-17 08:20:22'),
	(21, 'medicine', 6, 24120, NULL, 9, 'box', 21.00, '2025-11-17 08:20:22', '2025-11-17 08:20:22'),
	(22, 'medicine', 6, 21911, NULL, 6, 'strips', 270.00, '2025-11-17 08:20:22', '2025-11-17 08:20:22'),
	(23, 'medicine', 6, 11276, NULL, 9, 'strips', 399.00, '2025-11-17 08:20:22', '2025-11-17 08:20:22'),
	(24, 'medicine', 7, 24120, NULL, 9, 'box', 225.00, '2025-11-17 08:20:22', '2025-11-17 08:20:22'),
	(25, 'medicine', 7, 21911, NULL, 6, 'strips', 50.00, '2025-11-17 08:20:22', '2025-11-17 08:20:22'),
	(26, 'medicine', 7, 11276, NULL, 9, 'strips', 11.00, '2025-11-17 08:20:22', '2025-11-17 08:20:22'),
	(27, 'medicine', 8, 13181, NULL, 2, 'strips', 485.00, '2025-11-17 08:20:22', '2025-11-17 08:20:22'),
	(28, 'medicine', 8, 10508, NULL, 1, 'box', 166.00, '2025-11-17 08:20:22', '2025-11-17 08:20:22'),
	(29, 'medicine', 8, 6526, NULL, 9, 'box', 19.00, '2025-11-17 08:20:22', '2025-11-17 08:20:22'),
	(30, 'medicine', 9, 23537, NULL, 10, 'strips', 23.00, '2025-11-17 08:20:22', '2025-11-17 08:20:22'),
	(31, 'medicine', 9, 9313, NULL, 5, 'strips', 56.00, '2025-11-17 08:20:22', '2025-11-17 08:20:22'),
	(32, 'medicine', 9, 2801, NULL, 3, 'strips', 184.00, '2025-11-17 08:20:22', '2025-11-17 08:20:22'),
	(33, 'medicine', 9, 21448, NULL, 10, 'box', 460.00, '2025-11-17 08:20:22', '2025-11-17 08:20:22'),
	(34, 'medicine', 9, 10897, NULL, 2, 'strips', 389.00, '2025-11-17 08:20:22', '2025-11-17 08:20:22'),
	(35, 'medicine', 10, 22925, NULL, 3, 'strips', 119.00, '2025-11-17 08:20:22', '2025-11-17 08:20:22'),
	(36, 'medicine', 10, 18354, NULL, 10, 'strips', 169.00, '2025-11-17 08:20:22', '2025-11-17 08:20:22'),
	(37, 'medicine', 11, 11421, NULL, 2, 'strips', 386.00, '2025-11-17 08:20:22', '2025-11-17 08:20:22'),
	(38, 'medicine', 11, 22393, NULL, 4, 'box', 28.00, '2025-11-17 08:20:22', '2025-11-17 08:20:22'),
	(39, 'medicine', 12, 5833, NULL, 4, 'strips', 228.00, '2025-11-17 08:20:22', '2025-11-17 08:20:22'),
	(40, 'medicine', 12, 18576, NULL, 7, 'strips', 330.00, '2025-11-17 08:20:22', '2025-11-17 08:20:22'),
	(41, 'medicine', 12, 16797, NULL, 4, 'box', 427.00, '2025-11-17 08:20:22', '2025-11-17 08:20:22'),
	(42, 'medicine', 13, 22925, NULL, 3, 'strips', 56.00, '2025-11-17 08:20:22', '2025-11-17 08:20:22'),
	(43, 'medicine', 13, 18354, NULL, 10, 'strips', 217.00, '2025-11-17 08:20:22', '2025-11-17 08:20:22'),
	(44, 'medicine', 14, 19251, NULL, 10, 'box', 234.00, '2025-11-17 08:20:22', '2025-11-17 08:20:22'),
	(45, 'medicine', 15, 14927, NULL, 8, 'box', 42.00, '2025-11-17 08:20:22', '2025-11-17 08:20:22'),
	(46, 'medicine', 15, 18181, NULL, 5, 'box', 195.00, '2025-11-17 08:20:22', '2025-11-17 08:20:22'),
	(47, 'medicine', 15, 9522, NULL, 5, 'box', 216.00, '2025-11-17 08:20:22', '2025-11-17 08:20:22'),
	(48, 'medicine', 15, 13924, NULL, 8, 'strips', 117.00, '2025-11-17 08:20:22', '2025-11-17 08:20:22'),
	(49, 'medicine', 16, 19251, NULL, 10, 'box', 368.00, '2025-11-17 08:20:22', '2025-11-17 08:20:22'),
	(50, 'medicine', 17, 13181, NULL, 2, 'strips', 261.00, '2025-11-17 08:20:22', '2025-11-17 08:20:22'),
	(51, 'medicine', 17, 10508, NULL, 1, 'box', 384.00, '2025-11-17 08:20:22', '2025-11-17 08:20:22'),
	(52, 'medicine', 17, 6526, NULL, 9, 'box', 297.00, '2025-11-17 08:20:22', '2025-11-17 08:20:22'),
	(53, 'medicine', 18, 20156, NULL, 2, 'strips', 21.00, '2025-11-17 08:20:22', '2025-11-17 08:20:22'),
	(54, 'medicine', 18, 3295, NULL, 2, 'strips', 204.00, '2025-11-17 08:20:22', '2025-11-17 08:20:22'),
	(55, 'medicine', 18, 14157, NULL, 8, 'box', 119.00, '2025-11-17 08:20:22', '2025-11-17 08:20:22'),
	(56, 'medicine', 18, 20109, NULL, 3, 'box', 61.00, '2025-11-17 08:20:22', '2025-11-17 08:20:22'),
	(57, 'medicine', 19, 22925, NULL, 3, 'strips', 43.00, '2025-11-17 08:20:22', '2025-11-17 08:20:22'),
	(58, 'medicine', 19, 18354, NULL, 10, 'strips', 121.00, '2025-11-17 08:20:22', '2025-11-17 08:20:22'),
	(59, 'medicine', 20, 12695, NULL, 2, 'box', 343.50, '2025-11-17 08:20:22', '2025-11-17 08:20:22'),
	(60, 'medicine', 20, 23067, NULL, 7, 'box', 355.07, '2025-11-17 08:20:22', '2025-11-17 08:20:22'),
	(61, 'medicine', 20, 5348, NULL, 8, 'strips', 397.34, '2025-11-17 08:20:22', '2025-11-17 08:20:22'),
	(62, 'medicine', 20, 24718, NULL, 8, 'strips', 89.02, '2025-11-17 08:20:22', '2025-11-17 08:20:22'),
	(63, 'medicine', 21, 21650, NULL, 8, 'strips', 500.00, '2025-11-17 08:20:22', '2025-11-17 08:20:22'),
	(64, 'medicine', 21, 1522, NULL, 8, 'box', 298.00, '2025-11-17 08:20:22', '2025-11-17 08:20:22'),
	(65, 'medicine', 22, 17697, NULL, 6, 'strips', 84.00, '2025-11-17 08:20:22', '2025-11-17 08:20:22'),
	(66, 'medicine', 22, 22291, NULL, 3, 'strips', 231.00, '2025-11-17 08:20:22', '2025-11-17 08:20:22'),
	(67, 'medicine', 23, 16454, NULL, 9, 'box', 486.00, '2025-11-17 08:20:22', '2025-11-17 08:20:22'),
	(68, 'medicine', 23, 12780, NULL, 6, 'box', 218.00, '2025-11-17 08:20:22', '2025-11-17 08:20:22'),
	(69, 'medicine', 24, 15011, NULL, 4, 'strips', 375.00, '2025-11-17 08:20:22', '2025-11-17 08:20:22'),
	(70, 'medicine', 24, 20061, NULL, 4, 'strips', 229.00, '2025-11-17 08:20:22', '2025-11-17 08:20:22'),
	(71, 'medicine', 24, 14426, NULL, 1, 'box', 147.00, '2025-11-17 08:20:22', '2025-11-17 08:20:22'),
	(72, 'medicine', 24, 7385, NULL, 2, 'strips', 432.00, '2025-11-17 08:20:22', '2025-11-17 08:20:22'),
	(73, 'medicine', 24, 15013, NULL, 8, 'strips', 252.00, '2025-11-17 08:20:22', '2025-11-17 08:20:22'),
	(74, 'medicine', 25, 12751, NULL, 2, 'strips', 223.00, '2025-11-17 08:20:22', '2025-11-17 08:20:22'),
	(75, 'medicine', 25, 11511, NULL, 10, 'strips', 261.00, '2025-11-17 08:20:22', '2025-11-17 08:20:22'),
	(76, 'medicine', 25, 1280, NULL, 4, 'strips', 438.00, '2025-11-17 08:20:22', '2025-11-17 08:20:22'),
	(77, 'medicine', 25, 18586, NULL, 5, 'box', 353.00, '2025-11-17 08:20:22', '2025-11-17 08:20:22'),
	(78, 'medicine', 25, 8713, NULL, 6, 'box', 248.00, '2025-11-17 08:20:23', '2025-11-17 08:20:23'),
	(79, 'medicine', 26, 15011, NULL, 4, 'strips', 377.00, '2025-11-17 08:20:23', '2025-11-17 08:20:23'),
	(80, 'medicine', 26, 20061, NULL, 4, 'strips', 129.00, '2025-11-17 08:20:23', '2025-11-17 08:20:23'),
	(81, 'medicine', 26, 14426, NULL, 1, 'box', 494.00, '2025-11-17 08:20:23', '2025-11-17 08:20:23'),
	(82, 'medicine', 26, 7385, NULL, 2, 'strips', 286.00, '2025-11-17 08:20:23', '2025-11-17 08:20:23'),
	(83, 'medicine', 26, 15013, NULL, 8, 'strips', 52.00, '2025-11-17 08:20:23', '2025-11-17 08:20:23'),
	(84, 'medicine', 27, 19251, NULL, 10, 'box', 44.00, '2025-11-17 08:20:23', '2025-11-17 08:20:23'),
	(85, 'medicine', 28, 24120, NULL, 9, 'box', 174.00, '2025-11-17 08:20:23', '2025-11-17 08:20:23'),
	(86, 'medicine', 28, 21911, NULL, 6, 'strips', 289.00, '2025-11-17 08:20:23', '2025-11-17 08:20:23'),
	(87, 'medicine', 28, 11276, NULL, 9, 'strips', 166.00, '2025-11-17 08:20:23', '2025-11-17 08:20:23'),
	(88, 'medicine', 29, 23537, NULL, 10, 'strips', 28.00, '2025-11-17 08:20:23', '2025-11-17 08:20:23'),
	(89, 'medicine', 29, 9313, NULL, 5, 'strips', 172.00, '2025-11-17 08:20:23', '2025-11-17 08:20:23'),
	(90, 'medicine', 29, 2801, NULL, 3, 'strips', 137.00, '2025-11-17 08:20:23', '2025-11-17 08:20:23'),
	(91, 'medicine', 29, 21448, NULL, 10, 'box', 167.00, '2025-11-17 08:20:23', '2025-11-17 08:20:23'),
	(92, 'medicine', 29, 10897, NULL, 2, 'strips', 102.00, '2025-11-17 08:20:23', '2025-11-17 08:20:23'),
	(93, 'medicine', 30, 20333, NULL, 3, 'box', 222.00, '2025-11-17 08:20:23', '2025-11-17 08:20:23'),
	(94, 'medicine', 30, 15423, NULL, 1, 'strips', 342.00, '2025-11-17 08:20:23', '2025-11-17 08:20:23'),
	(95, 'medicine', 30, 22519, NULL, 8, 'strips', 400.00, '2025-11-17 08:20:23', '2025-11-17 08:20:23'),
	(96, 'medicine', 30, 16903, NULL, 9, 'box', 45.00, '2025-11-17 08:20:23', '2025-11-17 08:20:23'),
	(97, 'medicine', 30, 24127, NULL, 7, 'box', 338.00, '2025-11-17 08:20:23', '2025-11-17 08:20:23'),
	(98, 'medicine', 31, 2529, NULL, 2, 'box', 100.00, '2025-11-17 13:55:28', '2025-11-17 13:55:28'),
	(99, 'medicine', 31, 5080, NULL, 2, 'box', 150.00, '2025-11-17 13:55:28', '2025-11-17 13:55:28'),
	(100, 'medicine', 32, 2529, NULL, 2, 'box', 1555.00, '2025-11-17 13:58:36', '2025-11-17 13:58:36'),
	(101, 'medicine', 33, 24439, NULL, 9, 'box', 350.00, '2025-11-17 14:39:11', '2025-11-17 14:39:11'),
	(102, 'medicine', 33, 5807, NULL, 2, 'box', 200.00, '2025-11-17 14:39:11', '2025-11-17 14:39:11'),
	(103, 'medicine', 33, 10035, NULL, 1, 'piece', 5.00, '2025-11-17 14:39:11', '2025-11-17 14:39:11'),
	(104, 'medicine', 34, 9415, NULL, 8, 'strips', 291.00, '2025-11-21 16:30:32', '2025-11-21 16:30:32'),
	(105, 'medicine', 35, 9845, NULL, 3, 'box', 490.00, '2025-11-21 16:30:32', '2025-11-21 16:30:32'),
	(106, 'medicine', 36, 24572, NULL, 3, 'box', 285.00, '2025-11-21 16:30:32', '2025-11-21 16:30:32'),
	(107, 'medicine', 36, 14920, NULL, 2, 'box', 337.00, '2025-11-21 16:30:32', '2025-11-21 16:30:32'),
	(108, 'medicine', 36, 2676, NULL, 6, 'box', 339.00, '2025-11-21 16:30:32', '2025-11-21 16:30:32'),
	(109, 'medicine', 36, 18886, NULL, 9, 'box', 149.00, '2025-11-21 16:30:32', '2025-11-21 16:30:32'),
	(110, 'medicine', 36, 16464, NULL, 4, 'strips', 68.00, '2025-11-21 16:30:32', '2025-11-21 16:30:32'),
	(111, 'medicine', 37, 7123, NULL, 5, 'box', 70.00, '2025-11-21 16:30:32', '2025-11-21 16:30:32'),
	(112, 'medicine', 37, 8843, NULL, 3, 'box', 399.00, '2025-11-21 16:30:32', '2025-11-21 16:30:32'),
	(113, 'medicine', 37, 21328, NULL, 4, 'box', 226.00, '2025-11-21 16:30:32', '2025-11-21 16:30:32'),
	(114, 'medicine', 38, 10291, NULL, 2, 'strips', 384.00, '2025-11-21 16:30:32', '2025-11-21 16:30:32'),
	(115, 'medicine', 38, 18464, NULL, 9, 'strips', 139.00, '2025-11-21 16:30:32', '2025-11-21 16:30:32'),
	(116, 'medicine', 38, 17318, NULL, 8, 'box', 439.00, '2025-11-21 16:30:32', '2025-11-21 16:30:32'),
	(117, 'medicine', 39, 6656, NULL, 1, 'strips', 496.00, '2025-11-21 16:30:32', '2025-11-21 16:30:32'),
	(118, 'medicine', 39, 1961, NULL, 6, 'box', 340.00, '2025-11-21 16:30:32', '2025-11-21 16:30:32'),
	(119, 'medicine', 39, 12890, NULL, 9, 'strips', 141.00, '2025-11-21 16:30:32', '2025-11-21 16:30:32'),
	(120, 'medicine', 39, 1997, NULL, 6, 'strips', 428.00, '2025-11-21 16:30:32', '2025-11-21 16:30:32'),
	(121, 'medicine', 39, 1559, NULL, 6, 'box', 216.00, '2025-11-21 16:30:32', '2025-11-21 16:30:32'),
	(122, 'medicine', 40, 24965, NULL, 1, 'box', 382.00, '2025-11-21 16:30:32', '2025-11-21 16:30:32'),
	(123, 'medicine', 40, 19321, NULL, 5, 'box', 332.00, '2025-11-21 16:30:32', '2025-11-21 16:30:32'),
	(124, 'medicine', 40, 1771, NULL, 7, 'strips', 187.00, '2025-11-21 16:30:32', '2025-11-21 16:30:32'),
	(125, 'medicine', 40, 7743, NULL, 4, 'box', 496.00, '2025-11-21 16:30:32', '2025-11-21 16:30:32'),
	(126, 'medicine', 41, 22896, NULL, 9, 'strips', 274.00, '2025-11-21 16:30:32', '2025-11-21 16:30:32'),
	(127, 'medicine', 41, 22578, NULL, 1, 'box', 311.00, '2025-11-21 16:30:32', '2025-11-21 16:30:32'),
	(128, 'medicine', 42, 19581, NULL, 3, 'box', 422.00, '2025-11-21 16:30:32', '2025-11-21 16:30:32'),
	(129, 'medicine', 42, 7027, NULL, 8, 'strips', 204.00, '2025-11-21 16:30:32', '2025-11-21 16:30:32'),
	(130, 'medicine', 42, 11539, NULL, 6, 'box', 164.00, '2025-11-21 16:30:32', '2025-11-21 16:30:32'),
	(131, 'medicine', 43, 6656, NULL, 1, 'strips', 470.00, '2025-11-21 16:30:32', '2025-11-21 16:30:32'),
	(132, 'medicine', 43, 1961, NULL, 6, 'box', 422.00, '2025-11-21 16:30:32', '2025-11-21 16:30:32'),
	(133, 'medicine', 43, 12890, NULL, 9, 'strips', 187.00, '2025-11-21 16:30:32', '2025-11-21 16:30:32'),
	(134, 'medicine', 43, 1997, NULL, 6, 'strips', 440.00, '2025-11-21 16:30:32', '2025-11-21 16:30:32'),
	(135, 'medicine', 43, 1559, NULL, 6, 'box', 257.00, '2025-11-21 16:30:32', '2025-11-21 16:30:32'),
	(136, 'medicine', 44, 14424, NULL, 1, 'box', 431.00, '2025-11-21 16:30:32', '2025-11-21 16:30:32'),
	(137, 'medicine', 44, 687, NULL, 8, 'strips', 456.00, '2025-11-21 16:30:32', '2025-11-21 16:30:32'),
	(138, 'medicine', 44, 11578, NULL, 7, 'strips', 257.00, '2025-11-21 16:30:32', '2025-11-21 16:30:32'),
	(139, 'medicine', 44, 10760, NULL, 5, 'strips', 212.00, '2025-11-21 16:30:32', '2025-11-21 16:30:32'),
	(140, 'medicine', 44, 11684, NULL, 6, 'box', 48.00, '2025-11-21 16:30:32', '2025-11-21 16:30:32'),
	(141, 'medicine', 45, 17366, NULL, 10, 'strips', 174.00, '2025-11-21 16:30:32', '2025-11-21 16:30:32'),
	(142, 'medicine', 45, 25313, NULL, 6, 'strips', 138.00, '2025-11-21 16:30:32', '2025-11-21 16:30:32'),
	(143, 'medicine', 46, 5289, NULL, 8, 'strips', 301.00, '2025-11-21 16:30:32', '2025-11-21 16:30:32'),
	(144, 'medicine', 46, 20711, NULL, 6, 'box', 432.00, '2025-11-21 16:30:32', '2025-11-21 16:30:32'),
	(145, 'medicine', 46, 19867, NULL, 1, 'strips', 247.00, '2025-11-21 16:30:32', '2025-11-21 16:30:32'),
	(146, 'medicine', 47, 9926, NULL, 6, 'box', 325.00, '2025-11-21 16:30:32', '2025-11-21 16:30:32'),
	(147, 'medicine', 47, 17118, NULL, 1, 'strips', 370.00, '2025-11-21 16:30:32', '2025-11-21 16:30:32'),
	(148, 'medicine', 48, 10291, NULL, 2, 'strips', 238.00, '2025-11-21 16:30:32', '2025-11-21 16:30:32'),
	(149, 'medicine', 48, 18464, NULL, 9, 'strips', 135.00, '2025-11-21 16:30:32', '2025-11-21 16:30:32'),
	(150, 'medicine', 48, 17318, NULL, 8, 'box', 400.00, '2025-11-21 16:30:32', '2025-11-21 16:30:32'),
	(151, 'medicine', 49, 1637, NULL, 1, 'box', 423.00, '2025-11-21 16:30:32', '2025-11-21 16:30:32'),
	(152, 'medicine', 49, 11388, NULL, 3, 'strips', 119.00, '2025-11-21 16:30:32', '2025-11-21 16:30:32'),
	(153, 'medicine', 50, 15568, NULL, 10, 'strips', 431.00, '2025-11-21 16:30:32', '2025-11-21 16:30:32'),
	(154, 'medicine', 50, 19866, NULL, 9, 'box', 257.00, '2025-11-21 16:30:32', '2025-11-21 16:30:32'),
	(155, 'medicine', 51, 13055, NULL, 7, 'strips', 471.00, '2025-11-21 16:30:32', '2025-11-21 16:30:32'),
	(156, 'medicine', 52, 1637, NULL, 1, 'box', 322.00, '2025-11-21 16:30:32', '2025-11-21 16:30:32'),
	(157, 'medicine', 52, 11388, NULL, 3, 'strips', 413.00, '2025-11-21 16:30:32', '2025-11-21 16:30:32'),
	(158, 'medicine', 53, 18091, NULL, 7, 'box', 303.00, '2025-11-21 16:30:32', '2025-11-21 16:30:32'),
	(159, 'medicine', 54, 19581, NULL, 3, 'box', 77.00, '2025-11-21 16:30:32', '2025-11-21 16:30:32'),
	(160, 'medicine', 54, 7027, NULL, 8, 'strips', 372.00, '2025-11-21 16:30:32', '2025-11-21 16:30:32'),
	(161, 'medicine', 54, 11539, NULL, 6, 'box', 451.00, '2025-11-21 16:30:32', '2025-11-21 16:30:32'),
	(162, 'medicine', 55, 20862, NULL, 9, 'strips', 130.00, '2025-11-21 16:30:32', '2025-11-21 16:30:32'),
	(163, 'medicine', 56, 6151, NULL, 1, 'box', 364.00, '2025-11-21 16:30:32', '2025-11-21 16:30:32'),
	(164, 'medicine', 57, 14531, NULL, 7, 'strips', 162.00, '2025-11-21 16:30:32', '2025-11-21 16:30:32'),
	(165, 'medicine', 58, 12239, NULL, 10, 'strips', 194.00, '2025-11-21 16:30:32', '2025-11-21 16:30:32'),
	(166, 'medicine', 58, 16005, NULL, 6, 'strips', 209.00, '2025-11-21 16:30:32', '2025-11-21 16:30:32'),
	(167, 'medicine', 58, 1292, NULL, 8, 'box', 112.00, '2025-11-21 16:30:32', '2025-11-21 16:30:32'),
	(168, 'medicine', 58, 1980, NULL, 8, 'box', 288.00, '2025-11-21 16:30:32', '2025-11-21 16:30:32'),
	(169, 'medicine', 58, 17978, NULL, 10, 'box', 106.00, '2025-11-21 16:30:32', '2025-11-21 16:30:32'),
	(170, 'medicine', 59, 5289, NULL, 8, 'strips', 168.00, '2025-11-21 16:30:32', '2025-11-21 16:30:32'),
	(171, 'medicine', 59, 20711, NULL, 6, 'box', 466.00, '2025-11-21 16:30:32', '2025-11-21 16:30:32'),
	(172, 'medicine', 59, 19867, NULL, 1, 'strips', 428.00, '2025-11-21 16:30:32', '2025-11-21 16:30:32'),
	(173, 'medicine', 60, 14424, NULL, 1, 'box', 201.00, '2025-11-21 16:30:32', '2025-11-21 16:30:32'),
	(174, 'medicine', 60, 687, NULL, 8, 'strips', 494.00, '2025-11-21 16:30:32', '2025-11-21 16:30:32'),
	(175, 'medicine', 60, 11578, NULL, 7, 'strips', 444.00, '2025-11-21 16:30:32', '2025-11-21 16:30:32'),
	(176, 'medicine', 60, 10760, NULL, 5, 'strips', 106.00, '2025-11-21 16:30:32', '2025-11-21 16:30:32'),
	(177, 'medicine', 60, 11684, NULL, 6, 'box', 470.00, '2025-11-21 16:30:32', '2025-11-21 16:30:32'),
	(178, 'medicine', 61, 18335, NULL, 2, 'box', 357.00, '2025-11-21 16:30:32', '2025-11-21 16:30:32'),
	(179, 'medicine', 61, 23686, NULL, 1, 'box', 56.00, '2025-11-21 16:30:32', '2025-11-21 16:30:32'),
	(180, 'medicine', 62, 7067, NULL, 1, 'strips', 255.00, '2025-11-21 16:30:32', '2025-11-21 16:30:32'),
	(181, 'medicine', 62, 25457, NULL, 5, 'box', 245.00, '2025-11-21 16:30:32', '2025-11-21 16:30:32'),
	(182, 'medicine', 62, 12975, NULL, 4, 'strips', 267.00, '2025-11-21 16:30:32', '2025-11-21 16:30:32'),
	(183, 'medicine', 62, 7941, NULL, 3, 'box', 245.00, '2025-11-21 16:30:32', '2025-11-21 16:30:32'),
	(184, 'medicine', 62, 4242, NULL, 9, 'strips', 122.00, '2025-11-21 16:30:32', '2025-11-21 16:30:32'),
	(185, 'medicine', 63, 14531, NULL, 7, 'strips', 312.00, '2025-11-21 16:30:32', '2025-11-21 16:30:32'),
	(186, 'medicine', 64, 18335, NULL, 2, 'box', 40.00, '2025-11-21 16:32:13', '2025-11-21 16:32:13'),
	(187, 'medicine', 65, 1, NULL, 2, 'box', 271.00, '2025-11-25 12:46:26', '2025-11-25 12:46:26'),
	(188, 'medicine', 65, 2, NULL, 1, 'strips', 222.00, '2025-11-25 12:46:26', '2025-11-25 12:46:26'),
	(189, 'medicine', 66, 24681, NULL, 5, 'strips', 187.00, '2025-11-25 12:46:26', '2025-11-25 12:46:26'),
	(190, 'medicine', 66, 9035, NULL, 2, 'strips', 106.00, '2025-11-25 12:46:26', '2025-11-25 12:46:26'),
	(191, 'medicine', 66, 24803, NULL, 3, 'box', 79.00, '2025-11-25 12:46:26', '2025-11-25 12:46:26'),
	(192, 'medicine', 66, 24918, NULL, 6, 'box', 483.00, '2025-11-25 12:46:26', '2025-11-25 12:46:26'),
	(193, 'medicine', 66, 3832, NULL, 6, 'strips', 186.00, '2025-11-25 12:46:26', '2025-11-25 12:46:26'),
	(194, 'medicine', 67, 5557, NULL, 4, 'box', 460.00, '2025-11-25 12:46:26', '2025-11-25 12:46:26'),
	(195, 'medicine', 67, 12365, NULL, 2, 'box', 187.00, '2025-11-25 12:46:26', '2025-11-25 12:46:26'),
	(196, 'medicine', 67, 25334, NULL, 1, 'box', 315.00, '2025-11-25 12:46:26', '2025-11-25 12:46:26'),
	(197, 'medicine', 67, 17074, NULL, 6, 'box', 171.00, '2025-11-25 12:46:26', '2025-11-25 12:46:26'),
	(198, 'medicine', 67, 23852, NULL, 7, 'strips', 77.00, '2025-11-25 12:46:26', '2025-11-25 12:46:26'),
	(199, 'medicine', 68, 24042, NULL, 9, 'strips', 258.00, '2025-11-25 12:46:26', '2025-11-25 12:46:26'),
	(200, 'medicine', 68, 12736, NULL, 7, 'box', 87.00, '2025-11-25 12:46:26', '2025-11-25 12:46:26'),
	(201, 'medicine', 69, 20862, NULL, 9, 'strips', 165.00, '2025-11-25 12:46:26', '2025-11-25 12:46:26'),
	(202, 'medicine', 70, 9161, NULL, 9, 'strips', 418.00, '2025-11-25 12:46:26', '2025-11-25 12:46:26'),
	(203, 'medicine', 70, 15393, NULL, 9, 'strips', 407.00, '2025-11-25 12:46:26', '2025-11-25 12:46:26'),
	(204, 'medicine', 70, 21378, NULL, 10, 'box', 78.00, '2025-11-25 12:46:26', '2025-11-25 12:46:26'),
	(205, 'medicine', 70, 2210, NULL, 1, 'strips', 260.00, '2025-11-25 12:46:26', '2025-11-25 12:46:26'),
	(206, 'medicine', 70, 22417, NULL, 5, 'box', 113.00, '2025-11-25 12:46:26', '2025-11-25 12:46:26'),
	(207, 'medicine', 71, 5289, NULL, 8, 'strips', 327.00, '2025-11-25 12:46:26', '2025-11-25 12:46:26'),
	(208, 'medicine', 71, 20711, NULL, 6, 'box', 219.00, '2025-11-25 12:46:26', '2025-11-25 12:46:26'),
	(209, 'medicine', 71, 19867, NULL, 1, 'strips', 462.00, '2025-11-25 12:46:26', '2025-11-25 12:46:26'),
	(210, 'medicine', 72, 24572, NULL, 3, 'box', 23.00, '2025-11-25 12:46:26', '2025-11-25 12:46:26'),
	(211, 'medicine', 72, 14920, NULL, 2, 'box', 388.00, '2025-11-25 12:46:26', '2025-11-25 12:46:26'),
	(212, 'medicine', 72, 2676, NULL, 6, 'box', 466.00, '2025-11-25 12:46:26', '2025-11-25 12:46:26'),
	(213, 'medicine', 72, 18886, NULL, 9, 'box', 199.00, '2025-11-25 12:46:26', '2025-11-25 12:46:26'),
	(214, 'medicine', 72, 16464, NULL, 4, 'strips', 426.00, '2025-11-25 12:46:26', '2025-11-25 12:46:26'),
	(215, 'medicine', 73, 9581, NULL, 5, 'box', 104.00, '2025-11-25 12:46:26', '2025-11-25 12:46:26'),
	(216, 'medicine', 73, 10182, NULL, 7, 'box', 294.00, '2025-11-25 12:46:26', '2025-11-25 12:46:26'),
	(217, 'medicine', 73, 24601, NULL, 5, 'strips', 173.00, '2025-11-25 12:46:26', '2025-11-25 12:46:26'),
	(218, 'medicine', 74, 2697, NULL, 2, 'box', 314.00, '2025-11-25 12:46:26', '2025-11-25 12:46:26'),
	(219, 'medicine', 74, 17405, NULL, 1, 'strips', 177.00, '2025-11-25 12:46:26', '2025-11-25 12:46:26'),
	(220, 'medicine', 74, 6086, NULL, 3, 'strips', 329.00, '2025-11-25 12:46:26', '2025-11-25 12:46:26'),
	(221, 'medicine', 74, 1872, NULL, 10, 'box', 67.00, '2025-11-25 12:46:26', '2025-11-25 12:46:26'),
	(222, 'medicine', 74, 22214, NULL, 10, 'box', 481.00, '2025-11-25 12:46:26', '2025-11-25 12:46:26'),
	(223, 'medicine', 75, 24986, NULL, 3, 'strips', 133.00, '2025-11-25 12:46:26', '2025-11-25 12:46:26'),
	(224, 'medicine', 75, 20451, NULL, 1, 'strips', 328.00, '2025-11-25 12:46:26', '2025-11-25 12:46:26'),
	(225, 'medicine', 75, 8068, NULL, 3, 'box', 200.00, '2025-11-25 12:46:26', '2025-11-25 12:46:26'),
	(226, 'medicine', 75, 25480, NULL, 10, 'strips', 55.00, '2025-11-25 12:46:26', '2025-11-25 12:46:26'),
	(227, 'medicine', 75, 2765, NULL, 4, 'strips', 361.00, '2025-11-25 12:46:26', '2025-11-25 12:46:26'),
	(228, 'medicine', 76, 7123, NULL, 5, 'box', 37.00, '2025-11-25 12:46:26', '2025-11-25 12:46:26'),
	(229, 'medicine', 76, 8843, NULL, 3, 'box', 434.00, '2025-11-25 12:46:26', '2025-11-25 12:46:26'),
	(230, 'medicine', 76, 21328, NULL, 4, 'box', 138.00, '2025-11-25 12:46:26', '2025-11-25 12:46:26'),
	(231, 'medicine', 77, 23218, NULL, 7, 'strips', 413.00, '2025-11-25 12:46:26', '2025-11-25 12:46:26'),
	(232, 'medicine', 77, 23782, NULL, 10, 'box', 297.00, '2025-11-25 12:46:26', '2025-11-25 12:46:26'),
	(233, 'medicine', 77, 13641, NULL, 5, 'strips', 256.00, '2025-11-25 12:46:26', '2025-11-25 12:46:26'),
	(234, 'medicine', 77, 21337, NULL, 4, 'box', 19.00, '2025-11-25 12:46:26', '2025-11-25 12:46:26'),
	(235, 'medicine', 78, 9415, NULL, 8, 'strips', 455.00, '2025-11-25 12:46:26', '2025-11-25 12:46:26'),
	(236, 'medicine', 79, 17366, NULL, 10, 'strips', 338.00, '2025-11-25 12:46:26', '2025-11-25 12:46:26'),
	(237, 'medicine', 79, 25313, NULL, 6, 'strips', 297.00, '2025-11-25 12:46:26', '2025-11-25 12:46:26'),
	(238, 'medicine', 80, 9897, NULL, 2, 'box', 428.00, '2025-11-25 12:46:26', '2025-11-25 12:46:26'),
	(239, 'medicine', 80, 20056, NULL, 8, 'box', 236.00, '2025-11-25 12:46:26', '2025-11-25 12:46:26'),
	(240, 'medicine', 80, 20290, NULL, 10, 'box', 359.00, '2025-11-25 12:46:26', '2025-11-25 12:46:26'),
	(241, 'medicine', 81, 1, NULL, 2, 'box', 87.00, '2025-11-25 12:46:26', '2025-11-25 12:46:26'),
	(242, 'medicine', 81, 2, NULL, 1, 'strips', 314.00, '2025-11-25 12:46:26', '2025-11-25 12:46:26'),
	(243, 'medicine', 82, 6236, NULL, 4, 'strips', 268.00, '2025-11-25 12:46:26', '2025-11-25 12:46:26'),
	(244, 'medicine', 82, 20611, NULL, 2, 'strips', 248.00, '2025-11-25 12:46:26', '2025-11-25 12:46:26'),
	(245, 'medicine', 82, 10150, NULL, 7, 'box', 409.00, '2025-11-25 12:46:26', '2025-11-25 12:46:26'),
	(246, 'medicine', 82, 19440, NULL, 5, 'strips', 415.00, '2025-11-25 12:46:26', '2025-11-25 12:46:26'),
	(247, 'medicine', 83, 10291, NULL, 2, 'strips', 217.00, '2025-11-25 12:46:26', '2025-11-25 12:46:26'),
	(248, 'medicine', 83, 18464, NULL, 9, 'strips', 298.00, '2025-11-25 12:46:26', '2025-11-25 12:46:26'),
	(249, 'medicine', 83, 17318, NULL, 8, 'box', 109.00, '2025-11-25 12:46:26', '2025-11-25 12:46:26'),
	(250, 'medicine', 84, 3197, NULL, 3, 'box', 343.00, '2025-11-25 12:46:26', '2025-11-25 12:46:26'),
	(251, 'medicine', 85, 6608, NULL, 9, 'box', 91.00, '2025-11-25 12:46:26', '2025-11-25 12:46:26'),
	(252, 'medicine', 85, 11361, NULL, 8, 'box', 453.00, '2025-11-25 12:46:26', '2025-11-25 12:46:26'),
	(253, 'medicine', 85, 18143, NULL, 4, 'box', 158.00, '2025-11-25 12:46:26', '2025-11-25 12:46:26'),
	(254, 'medicine', 85, 9898, NULL, 8, 'box', 420.00, '2025-11-25 12:46:26', '2025-11-25 12:46:26'),
	(255, 'medicine', 86, 19642, NULL, 10, 'strips', 456.00, '2025-11-25 12:46:26', '2025-11-25 12:46:26'),
	(256, 'medicine', 86, 4034, NULL, 1, 'strips', 373.00, '2025-11-25 12:46:26', '2025-11-25 12:46:26'),
	(257, 'medicine', 86, 6565, NULL, 6, 'box', 192.00, '2025-11-25 12:46:26', '2025-11-25 12:46:26'),
	(258, 'medicine', 86, 23816, NULL, 2, 'box', 100.00, '2025-11-25 12:46:26', '2025-11-25 12:46:26'),
	(259, 'medicine', 87, 6608, NULL, 9, 'box', 385.00, '2025-11-25 12:46:26', '2025-11-25 12:46:26'),
	(260, 'medicine', 87, 11361, NULL, 8, 'box', 277.00, '2025-11-25 12:46:26', '2025-11-25 12:46:26'),
	(261, 'medicine', 87, 18143, NULL, 4, 'box', 229.00, '2025-11-25 12:46:26', '2025-11-25 12:46:26'),
	(262, 'medicine', 87, 9898, NULL, 8, 'box', 415.00, '2025-11-25 12:46:26', '2025-11-25 12:46:26'),
	(263, 'medicine', 88, 2574, NULL, 1, 'box', 348.00, '2025-11-25 12:46:26', '2025-11-25 12:46:26'),
	(264, 'medicine', 88, 5300, NULL, 9, 'strips', 254.00, '2025-11-25 12:46:26', '2025-11-25 12:46:26'),
	(265, 'medicine', 88, 11728, NULL, 7, 'box', 399.00, '2025-11-25 12:46:26', '2025-11-25 12:46:26'),
	(266, 'medicine', 89, 5498, NULL, 4, 'box', 419.00, '2025-11-25 12:46:26', '2025-11-25 12:46:26'),
	(267, 'medicine', 89, 23651, NULL, 3, 'box', 408.00, '2025-11-25 12:46:26', '2025-11-25 12:46:26'),
	(268, 'medicine', 89, 17162, NULL, 5, 'box', 384.00, '2025-11-25 12:46:26', '2025-11-25 12:46:26'),
	(269, 'medicine', 90, 10291, NULL, 2, 'strips', 257.00, '2025-11-25 12:46:26', '2025-11-25 12:46:26'),
	(270, 'medicine', 90, 18464, NULL, 9, 'strips', 115.00, '2025-11-25 12:46:26', '2025-11-25 12:46:26'),
	(271, 'medicine', 90, 17318, NULL, 8, 'box', 61.00, '2025-11-25 12:46:26', '2025-11-25 12:46:26'),
	(272, 'medicine', 91, 3197, NULL, 3, 'box', 79.00, '2025-11-25 12:46:26', '2025-11-25 12:46:26'),
	(273, 'medicine', 92, 3212, NULL, 8, 'strips', 90.00, '2025-11-25 12:46:26', '2025-11-25 12:46:26'),
	(274, 'medicine', 93, 18091, NULL, 7, 'box', 216.00, '2025-11-25 12:46:26', '2025-11-25 12:46:26'),
	(275, 'medicine', 94, 18091, NULL, 7, 'box', 196.00, '2025-11-25 12:46:26', '2025-11-25 12:46:26'),
	(276, 'medicine', 95, 4, NULL, 1, 'strips', 3.00, '2025-11-29 16:02:44', '2025-11-29 16:02:44'),
	(277, 'medicine', 96, 4, NULL, 1, 'strips', 2.50, '2025-11-29 16:03:06', '2025-11-29 16:03:06'),
	(278, 'medicine', 97, 64, NULL, 1, 'piece', 18.00, '2025-12-03 20:02:04', '2025-12-03 20:02:04'),
	(279, 'test', 101, NULL, 93, 1, 'test', 50.00, '2025-12-03 20:34:15', '2025-12-03 20:34:15'),
	(280, 'test', 102, NULL, 55, 1, 'test', 100.00, '2025-12-03 20:56:49', '2025-12-03 20:56:49'),
	(281, 'test', 102, NULL, 209, 1, 'test', 120.00, '2025-12-03 20:56:49', '2025-12-03 20:56:49'),
	(282, 'test', 103, NULL, 422, 1, 'test', 150.00, '2025-12-09 15:52:41', '2025-12-09 15:52:41'),
	(283, 'test', 104, NULL, 388, 1, 'test', 20.00, '2025-12-09 17:05:49', '2025-12-09 17:05:49'),
	(284, 'test', 104, NULL, 10, 1, 'test', 150.00, '2025-12-09 17:05:49', '2025-12-09 17:05:49');

-- Dumping structure for table rosheta.orders
CREATE TABLE IF NOT EXISTS `orders` (
  `id` bigint unsigned NOT NULL AUTO_INCREMENT,
  `client_request_id` bigint unsigned NOT NULL,
  `pharmacy_id` bigint unsigned NOT NULL,
  `user_id` bigint unsigned NOT NULL,
  `offer_id` bigint unsigned DEFAULT NULL,
  `status` varchar(255) COLLATE utf8mb4_unicode_ci NOT NULL DEFAULT 'preparing',
  `payment_method` varchar(255) COLLATE utf8mb4_unicode_ci DEFAULT NULL,
  `payed` tinyint(1) NOT NULL DEFAULT '0',
  `total_price` decimal(10,2) DEFAULT NULL,
  `created_at` timestamp NULL DEFAULT NULL,
  `updated_at` timestamp NULL DEFAULT NULL,
  PRIMARY KEY (`id`),
  KEY `orders_client_request_id_foreign` (`client_request_id`),
  KEY `orders_pharmacy_id_foreign` (`pharmacy_id`),
  KEY `orders_user_id_foreign` (`user_id`),
  KEY `orders_offer_id_foreign` (`offer_id`),
  CONSTRAINT `orders_client_request_id_foreign` FOREIGN KEY (`client_request_id`) REFERENCES `client_requests` (`id`),
  CONSTRAINT `orders_offer_id_foreign` FOREIGN KEY (`offer_id`) REFERENCES `offers` (`id`) ON DELETE SET NULL,
  CONSTRAINT `orders_pharmacy_id_foreign` FOREIGN KEY (`pharmacy_id`) REFERENCES `pharmacies` (`id`),
  CONSTRAINT `orders_user_id_foreign` FOREIGN KEY (`user_id`) REFERENCES `users` (`id`)
) ENGINE=InnoDB AUTO_INCREMENT=13 DEFAULT CHARSET=utf8mb4 COLLATE=utf8mb4_unicode_ci;

-- Dumping data for table rosheta.orders: ~12 rows (approximately)
INSERT INTO `orders` (`id`, `client_request_id`, `pharmacy_id`, `user_id`, `offer_id`, `status`, `payment_method`, `payed`, `total_price`, `created_at`, `updated_at`) VALUES
	(1, 43, 36, 15, 13, 'delivered', 'cash', 0, 2338.00, '2025-11-22 19:31:02', '2025-11-22 19:31:02'),
	(2, 43, 36, 15, 13, 'preparing', 'cash', 0, 2338.00, '2025-11-22 19:31:27', '2025-11-22 19:31:27'),
	(3, 43, 36, 15, 13, 'delivering', 'cash', 0, 2338.00, '2025-11-22 19:34:50', '2025-11-22 19:34:50'),
	(4, 43, 36, 15, 13, 'preparing', 'cash', 0, 2338.00, '2025-11-22 19:35:01', '2025-11-22 19:35:01'),
	(5, 43, 36, 15, 13, 'preparing', 'cash', 0, 2338.00, '2025-11-22 19:36:07', '2025-11-22 19:36:07'),
	(6, 43, 36, 15, 13, 'preparing', 'cash', 0, 2338.00, '2025-11-22 19:36:55', '2025-11-22 19:36:55'),
	(7, 43, 36, 15, 13, 'preparing', 'cash', 1, 2338.00, '2025-11-22 19:37:18', '2025-11-23 16:47:52'),
	(8, 43, 36, 15, 13, 'pending', 'cash', 1, 2338.00, '2025-11-22 19:38:06', '2025-11-22 19:53:53'),
	(9, 43, 36, 15, 65, 'delivered', 'cash', 0, 764.00, '2025-11-26 20:29:54', '2025-11-26 20:29:54'),
	(10, 46, 41, 15, 27, 'delivering', 'cash', 0, 440.00, '2025-11-28 22:22:55', '2025-11-28 22:22:55'),
	(11, 88, 69, 15, 95, 'delivered', 'cash', 0, 3.00, '2025-11-29 16:05:10', '2025-11-29 16:06:26'),
	(12, 88, 69, 15, 95, 'delivered', 'cash', 0, 3.00, '2025-11-29 22:19:27', '2025-11-29 22:19:27');

-- Dumping structure for table rosheta.order_lines
CREATE TABLE IF NOT EXISTS `order_lines` (
  `id` bigint unsigned NOT NULL AUTO_INCREMENT,
  `order_id` bigint unsigned NOT NULL,
  `medicine_id` bigint unsigned NOT NULL,
  `quantity` int unsigned NOT NULL,
  `unit` varchar(255) COLLATE utf8mb4_unicode_ci NOT NULL,
  `price` decimal(10,2) DEFAULT NULL,
  `created_at` timestamp NULL DEFAULT NULL,
  `updated_at` timestamp NULL DEFAULT NULL,
  PRIMARY KEY (`id`),
  KEY `order_lines_order_id_foreign` (`order_id`),
  KEY `order_lines_medicine_id_foreign` (`medicine_id`),
  CONSTRAINT `order_lines_medicine_id_foreign` FOREIGN KEY (`medicine_id`) REFERENCES `medicines` (`id`),
  CONSTRAINT `order_lines_order_id_foreign` FOREIGN KEY (`order_id`) REFERENCES `orders` (`id`) ON DELETE CASCADE
) ENGINE=InnoDB AUTO_INCREMENT=8 DEFAULT CHARSET=utf8mb4 COLLATE=utf8mb4_unicode_ci;

-- Dumping data for table rosheta.order_lines: ~7 rows (approximately)
INSERT INTO `order_lines` (`id`, `order_id`, `medicine_id`, `quantity`, `unit`, `price`, `created_at`, `updated_at`) VALUES
	(1, 7, 22925, 3, 'strips', 56.00, '2025-11-22 19:38:06', '2025-11-22 19:38:06'),
	(2, 7, 18354, 10, 'strips', 217.00, '2025-11-22 19:38:06', '2025-11-22 19:38:06'),
	(3, 9, 1, 2, 'box', 271.00, '2025-11-26 20:29:54', '2025-11-26 20:29:54'),
	(4, 9, 2, 1, 'strips', 222.00, '2025-11-26 20:29:54', '2025-11-26 20:29:54'),
	(5, 10, 19251, 10, 'box', 44.00, '2025-11-28 22:22:56', '2025-11-28 22:22:56'),
	(6, 11, 4, 1, 'strips', 3.00, '2025-11-29 16:05:10', '2025-11-29 16:05:10'),
	(7, 12, 4, 1, 'strips', 3.00, '2025-11-29 22:19:27', '2025-11-29 22:19:27');

-- Dumping structure for table rosheta.password_reset_codes
CREATE TABLE IF NOT EXISTS `password_reset_codes` (
  `id` bigint unsigned NOT NULL AUTO_INCREMENT,
  `phone` varchar(255) COLLATE utf8mb4_unicode_ci NOT NULL,
  `code` varchar(255) COLLATE utf8mb4_unicode_ci NOT NULL,
  `expires_at` timestamp NOT NULL,
  `created_at` timestamp NULL DEFAULT NULL,
  `updated_at` timestamp NULL DEFAULT NULL,
  PRIMARY KEY (`id`)
) ENGINE=InnoDB AUTO_INCREMENT=14 DEFAULT CHARSET=utf8mb4 COLLATE=utf8mb4_unicode_ci;

-- Dumping data for table rosheta.password_reset_codes: ~0 rows (approximately)

-- Dumping structure for table rosheta.password_reset_tokens
CREATE TABLE IF NOT EXISTS `password_reset_tokens` (
  `email` varchar(255) COLLATE utf8mb4_unicode_ci NOT NULL,
  `token` varchar(255) COLLATE utf8mb4_unicode_ci NOT NULL,
  `created_at` timestamp NULL DEFAULT NULL,
  PRIMARY KEY (`email`)
) ENGINE=InnoDB DEFAULT CHARSET=utf8mb4 COLLATE=utf8mb4_unicode_ci;

-- Dumping data for table rosheta.password_reset_tokens: ~0 rows (approximately)

-- Dumping structure for table rosheta.personal_access_tokens
CREATE TABLE IF NOT EXISTS `personal_access_tokens` (
  `id` bigint unsigned NOT NULL AUTO_INCREMENT,
  `tokenable_type` varchar(255) COLLATE utf8mb4_unicode_ci NOT NULL,
  `tokenable_id` bigint unsigned NOT NULL,
  `name` text COLLATE utf8mb4_unicode_ci NOT NULL,
  `token` varchar(64) COLLATE utf8mb4_unicode_ci NOT NULL,
  `abilities` text COLLATE utf8mb4_unicode_ci,
  `last_used_at` timestamp NULL DEFAULT NULL,
  `expires_at` timestamp NULL DEFAULT NULL,
  `created_at` timestamp NULL DEFAULT NULL,
  `updated_at` timestamp NULL DEFAULT NULL,
  PRIMARY KEY (`id`),
  UNIQUE KEY `personal_access_tokens_token_unique` (`token`),
  KEY `personal_access_tokens_tokenable_type_tokenable_id_index` (`tokenable_type`,`tokenable_id`),
  KEY `personal_access_tokens_expires_at_index` (`expires_at`)
) ENGINE=InnoDB AUTO_INCREMENT=57 DEFAULT CHARSET=utf8mb4 COLLATE=utf8mb4_unicode_ci;

-- Dumping data for table rosheta.personal_access_tokens: ~47 rows (approximately)
INSERT INTO `personal_access_tokens` (`id`, `tokenable_type`, `tokenable_id`, `name`, `token`, `abilities`, `last_used_at`, `expires_at`, `created_at`, `updated_at`) VALUES
	(1, 'App\\Models\\Client', 15, 'auth_token', '040a0d548d7c6725ceccfcd8f112eab4a348ca514a03441f43c4a2bc740b0efe', '["*"]', '2025-11-26 15:06:48', NULL, '2025-11-21 17:44:59', '2025-11-26 15:06:48'),
	(2, 'App\\Models\\Client', 51, 'auth_token', '720cfbc6696c888c8ca1f8de4e6d2f67104cd87cc7f807ac71a25406ef2f43d5', '["*"]', NULL, NULL, '2025-11-21 18:40:38', '2025-11-21 18:40:38'),
	(3, 'App\\Models\\Client', 15, 'auth_token', 'c3fddb4cff02ecdd23b145ebbb279e92c91c4ce6570cfeb5eaee2c9fa1245d91', '["*"]', NULL, NULL, '2025-11-21 20:18:20', '2025-11-21 20:18:20'),
	(4, 'App\\Models\\Client', 15, 'auth_token', '5f601795e83e2a329efa8630320812ffa60cd3939cfeb32555991b1bed4c42e1', '["*"]', '2025-12-09 11:09:41', NULL, '2025-11-22 18:46:47', '2025-12-09 11:09:41'),
	(7, 'App\\Models\\Client', 52, 'auth_token', '202a48cc3edfc053ad2817a0ede69e9447c27879307c60bd616fda96c50c58a1', '["*"]', NULL, NULL, '2025-11-23 19:05:48', '2025-11-23 19:05:48'),
	(11, 'App\\Models\\Client', 15, 'auth_token', '159a30954cba89ba4da51dca7cd1e6b5c42ec7f610eb759b91e29b6aadc3e465', '["*"]', '2025-11-24 17:33:33', NULL, '2025-11-24 17:24:53', '2025-11-24 17:33:33'),
	(13, 'App\\Models\\Client', 15, 'auth_token', 'bb9d5651aeab12f62bdcff5acdf1bc6347b3b18f5b1ac7074e9e84d5d62416eb', '["*"]', '2025-11-24 20:22:38', NULL, '2025-11-24 18:53:03', '2025-11-24 20:22:38'),
	(14, 'App\\Models\\Client', 15, 'auth_token', '7b236b0da5307e508952a2d389f40ec67881b1f2c14a5572bc5340de0e381bb2', '["*"]', '2025-11-25 13:36:33', NULL, '2025-11-25 13:24:20', '2025-11-25 13:36:33'),
	(15, 'App\\Models\\Client', 15, 'auth_token', 'e44f7f9537af588b4ffc55a618a4382503a880b42244119dccf19dbc111d1d2e', '["*"]', '2025-11-26 14:25:27', NULL, '2025-11-26 14:06:49', '2025-11-26 14:25:27'),
	(16, 'App\\Models\\Client', 15, 'auth_token', 'e9503fc1ce798352387079d31b83a4e996c415af9a5c5a07d57f925488ef4223', '["*"]', '2025-11-26 14:53:05', NULL, '2025-11-26 14:27:55', '2025-11-26 14:53:05'),
	(17, 'App\\Models\\Client', 15, 'auth_token', '0d71ad5da40e3915ddc4cc8674dd4ab2c8d6ef926c1f9b9e694128a12b37b406', '["*"]', NULL, NULL, '2025-11-26 14:39:28', '2025-11-26 14:39:28'),
	(18, 'App\\Models\\Client', 15, 'auth_token', '56d82ee28a2073e9c1a1bfe2b8d7ac6e85334dcdd8be638210daed8719f6e529', '["*"]', NULL, NULL, '2025-11-26 15:01:07', '2025-11-26 15:01:07'),
	(19, 'App\\Models\\Client', 15, 'auth_token', 'cd06747a4ffbcdb2617edbe808f27c391c30a542172dedef761e9992bfd24ca1', '["*"]', '2025-11-26 15:03:16', NULL, '2025-11-26 15:03:14', '2025-11-26 15:03:16'),
	(20, 'App\\Models\\Client', 15, 'auth_token', 'aeede429ff31e644fa07e48ed548be059fa0d54d49a9b0cecc182268f51968ad', '["*"]', '2025-11-26 15:51:44', NULL, '2025-11-26 15:15:19', '2025-11-26 15:51:44'),
	(21, 'App\\Models\\Client', 15, 'auth_token', '2f46828a6148148a0d5916f5ae17a566d6e6492fa165f5d0155a4f230d15383f', '["*"]', '2025-12-04 17:20:06', NULL, '2025-11-26 15:45:08', '2025-12-04 17:20:06'),
	(22, 'App\\Models\\Client', 15, 'auth_token', 'f76f1717fa3e9913e88c34922701200b2204513cded5a9b4f524f072aaa2bac2', '["*"]', '2025-11-26 17:34:42', NULL, '2025-11-26 15:54:25', '2025-11-26 17:34:42'),
	(23, 'App\\Models\\Client', 15, 'auth_token', '95942980f1b92aa706656653e6ca24004dc875d5e1f2a52996358e1149e8531a', '["*"]', NULL, NULL, '2025-11-26 16:04:08', '2025-11-26 16:04:08'),
	(24, 'App\\Models\\Client', 15, 'auth_token', '64d513348b028797e1124a53941c3c2f1d63d7ba072a9196a49a4be0c6040a3b', '["*"]', '2025-11-26 20:37:42', NULL, '2025-11-26 17:45:02', '2025-11-26 20:37:42'),
	(25, 'App\\Models\\Client', 15, 'auth_token', '4b8c7bf37f6d13f41ee3d2bcb363badb2a292a71ba16e53a6a3101e88b9003d9', '["*"]', '2025-11-27 08:25:06', NULL, '2025-11-27 07:56:02', '2025-11-27 08:25:06'),
	(26, 'App\\Models\\Client', 15, 'auth_token', 'bf7b79c4111dad1fd27265d9116911bf08eefb004c0bd96db4f2d55592f767ca', '["*"]', NULL, NULL, '2025-11-27 09:55:43', '2025-11-27 09:55:43'),
	(27, 'App\\Models\\Client', 15, 'auth_token', 'b47d838f6877d3a62fc07c8ecddb9780f5dd1e350007cfeeec7f14fd35fd25b4', '["*"]', '2025-11-27 10:28:32', NULL, '2025-11-27 10:24:49', '2025-11-27 10:28:32'),
	(28, 'App\\Models\\Client', 15, 'auth_token', 'e2c222be2a6aa60c7f889e31ed6f468fdff03a6272f9c3a706a450c291a02b4f', '["*"]', '2025-11-27 11:33:00', NULL, '2025-11-27 11:27:35', '2025-11-27 11:33:00'),
	(29, 'App\\Models\\Client', 15, 'auth_token', 'bdae190f1ac8b3926aae688acb8d6a8cecb79361030224cd96efe7d7547c3059', '["*"]', '2025-11-27 20:18:11', NULL, '2025-11-27 18:16:04', '2025-11-27 20:18:11'),
	(30, 'App\\Models\\Client', 15, 'auth_token', '63beacda4cf26fc7a48a6cbe878e442e9c50c0e1eed9920116e39e25bbf3d3f2', '["*"]', '2025-11-28 12:54:20', NULL, '2025-11-28 12:54:17', '2025-11-28 12:54:20'),
	(31, 'App\\Models\\Client', 15, 'auth_token', 'dede47c97581fa3af2d9cf20543571589f12b6efc7f9bd858f6b4c3f86d25eb2', '["*"]', '2025-11-28 22:25:11', NULL, '2025-11-28 21:32:43', '2025-11-28 22:25:11'),
	(32, 'App\\Models\\Client', 15, 'auth_token', '5d88e9d98b1ba7c7a16b39618ac444a71eac7b01a461fc8e373043700d840bc6', '["*"]', NULL, NULL, '2025-11-28 21:42:57', '2025-11-28 21:42:57'),
	(34, 'App\\Models\\Client', 15, 'auth_token', 'a78787b320e0fb4a498be8c57ec68f59f3da942637b8c4a706a0d77283d228df', '["*"]', '2025-11-29 17:12:48', NULL, '2025-11-29 15:50:13', '2025-11-29 17:12:48'),
	(35, 'App\\Models\\Client', 15, 'auth_token', '7ce84340b2f4f257c16d53f6a7e8144609276633745bc27117b09117c523b1f3', '["*"]', '2025-11-29 17:28:02', NULL, '2025-11-29 17:27:26', '2025-11-29 17:28:02'),
	(36, 'App\\Models\\Client', 15, 'auth_token', '97bfe9244360b15b98761c7e85d70e08317232307361348f8d00709b1f78458c', '["*"]', '2025-11-29 22:23:11', NULL, '2025-11-29 22:05:19', '2025-11-29 22:23:11'),
	(37, 'App\\Models\\Client', 15, 'auth_token', 'a3019b43a242d809cabe94f2309d3ec951b4fb85a35db80c513d4d29f8c0bea5', '["*"]', '2025-11-30 17:24:26', NULL, '2025-11-30 17:24:24', '2025-11-30 17:24:26'),
	(38, 'App\\Models\\Client', 15, 'auth_token', '52b2908123da8dda528294c5234dd50f0f99c947478e94ac47029b62c988659f', '["*"]', '2025-12-02 16:26:52', NULL, '2025-12-01 17:34:48', '2025-12-02 16:26:52'),
	(39, 'App\\Models\\Client', 15, 'auth_token', '8ee504c2f8827e5f57b0e3c54e5b3226caa2e9380dfd575ea5d9b1f4c20a95a0', '["*"]', '2025-12-01 18:46:52', NULL, '2025-12-01 18:45:39', '2025-12-01 18:46:52'),
	(40, 'App\\Models\\Client', 15, 'auth_token', 'ca8f4fb1d3b0cee7df3c495febe0de471e714d522e85a5f467a2c14376021f98', '["*"]', '2025-12-01 20:06:34', NULL, '2025-12-01 20:05:39', '2025-12-01 20:06:34'),
	(41, 'App\\Models\\Client', 15, 'auth_token', '455801bd7b8ef501016b9301dda96ef7646dfa333d6dd8e44560ae3f92b2e61a', '["*"]', '2025-12-09 18:24:22', NULL, '2025-12-04 17:20:27', '2025-12-09 18:24:22'),
	(42, 'App\\Models\\Client', 15, 'auth_token', '0a6221ed048d842428361ca10a9dfc61f66e576e7effbc0f47dc362913f40e6b', '["*"]', NULL, NULL, '2025-12-04 18:09:34', '2025-12-04 18:09:34'),
	(43, 'App\\Models\\Client', 15, 'auth_token', '28eb7bba253a596cbf5347f27017dd26f604f85acf8db34cf28a421c74ebf835', '["*"]', '2025-12-04 18:36:26', NULL, '2025-12-04 18:18:38', '2025-12-04 18:36:26'),
	(45, 'App\\Models\\Client', 15, 'auth_token', '6538d2abeb8e63a90ba83822b2fee04a18667d66dc01e3a593e4044a089a6754', '["*"]', '2025-12-05 22:41:49', NULL, '2025-12-05 22:41:36', '2025-12-05 22:41:49'),
	(46, 'App\\Models\\Client', 15, 'auth_token', '40fa6c436469d8371e334d5f40ad01713e12de62f5c8e7c9af55442f3f3f6f73', '["*"]', '2025-12-05 23:09:54', NULL, '2025-12-05 23:09:38', '2025-12-05 23:09:54'),
	(47, 'App\\Models\\Client', 15, 'auth_token', 'dadf71be5073a5a1e90dfb853079dc4f1e71fe7dbb2fb62ebe51bef807a5bef3', '["*"]', '2025-12-05 23:18:05', NULL, '2025-12-05 23:17:03', '2025-12-05 23:18:05'),
	(48, 'App\\Models\\Client', 15, 'auth_token', '64c606ad0fa09f09afd67eabdd79c03598e8c1935c1f8857f94bc1f03fc6430c', '["*"]', '2025-12-06 15:44:19', NULL, '2025-12-06 15:28:20', '2025-12-06 15:44:19'),
	(49, 'App\\Models\\Client', 15, 'auth_token', '48c7a8c34b8d4c60291ca52dbdb261443be215398eaa96565eeeb379d3e016a9', '["*"]', '2025-12-06 16:33:14', NULL, '2025-12-06 15:48:19', '2025-12-06 16:33:14'),
	(50, 'App\\Models\\Client', 15, 'auth_token', '7acb3e38e44dfa2aa13bf1f2ec2de0ac5d740d92636345c02024d71c47f932dd', '["*"]', '2025-12-06 19:02:51', NULL, '2025-12-06 18:54:36', '2025-12-06 19:02:51'),
	(51, 'App\\Models\\Client', 15, 'auth_token', '1989997efbf6a8c0ebc46234ae456423e7fe3bb9875ca75ece22ace56fa59b8f', '["*"]', '2025-12-06 22:40:28', NULL, '2025-12-06 22:36:52', '2025-12-06 22:40:28'),
	(52, 'App\\Models\\Client', 15, 'auth_token', '1caaa220e1696d1a6025492ae77f9b088b1fc58c3b8e34eb5784729876dfa196', '["*"]', '2025-12-09 22:13:54', NULL, '2025-12-08 15:47:54', '2025-12-09 22:13:54'),
	(53, 'App\\Models\\Client', 15, 'auth_token', '3544b9b176bf49802f89d18332d3fd4ef2aca1171056a3b4b0f73c84b120239e', '["*"]', '2025-12-09 12:43:59', NULL, '2025-12-09 09:04:58', '2025-12-09 12:43:59'),
	(55, 'App\\Models\\Client', 15, 'auth_token', 'd383867e41e69cc94096cf1813e608f469ca7470af3ee413e9e807e0f262f6d2', '["*"]', NULL, NULL, '2025-12-09 18:22:45', '2025-12-09 18:22:45'),
	(56, 'App\\Models\\Client', 15, 'auth_token', '7ff0dfa1cb5c0bff831a11dc3739822becbd433727ceb962e2626a6e182d6c14', '["*"]', '2025-12-09 19:32:23', NULL, '2025-12-09 19:12:06', '2025-12-09 19:32:23');

-- Dumping structure for table rosheta.pharmacies
CREATE TABLE IF NOT EXISTS `pharmacies` (
  `id` bigint unsigned NOT NULL AUTO_INCREMENT,
  `user_id` bigint unsigned DEFAULT NULL,
  `area_id` bigint unsigned DEFAULT NULL,
  `name` varchar(255) CHARACTER SET utf8mb4 COLLATE utf8mb4_unicode_ci NOT NULL,
  `phone` varchar(255) CHARACTER SET utf8mb4 COLLATE utf8mb4_unicode_ci DEFAULT NULL,
  `email` varchar(255) CHARACTER SET utf8mb4 COLLATE utf8mb4_unicode_ci DEFAULT NULL,
  `address` text CHARACTER SET utf8mb4 COLLATE utf8mb4_unicode_ci,
  `location` varchar(255) CHARACTER SET utf8mb4 COLLATE utf8mb4_unicode_ci DEFAULT NULL,
  `lat` decimal(10,8) DEFAULT NULL,
  `lng` decimal(11,8) DEFAULT NULL,
  `license_number` varchar(255) CHARACTER SET utf8mb4 COLLATE utf8mb4_unicode_ci DEFAULT NULL,
  `pharmacist_name` varchar(255) CHARACTER SET utf8mb4 COLLATE utf8mb4_unicode_ci DEFAULT NULL,
  `pharmacist_license` varchar(255) CHARACTER SET utf8mb4 COLLATE utf8mb4_unicode_ci DEFAULT NULL,
  `opening_time` time DEFAULT NULL,
  `closing_time` time DEFAULT NULL,
  `is_active` tinyint(1) NOT NULL DEFAULT '1',
  `notes` text CHARACTER SET utf8mb4 COLLATE utf8mb4_unicode_ci,
  `created_at` timestamp NULL DEFAULT NULL,
  `updated_at` timestamp NULL DEFAULT NULL,
  PRIMARY KEY (`id`),
  KEY `pharmacies_area_id_foreign` (`area_id`),
  KEY `pharmacies_user_id_index` (`user_id`),
  KEY `pharmacies_name_index` (`name`),
  KEY `pharmacies_lat_lng_index` (`lat`,`lng`),
  CONSTRAINT `pharmacies_area_id_foreign` FOREIGN KEY (`area_id`) REFERENCES `areas` (`id`) ON DELETE SET NULL,
  CONSTRAINT `pharmacies_user_id_foreign` FOREIGN KEY (`user_id`) REFERENCES `users` (`id`) ON DELETE SET NULL
) ENGINE=InnoDB AUTO_INCREMENT=122 DEFAULT CHARSET=utf8mb4 COLLATE=utf8mb4_unicode_ci;

-- Dumping data for table rosheta.pharmacies: ~121 rows (approximately)
INSERT INTO `pharmacies` (`id`, `user_id`, `area_id`, `name`, `phone`, `email`, `address`, `location`, `lat`, `lng`, `license_number`, `pharmacist_name`, `pharmacist_license`, `opening_time`, `closing_time`, `is_active`, `notes`, `created_at`, `updated_at`) VALUES
	(1, 1, 1, 'test pharmacy', NULL, NULL, NULL, NULL, 30.17831832, 31.21746317, NULL, NULL, NULL, '09:00:00', '23:00:00', 1, NULL, '2025-10-31 23:01:35', '2025-10-31 23:01:35'),
	(2, 1, 1, 'Dooley and Sons Pharmacy', '1-708-300-1209', 'klind@example.net', '44402 Parker Summit\nMaxstad, TN 05983', '590 Khalil Hollow Apt. 789\nEvalynfort, IA 22858', 30.98146100, 32.45027600, 'PH-9031368', 'Carole Denesik', 'LIC-2332780', '08:00:00', '22:00:00', 1, NULL, '2025-11-17 08:18:14', '2025-11-17 08:18:14'),
	(3, 1, 2, 'Paucek PLC Pharmacy', '+1-765-846-7716', 'alexa.reilly@example.net', '822 Huels Extension\nGoodwinstad, SC 46215-6619', '21331 Zoie Loaf\nSouth Giovanna, NM 61092-3480', 30.93573700, 31.49686600, 'PH-1334760', 'Alana Halvorson Sr.', 'LIC-9271879', '08:00:00', '22:00:00', 1, NULL, '2025-11-17 08:18:14', '2025-11-17 08:18:14'),
	(4, 1, 2, 'Glover, Schowalter and Muller Pharmacy', '1-269-827-7422', 'mclaughlin.helena@example.org', '185 Josephine Land Apt. 816\nPort Robbiebury, MO 18888', '4645 Anjali Fork\nShanonland, GA 21695', 30.45732200, 31.33553500, 'PH-3243754', 'Keanu Altenwerth', 'LIC-7473791', '08:00:00', '22:00:00', 1, 'Est et culpa illum consequatur.', '2025-11-17 08:18:14', '2025-11-17 08:18:14'),
	(5, 1, 2, 'Hamill LLC Pharmacy', '+1-727-808-2088', 'linnea.schumm@example.org', '5218 Mohr Motorway Suite 972\nNorth Kristoffer, TN 05200-7383', '7676 Wuckert Pass Suite 670\nNorth Octavia, RI 18651', 30.21857500, 29.02248300, 'PH-8798178', 'Andre Marvin', 'LIC-1399109', '08:00:00', '22:00:00', 1, NULL, '2025-11-17 08:18:14', '2025-11-17 08:18:14'),
	(6, 1, 2, 'Muller-Dibbert Pharmacy', '585-733-4458', 'ubaldo55@example.org', '28930 Torp Corner Apt. 642\nGisselleton, IL 33817-6011', '571 Skiles Common\nNorth Bernadine, MN 97494-9278', 31.46712900, 31.50993600, 'PH-0606648', 'Zoila Jerde', 'LIC-3007062', '08:00:00', '22:00:00', 1, NULL, '2025-11-17 08:18:14', '2025-11-17 08:18:14'),
	(7, 1, 2, 'Stroman-Hyatt Pharmacy', '854.738.8472', 'bennett.murray@example.org', '16607 Amani Prairie\nEast Reta, WY 40492', '240 Luettgen Centers Apt. 702\nSouth Toby, WI 34557', 30.37908100, 30.68168900, 'PH-6553564', 'Kiara Stiedemann', 'LIC-2241661', '08:00:00', '22:00:00', 1, NULL, '2025-11-17 08:18:14', '2025-11-17 08:18:14'),
	(8, 1, 1, 'Heaney PLC Pharmacy', '(469) 632-1105', 'smorar@example.com', '432 Gail Circle Apt. 361\nNew Myriam, GA 81374-5214', '46297 Durgan Divide Apt. 759\nKingville, ND 37455-7425', 30.51287700, 31.51315000, 'PH-5810443', 'Sandra Auer', 'LIC-9690303', '08:00:00', '22:00:00', 1, NULL, '2025-11-17 08:18:14', '2025-11-17 08:18:14'),
	(9, 1, 2, 'Greenfelder LLC Pharmacy', '878-891-8835', 'twelch@example.org', '21654 Davion Tunnel\nPort Zoey, NV 93839-7241', '8883 Rodriguez Tunnel\nBartellstad, LA 61106', 31.33235700, 32.19754100, 'PH-5631381', 'Josefa Gutkowski', 'LIC-7583460', '08:00:00', '22:00:00', 1, NULL, '2025-11-17 08:18:14', '2025-11-17 08:18:14'),
	(10, 1, 1, 'Quigley, Conroy and Schaefer Pharmacy', '(480) 613-0004', 'ahmed.orn@example.net', '348 Glover Lakes\nEast Ethyl, CO 56846', '537 Klocko Skyway Suite 417\nNorth Nathanaelshire, NV 31956', 30.72257100, 30.69345100, 'PH-8565532', 'Modesto Crist', 'LIC-4145241', '08:00:00', '22:00:00', 1, NULL, '2025-11-17 08:18:14', '2025-11-17 08:18:14'),
	(11, 1, 1, 'Bode PLC Pharmacy', '+1 (321) 957-8480', 'bahringer.carissa@example.com', '82440 Lucy Parkway\nWest Joelle, PA 61873-7401', '8146 Hagenes Gateway Suite 533\nNew Vivianneshire, MN 36440', 30.77065600, 30.24142500, 'PH-5746876', 'Aubrey Kautzer', 'LIC-9030847', '08:00:00', '22:00:00', 1, 'A sequi quam enim maiores quia et omnis.', '2025-11-17 08:18:14', '2025-11-17 08:18:14'),
	(12, 1, 2, 'Kuvalis PLC Pharmacy', '+1-458-333-0885', 'jerde.fausto@example.com', '847 Schmidt Fort\nWest Tierra, AL 03972', '41860 Grace Fields\nSteuberburgh, OH 05917-1863', 30.48367900, 31.83864800, 'PH-9284789', 'Clifton Hackett Jr.', 'LIC-3827049', '08:00:00', '22:00:00', 1, NULL, '2025-11-17 08:18:14', '2025-11-17 08:18:14'),
	(13, 1, 1, 'Schulist, Crist and Senger Pharmacy', '856.741.8101', 'toney.tillman@example.net', '83698 Johann Place Suite 802\nPedroton, KS 16237', '94648 Antonia Springs Suite 315\nAriannaside, IA 40334-1256', 30.91772400, 29.72645300, 'PH-1970106', 'Sheila Stamm', 'LIC-1918329', '08:00:00', '22:00:00', 1, NULL, '2025-11-17 08:18:14', '2025-11-17 08:18:14'),
	(14, 1, 2, 'Borer-Treutel Pharmacy', '1-985-795-4884', 'oswaldo.herman@example.net', '9985 Lauretta Passage\nNorth Zackaryside, MS 73452', '357 Pagac Mountains Apt. 815\nMilfordbury, NE 16108-0165', 30.77582300, 31.05179800, 'PH-4922579', 'Dr. Chris Satterfield', 'LIC-8277282', '08:00:00', '22:00:00', 1, 'Officiis error molestias omnis voluptatem non accusamus reprehenderit.', '2025-11-17 08:18:14', '2025-11-17 08:18:14'),
	(15, 1, 1, 'Towne PLC Pharmacy', '1-801-237-8306', 'shaina26@example.com', '189 Harris Street Suite 040\nNorth Chad, MS 29714-6613', '550 Christian Dam Suite 121\nSouth Aliland, OK 91434', 30.93379000, 29.74542900, 'PH-8183996', 'Stefan Flatley', 'LIC-7845860', '08:00:00', '22:00:00', 1, 'Qui maxime et eveniet quas natus odio.', '2025-11-17 08:18:14', '2025-11-17 08:18:14'),
	(16, 1, 1, 'Kerluke Group Pharmacy', '262.667.0606', 'burley18@example.com', '667 Dietrich Island Apt. 142\nSouth Osvaldoshire, TN 32748', '776 Kelley Path\nWindlerbury, NV 99099', 31.05416400, 30.56712000, 'PH-9889473', 'Maximo Muller Jr.', 'LIC-0245478', '08:00:00', '22:00:00', 1, 'Voluptates cupiditate blanditiis cumque qui dolorem ad dignissimos.', '2025-11-17 08:18:14', '2025-11-17 08:18:14'),
	(17, 1, 2, 'West Group Pharmacy', '1-608-526-6330', 'blick.kayli@example.org', '9132 Arvel Park Suite 073\nDellatown, WY 19648-8574', '44098 Esther Stravenue Apt. 744\nWest Ollie, DE 70258-7448', 30.24964500, 31.60307800, 'PH-3606041', 'Don Volkman', 'LIC-9424089', '08:00:00', '22:00:00', 1, NULL, '2025-11-17 08:18:14', '2025-11-17 08:18:14'),
	(18, 1, 2, 'Hahn-Frami Pharmacy', '+1 (435) 309-4921', 'rkshlerin@example.com', '5648 Payton Mills Apt. 394\nFeeneyton, WA 89461-1657', '8474 Durgan Square\nMrazfurt, HI 15720-9154', 31.09435700, 29.04254200, 'PH-3941770', 'Randal Nader', 'LIC-4539284', '08:00:00', '22:00:00', 1, 'Quasi nostrum earum voluptatibus porro illum consectetur repudiandae.', '2025-11-17 08:18:14', '2025-11-17 08:18:14'),
	(19, 1, 2, 'Treutel-Orn Pharmacy', '+1-872-937-1044', 'daniel.daphney@example.net', '206 Ezra Valleys Suite 677\nNew Eliasborough, MD 02768', '63993 Beer Curve Apt. 867\nFraneckihaven, KY 37553', 30.72998300, 29.44177500, 'PH-4978765', 'Frederic Krajcik', 'LIC-7683539', '08:00:00', '22:00:00', 1, 'Vel quidem expedita enim vero.', '2025-11-17 08:18:14', '2025-11-17 08:18:14'),
	(20, 1, 2, 'Powlowski PLC Pharmacy', '1-620-507-8199', 'brielle.stroman@example.org', '2078 Weber Streets Suite 631\nAltenwerthmouth, SD 87153-8675', '1440 Enrique Mission\nWest Mitchell, AZ 71330', 30.47989000, 30.06324800, 'PH-7292716', 'Hoyt Dibbert DVM', 'LIC-1997050', '08:00:00', '22:00:00', 1, 'Id sint sit ut neque rerum sapiente enim.', '2025-11-17 08:18:14', '2025-11-17 08:18:14'),
	(21, 1, 1, 'Daniel PLC Pharmacy', '+1.726.678.5978', 'aniya87@example.com', '403 Prohaska Turnpike\nDurganhaven, NM 80116-5331', '96074 Timmy Trace Apt. 619\nDonniehaven, WV 37737-7131', 30.18815500, 29.68308300, 'PH-0905342', 'Connie Murphy Jr.', 'LIC-9921874', '08:00:00', '22:00:00', 1, NULL, '2025-11-17 08:18:14', '2025-11-17 08:18:14'),
	(22, 1, 2, 'Zboncak, O\'Hara and Windler Pharmacy', '+1 (253) 872-9984', 'ytreutel@example.org', '78740 Demarco Burgs Apt. 329\nEmilchester, MI 06262-4573', '165 Beahan Port\nSouth King, IN 94277', 31.46288500, 32.42379200, 'PH-4227943', 'Dr. Payton Rath II', 'LIC-8784271', '08:00:00', '22:00:00', 1, 'Veniam voluptatem qui quod.', '2025-11-17 08:18:14', '2025-11-17 08:18:14'),
	(23, 1, 2, 'Wintheiser PLC Pharmacy', '+16202206716', 'america97@example.net', '685 Cali View Apt. 060\nPort Bustermouth, NM 58798-2548', '635 Thompson View Suite 161\nKiraland, NY 77341', 31.23797200, 32.70139000, 'PH-7930612', 'Maci Mohr', 'LIC-0951971', '08:00:00', '22:00:00', 1, NULL, '2025-11-17 08:18:14', '2025-11-17 08:18:14'),
	(24, 1, 1, 'Glover Group Pharmacy', '(253) 993-5371', 'avery70@example.com', '662 Nicolas Parks\nBartonborough, NJ 56770', '37967 Allan Orchard Suite 152\nPort Michaelabury, DC 01898-2412', 30.71921600, 31.11766200, 'PH-2744378', 'Miss Mabelle Bosco', 'LIC-0134923', '08:00:00', '22:00:00', 1, NULL, '2025-11-17 08:18:14', '2025-11-17 08:18:14'),
	(25, 1, 2, 'Ankunding, Mertz and Sporer Pharmacy', '+1-610-607-4554', 'jacobi.pierre@example.net', '202 Rozella Wall Apt. 683\nLennychester, UT 61851', '6945 Auer Throughway\nEast Amparoport, VT 49054', 30.39109600, 32.13336100, 'PH-0310546', 'Eva Graham', 'LIC-1570583', '08:00:00', '22:00:00', 1, NULL, '2025-11-17 08:18:14', '2025-11-17 08:18:14'),
	(26, 1, 2, 'Ruecker and Sons Pharmacy', '+14069851221', 'tziemann@example.net', '176 Mauricio Shoals Apt. 841\nLake Teresamouth, CT 13239-5402', '242 Mills Islands Suite 761\nEast Janebury, MT 80319', 30.04009900, 31.20110000, 'PH-5877077', 'Lucius Thiel', 'LIC-1060267', '08:00:00', '22:00:00', 1, 'Doloremque explicabo blanditiis est maxime aliquam harum quo omnis.', '2025-11-17 08:18:14', '2025-11-17 08:18:14'),
	(27, 1, 1, 'Kessler, Shields and Marquardt Pharmacy', '1-863-677-4439', 'julie44@example.com', '7089 Danny Inlet Suite 953\nNorth Elishafurt, DE 94254', '1810 Vince Burgs Apt. 353\nEast Aidan, MI 86501-4392', 30.67379400, 32.82834000, 'PH-6767285', 'Lonnie Simonis', 'LIC-9480803', '08:00:00', '22:00:00', 1, 'Saepe sit non nisi rem cumque iusto ut.', '2025-11-17 08:18:14', '2025-11-17 08:18:14'),
	(28, 1, 2, 'Rosenbaum Inc Pharmacy', '+1-914-751-8802', 'dquitzon@example.com', '83567 Darius Forge\nLake Uniqueport, HI 75516-9866', '25742 Lyda Drive Apt. 462\nStantonburgh, TX 97656', 30.34050400, 30.06589800, 'PH-9013454', 'Randal Rohan', 'LIC-3039746', '08:00:00', '22:00:00', 1, 'Adipisci asperiores enim libero enim et rerum.', '2025-11-17 08:18:14', '2025-11-17 08:18:14'),
	(29, 1, 1, 'Schaefer, Sauer and Bins Pharmacy', '657.976.3032', 'adrianna.dare@example.net', '58263 Dicki Trafficway Suite 736\nWest Ransom, VA 19984-0635', '47246 Brandi Course\nLake Luigi, HI 74584', 30.20081700, 30.36982800, 'PH-4925921', 'Brayan VonRueden', 'LIC-2937431', '08:00:00', '22:00:00', 1, NULL, '2025-11-17 08:18:14', '2025-11-17 08:18:14'),
	(30, 1, 2, 'Schultz, Bayer and Metz Pharmacy', '+1 (757) 365-0042', 'xokon@example.org', '38530 Letitia Square Suite 559\nPourosmouth, NM 77417-2247', '18912 Oran Throughway\nPort Bernadette, OR 49975-0687', 30.68719400, 29.97755300, 'PH-4619915', 'Alexie Hagenes', 'LIC-6743575', '08:00:00', '22:00:00', 1, 'Temporibus in assumenda qui blanditiis possimus consequatur cupiditate.', '2025-11-17 08:18:14', '2025-11-17 08:18:14'),
	(31, 1, 2, 'Grant, Gleichner and Orn Pharmacy', '1-586-555-2440', 'alanis.morar@example.org', '369 Lacy Oval Apt. 962\nEast Vernie, MN 54889', '1781 Tony Trail Suite 839\nPort Anastasiaberg, MT 83198', 30.40358500, 29.74528700, 'PH-6869834', 'Mr. Antwan Rogahn II', 'LIC-8948455', '08:00:00', '22:00:00', 1, 'Ea ut ipsa et cupiditate eaque maxime sint.', '2025-11-17 08:18:14', '2025-11-17 08:18:14'),
	(32, 1, 8, 'Gislason Ltd Pharmacy', '(470) 428-0882', 'celestine69@example.com', '26027 Luis Ranch\nCarterside, IL 60260-8043', '450 Ratke Mills Suite 764\nLourdesstad, MN 09974', 30.77990400, 30.93513600, 'PH-4879288', 'Janice Wisozk', 'LIC-7087748', '08:00:00', '22:00:00', 1, 'Ea quis omnis amet vel eum voluptas nemo.', '2025-11-17 08:20:16', '2025-11-17 08:20:16'),
	(33, 1, NULL, 'Kohler, Tillman and Swift Pharmacy', '1-805-898-7544', 'klocko.beverly@example.org', '7810 Mohr Walk Suite 637\nNew Bradley, CT 08138-2121', '680 Kassulke Vista\nKattieton, MS 23898-8929', 30.80982500, 30.38573900, 'PH-0027990', 'Caterina Dickinson', 'LIC-0150899', '08:00:00', '22:00:00', 1, NULL, '2025-11-17 08:20:16', '2025-11-17 08:20:16'),
	(34, 1, NULL, 'Gleichner, Buckridge and Bruen Pharmacy', '+1-726-490-4834', 'marlene31@example.net', '5954 Predovic Springs\nPort Glennie, MT 99228', '97645 Lyric Extensions Suite 424\nReingerhaven, GA 19060', 30.78698700, 29.85600700, 'PH-3588369', 'Miss Onie Renner IV', 'LIC-8052448', '08:00:00', '22:00:00', 1, 'Voluptas quidem eos iste provident.', '2025-11-17 08:20:16', '2025-11-17 08:20:16'),
	(35, 1, 47, 'Waelchi, Bayer and Frami Pharmacy', '+1-445-539-8962', 'ubarrows@example.net', '6993 Abernathy Circle Apt. 471\nAdeleview, KS 02610', '9504 Brando Forges\nNew Lily, DE 44237-6051', 31.23047200, 31.72715900, 'PH-0100625', 'Jamie O\'Reilly', 'LIC-1448312', '08:00:00', '22:00:00', 1, 'Odio quos consectetur voluptatum.', '2025-11-17 08:20:16', '2025-11-17 08:20:16'),
	(36, 1, NULL, 'Swaniawski Ltd Pharmacy', '1-414-371-5424', 'raleigh71@example.com', '950 Joanne Manors\nBeierfurt, TX 25851', '6367 Cassin Mountains Apt. 123\nStoltenbergmouth, MD 41249-2497', 31.34783000, 29.21192600, 'PH-5716909', 'Izaiah Cassin', 'LIC-2213925', '08:00:00', '22:00:00', 0, 'Commodi aut sed officia alias neque voluptates eveniet.', '2025-11-17 08:20:16', '2025-11-17 08:20:16'),
	(37, 1, 24, 'Carter, Weber and Quigley Pharmacy', '1-618-265-0308', 'kulas.kimberly@example.com', '3565 Herman Village\nNew Orlandtown, ID 07646-6294', '704 Peggie Motorway Apt. 546\nNovabury, DE 44082', 30.98220800, 30.52795000, 'PH-3317545', 'Lucio Koepp', 'LIC-7581703', '08:00:00', '22:00:00', 0, 'Quas optio voluptatem nemo alias enim.', '2025-11-17 08:20:16', '2025-11-17 08:20:16'),
	(38, 1, NULL, 'Roberts, Reilly and Ondricka Pharmacy', '682-667-4883', 'cleora.glover@example.org', '29603 Lehner Stream Suite 400\nJerdeburgh, LA 82963', '19876 Jones Turnpike Apt. 621\nMillston, MA 95700-4763', 30.80073900, 30.79265400, 'PH-9449900', 'Eda Ruecker I', 'LIC-8286249', '08:00:00', '22:00:00', 1, 'Ex laudantium aliquam quia corporis dolor illo.', '2025-11-17 08:20:16', '2025-11-17 08:20:16'),
	(39, 1, 58, 'Volkman-Pagac Pharmacy', '+1.832.456.1720', 'reilly.cronin@example.com', '63957 Willy Views\nBellaview, DE 86198', '389 Tressa Mount\nEast Leo, OK 65658-5579', 31.32679900, 32.27803900, 'PH-7161528', 'Lottie Ritchie DVM', 'LIC-9084864', '08:00:00', '22:00:00', 1, NULL, '2025-11-17 08:20:16', '2025-11-17 08:20:16'),
	(40, 1, 105, 'Cummerata LLC Pharmacy', '870-337-6371', 'jgrimes@example.net', '39278 Botsford Gardens Apt. 329\nToytown, CO 10766', '11264 Stokes Bridge\nNorth Junior, ID 19707-3749', 30.10504100, 32.34544400, 'PH-2812657', 'Ms. Rosa Corkery', 'LIC-5757872', '08:00:00', '22:00:00', 1, NULL, '2025-11-17 08:20:16', '2025-11-17 08:20:16'),
	(41, 1, 81, 'Windler-Rath Pharmacy', '+1.806.654.1218', 'willms.lindsey@example.net', '30951 Stanton Extensions Apt. 797\nNorth Nedratown, IA 43637-2299', '4152 Schaefer Orchard\nNorth Fred, SD 56163', 31.10596200, 30.66456200, 'PH-8574457', 'Dr. Unique Brown I', 'LIC-5477020', '08:00:00', '22:00:00', 1, NULL, '2025-11-17 08:20:16', '2025-11-17 08:20:16'),
	(42, 1, 7, 'Ward-Armstrong Pharmacy', '220.649.0450', 'hessel.deonte@example.com', '240 Eichmann Junction\nWest Florian, MO 21529-5242', '552 Heather Views\nNew Emmaleeton, MN 59424-6200', 31.46216700, 32.31474500, 'PH-6768207', 'Vivien Fahey', 'LIC-0201222', '08:00:00', '22:00:00', 1, 'Quia provident quia eaque ab.', '2025-11-17 08:20:16', '2025-11-17 08:20:16'),
	(43, 1, 81, 'Sanford Inc Pharmacy', '862.224.6465', 'xwunsch@example.org', '33293 Botsford Stream Suite 602\nNew Myrnaburgh, OR 20225', '24960 Macie Neck Suite 489\nLorenzomouth, MD 26527-4175', 30.25461900, 29.16169800, 'PH-1374198', 'Jovany Emard', 'LIC-3131327', '08:00:00', '22:00:00', 1, 'Doloremque quas rerum quas exercitationem qui.', '2025-11-17 08:20:16', '2025-11-17 08:20:16'),
	(44, 1, 33, 'Medhurst-Altenwerth Pharmacy', '(989) 900-7523', 'shanahan.isaiah@example.org', '97194 Davis Forks\nWest Leannfurt, OH 46410', '235 Waelchi Wall Apt. 020\nEast Emmie, AL 27563-0628', 30.78031700, 30.63234100, 'PH-4899388', 'Kenton Dare II', 'LIC-8168233', '08:00:00', '22:00:00', 0, NULL, '2025-11-17 08:20:16', '2025-11-17 08:20:16'),
	(45, 1, 114, 'Abernathy and Sons Pharmacy', '984.486.1373', 'christophe75@example.net', '244 Bayer Walks Suite 017\nGerlachchester, TN 48507', '6013 Glover Cliff Apt. 771\nLockmanstad, IL 38126-4929', 30.98064400, 31.15868200, 'PH-1619683', 'Declan Schroeder', 'LIC-1303409', '08:00:00', '22:00:00', 1, NULL, '2025-11-17 08:20:16', '2025-11-17 08:20:16'),
	(46, 1, 33, 'VonRueden-Gutkowski Pharmacy', '(440) 591-8809', 'amiya.oreilly@example.net', '47156 Sam Turnpike\nHaileeberg, NY 51220-7089', '87422 Brekke Drive\nMavistown, FL 14901-7327', 30.43532200, 32.59099200, 'PH-9881179', 'Jack Mayert', 'LIC-2147273', '08:00:00', '22:00:00', 1, 'Accusamus optio repellat quis enim ut vel odit.', '2025-11-17 08:20:16', '2025-11-17 08:20:16'),
	(47, 1, 47, 'Bauch Group Pharmacy', '720-988-8431', 'lucienne70@example.org', '78649 Gloria Via Apt. 825\nPrudencechester, TN 46653-8840', '920 Toy Stream Apt. 778\nSouth Halliemouth, LA 31837', 30.97575400, 32.35627900, 'PH-0618597', 'Jamarcus Wunsch II', 'LIC-1839766', '08:00:00', '22:00:00', 1, 'Omnis libero voluptatem est debitis nihil sunt.', '2025-11-17 08:20:16', '2025-11-17 08:20:16'),
	(48, 1, 8, 'Emard, Heller and Ryan Pharmacy', '(641) 798-6144', 'dgulgowski@example.net', '42066 Cassin Ports Apt. 260\nNoeliamouth, MS 93703', '4641 O\'Conner Crest Suite 888\nNew Darius, MN 06875', 31.37273000, 31.97779500, 'PH-4730770', 'Harley Will', 'LIC-6858135', '08:00:00', '22:00:00', 1, 'Quia amet cumque ab sequi ducimus possimus nesciunt.', '2025-11-17 08:20:16', '2025-11-17 08:20:16'),
	(49, 1, NULL, 'Beier, Nader and Kunde Pharmacy', '1-631-618-9973', 'maddison63@example.net', '6019 Isobel View Suite 001\nOrnborough, LA 80275', '281 Graham Hills\nEmmittview, AZ 28947', 31.02320500, 31.21893700, 'PH-5034867', 'Dangelo Gorczany', 'LIC-1006289', '08:00:00', '22:00:00', 1, 'Repellat dicta et facere qui.', '2025-11-17 08:20:16', '2025-11-17 08:20:16'),
	(50, 1, 3, 'Parker Ltd Pharmacy', '843.360.8080', 'joana88@example.com', '67586 Mayert Ville\nPort Aleenfort, NY 66712', '330 Idell Canyon\nEast Lewistown, OK 53317-0612', 30.51137300, 31.02864000, 'PH-4564332', 'Rudy Collier', 'LIC-5261817', '08:00:00', '22:00:00', 1, NULL, '2025-11-17 08:20:16', '2025-11-17 08:20:16'),
	(51, 1, 1, 'Jacobson and Sons Pharmacy', '1-419-783-8999', 'boehm.grayce@example.net', '3551 Kaela Ports\nAlecport, KS 67636-3026', '4393 Ward Prairie\nWardborough, GA 88855-5106', 31.02730200, 30.80636800, 'PH-8007109', 'Keon Dicki', 'LIC-0855101', '08:00:00', '22:00:00', 1, NULL, '2025-11-17 08:20:16', '2025-11-17 08:20:16'),
	(52, 1, 98, 'Hodkiewicz PLC Pharmacy', '+18057428710', 'stanford19@example.org', '76074 Darion Groves Suite 343\nFelicitachester, DC 20019', '199 Leopold Tunnel\nEast Shanyfurt, UT 33406', 31.46109100, 30.30211300, 'PH-0376923', 'Lavada Buckridge', 'LIC-6612638', '08:00:00', '22:00:00', 1, NULL, '2025-11-17 08:20:16', '2025-11-17 08:20:16'),
	(53, 1, NULL, 'Goyette, McKenzie and Dibbert Pharmacy', '315-363-5724', 'marie.dach@example.net', '538 Tyler Grove\nSanfordhaven, OK 82111-6415', '15100 Alanis Locks\nLebsackborough, AK 23193', 31.30598400, 30.39318800, 'PH-4205149', 'Maye Purdy', 'LIC-5646521', '08:00:00', '22:00:00', 1, NULL, '2025-11-17 08:20:16', '2025-11-17 08:20:16'),
	(54, 1, 95, 'Kohler Inc Pharmacy', '+1.727.537.0305', 'rice.ike@example.com', '13843 Florencio Isle Apt. 255\nSteuberview, GA 54808-2041', '6915 Arden Track Suite 177\nNew Aaliyah, WA 21461-6875', 30.46816600, 29.06402800, 'PH-3933666', 'Isobel Kuphal DDS', 'LIC-1266552', '08:00:00', '22:00:00', 1, 'Est molestias et soluta facilis et nemo aut.', '2025-11-17 08:20:16', '2025-11-17 08:20:16'),
	(55, 1, NULL, 'Harvey LLC Pharmacy', '463.273.1424', 'huels.araceli@example.net', '4950 Ilene Rapids Suite 148\nPaytonberg, SC 06806', '229 Hauck Circle Suite 402\nOdieland, NJ 45009-3959', 30.97369000, 31.91734900, 'PH-6045429', 'Madeline Ritchie', 'LIC-7489015', '08:00:00', '22:00:00', 1, NULL, '2025-11-17 08:20:16', '2025-11-17 08:20:16'),
	(56, 1, 113, 'Conroy LLC Pharmacy', '925-983-0241', 'valerie.mohr@example.com', '56430 Quinn Springs\nUniqueville, ID 72556-0754', '77146 Daugherty Shores\nSouth Sadiefurt, NE 38040-4936', 30.26342600, 31.96338200, 'PH-2821917', 'Mathias Vandervort', 'LIC-5759945', '08:00:00', '22:00:00', 1, 'Ut molestiae iure quas perferendis maxime.', '2025-11-17 08:20:16', '2025-11-17 08:20:16'),
	(57, 1, 19, 'Pfeffer Inc Pharmacy', '(870) 539-8771', 'annabell31@example.net', '989 Stamm Curve Suite 662\nWalshchester, DE 46406', '74931 Terry Prairie\nWest Marcelshire, WY 16344', 31.12816400, 32.11836000, 'PH-9030595', 'Rogers Volkman', 'LIC-1375320', '08:00:00', '22:00:00', 1, NULL, '2025-11-17 08:20:16', '2025-11-17 08:20:16'),
	(58, 1, 71, 'Gleichner Ltd Pharmacy', '412-595-1585', 'rice.justice@example.net', '2468 Jonathan Drives\nMarcusmouth, CA 53607', '571 Reva Route\nNorth Arturo, DE 57697', 30.57567300, 29.22240900, 'PH-4188230', 'Dr. Leif Turcotte II', 'LIC-1985654', '08:00:00', '22:00:00', 1, NULL, '2025-11-17 08:20:16', '2025-11-17 08:20:16'),
	(59, 1, 53, 'Kerluke-Gutkowski Pharmacy', '651-481-5687', 'nlarson@example.org', '237 Reynolds Shores\nNew Deborahshire, ID 43317-6711', '217 Waters Lane\nChristopheburgh, AK 24074', 30.09233500, 29.40979400, 'PH-5226626', 'Connie Padberg', 'LIC-6883495', '08:00:00', '22:00:00', 1, NULL, '2025-11-17 08:20:16', '2025-11-17 08:20:16'),
	(60, 1, 8, 'Casper-Auer Pharmacy', '+1 (219) 903-1872', 'gdamore@example.org', '987 Abbigail Pine\nEast Clovis, AZ 35505-4065', '4990 Sibyl Forest Suite 293\nO\'Reillyberg, VT 82961-5071', 30.10695800, 30.85294000, 'PH-8246889', 'Zackary Reynolds', 'LIC-1697980', '08:00:00', '22:00:00', 1, NULL, '2025-11-17 08:20:16', '2025-11-17 08:20:16'),
	(61, 1, 58, 'Altenwerth-Bruen Pharmacy', '520-314-6112', 'brielle60@example.com', '5030 Sadye Mountains\nGloverview, MO 30616-5944', '24570 Gaylord Summit\nWest Elias, WV 56320-7438', 30.40731900, 31.51732800, 'PH-2332656', 'Ryleigh Casper', 'LIC-6966784', '08:00:00', '22:00:00', 1, 'Tenetur facere similique non dolores voluptates ad mollitia.', '2025-11-17 08:20:16', '2025-11-17 08:20:16'),
	(62, 15, NULL, 'Kub-Zulauf Pharmacy', '308.949.5884', 'lila.barton@example.com', '434 Barrows River Suite 049\nRippinbury, DC 81034', '921 Barrows Roads Suite 534\nEast Dominique, DC 92223-1518', 30.04664000, 30.06607200, 'PH-0452040', 'Zelda Altenwerth', 'LIC-6123239', '08:00:00', '22:00:00', 1, 'Sit aut eum nulla itaque necessitatibus.', '2025-11-21 16:30:14', '2025-11-21 16:30:14'),
	(63, 58, NULL, 'Willms, Schmitt and Marvin Pharmacy', '347.681.1095', 'winnifred97@example.com', '89564 Brooks Roads Suite 328\nWest Loyalton, AK 37760', '22468 Wiegand Stravenue Suite 430\nEast Mack, ND 25556', 31.18301000, 32.22340800, 'PH-3069047', 'Luis Morissette', 'LIC-7932082', '08:00:00', '22:00:00', 1, NULL, '2025-11-21 16:30:14', '2025-11-21 16:30:14'),
	(64, 12, 204, 'Reichel Inc Pharmacy', '+1-507-875-1489', 'swaniawski.maureen@example.net', '6544 Isabel Club Apt. 428\nLake Adolfoville, PA 36714-1112', '9134 Gene Valley\nNew Isabelchester, VT 82942', 31.46246200, 30.77650200, 'PH-5126996', 'Miss Kattie Balistreri', 'LIC-9259688', '08:00:00', '22:00:00', 1, 'Adipisci iste et nisi facere voluptatem consequatur.', '2025-11-21 16:30:14', '2025-11-21 16:30:14'),
	(65, 10, NULL, 'Halvorson, Predovic and Nicolas Pharmacy', '+14754492865', 'mellie57@example.net', '32166 Garret Terrace Apt. 811\nNew Bertram, NE 62020', '48193 Clemmie Fort\nNorth Earnestine, WA 12209', 31.02682300, 29.17553800, 'PH-7694972', 'Dr. Frieda Little', 'LIC-2823815', '08:00:00', '22:00:00', 1, NULL, '2025-11-21 16:30:14', '2025-11-21 16:30:14'),
	(66, 56, NULL, 'Monahan Inc Pharmacy', '+1.813.682.6579', 'hintz.meagan@example.com', '7346 Adonis Locks\nNorth Nakia, MN 83458', '2432 Jacobson Street\nGiamouth, RI 92058-2652', 30.49390600, 31.10872600, 'PH-0265225', 'Domingo Predovic', 'LIC-7478123', '08:00:00', '22:00:00', 1, 'Est ex inventore in enim sed ipsum accusantium.', '2025-11-21 16:30:14', '2025-11-21 16:30:14'),
	(67, 21, NULL, 'Beier-McLaughlin Pharmacy', '445.628.9248', 'schulist.abigail@example.net', '67401 Quitzon Mission\nJerrellview, WY 44874-6430', '7557 Rolfson Rapids\nZiemechester, GA 16101-1517', 31.49913900, 31.50466800, 'PH-6212283', 'Prof. Lottie Abernathy II', 'LIC-2214741', '08:00:00', '22:00:00', 1, NULL, '2025-11-21 16:30:14', '2025-11-21 16:30:14'),
	(68, 34, 207, 'Watsica-Denesik Pharmacy', '678.849.3704', 'vcorkery@example.net', '90410 Kim Villages\nSouth Karianne, OR 27101-6272', '4840 Terrence Flats Suite 256\nAsachester, GA 84253-7028', 31.16522700, 30.61085800, 'PH-3577187', 'Dr. Craig Kessler I', 'LIC-1281460', '08:00:00', '22:00:00', 1, 'Consequatur libero repudiandae molestiae.', '2025-11-21 16:30:14', '2025-11-21 16:30:14'),
	(69, 36, NULL, 'Yost-Bailey Pharmacy', '+1-774-286-0108', 'bahringer.shanna@example.com', '7662 Heller Place\nWest Kaleigh, OH 47131-7508', '80312 Tamia Center Suite 977\nPurdyport, NJ 84778', 30.49783100, 32.37637600, 'PH-8343580', 'Dr. Casimir Howell IV', 'LIC-6690501', '08:00:00', '22:00:00', 1, NULL, '2025-11-21 16:30:14', '2025-11-21 16:30:14'),
	(70, 29, 167, 'Kirlin-Aufderhar Pharmacy', '341.807.4981', 'sandra.wehner@example.com', '541 Gleichner Street Suite 446\nNorth Nelson, IN 21188-2733', '8960 Liliane Extension\nCaesarmouth, MA 10699', 31.43199000, 31.27353900, 'PH-8777313', 'Naomi Kilback', 'LIC-7800552', '08:00:00', '22:00:00', 1, 'Eum eveniet itaque atque illo delectus adipisci.', '2025-11-21 16:30:14', '2025-11-21 16:30:14'),
	(71, 40, 126, 'Tillman-Walter Pharmacy', '+1.972.677.1890', 'deckow.rigoberto@example.org', '506 Hirthe Haven Apt. 662\nEast Kaitlyn, AZ 04725-2135', '4740 Marcella Mall Apt. 678\nKatherinehaven, RI 96651', 31.21935100, 32.59983300, 'PH-6960937', 'Gerard Kub', 'LIC-0780342', '08:00:00', '22:00:00', 1, 'Facilis magni veritatis cupiditate minus.', '2025-11-21 16:30:14', '2025-11-21 16:30:14'),
	(72, 22, 204, 'Senger-Hodkiewicz Pharmacy', '606-944-5133', 'orogahn@example.org', '9199 Jena Branch Apt. 433\nLaneytown, WV 22147-1314', '3864 Hills Extensions Suite 296\nMaggioport, CA 45010', 31.22797100, 30.91089200, 'PH-1547127', 'Marcel Feil', 'LIC-1045608', '08:00:00', '22:00:00', 1, 'Tenetur reprehenderit reprehenderit molestiae nobis.', '2025-11-21 16:30:14', '2025-11-21 16:30:14'),
	(73, 48, 29, 'Bergnaum, Bergnaum and Schaden Pharmacy', '430-778-7872', 'senger.lucio@example.org', '601 Avis Turnpike Apt. 949\nSouth Tre, WA 49765-2999', '449 Selina Ridge\nCartwrightport, MI 89150-2262', 30.24120900, 30.88322600, 'PH-8006341', 'Carolyn Walter', 'LIC-5095014', '08:00:00', '22:00:00', 1, 'Et fugit reiciendis non non.', '2025-11-21 16:30:14', '2025-11-21 16:30:14'),
	(74, 50, 314, 'Gutmann Group Pharmacy', '346-888-8468', 'jovan91@example.org', '752 Nicolas Key Apt. 260\nNew Marlee, SC 64248', '443 Isadore Locks Apt. 950\nNorth Amelietown, IN 58796-3678', 31.27918300, 29.91913000, 'PH-4717355', 'Syble Gutkowski', 'LIC-0941178', '08:00:00', '22:00:00', 0, 'Animi in rerum non culpa.', '2025-11-21 16:30:14', '2025-11-21 16:30:14'),
	(75, 45, NULL, 'Kautzer-Olson Pharmacy', '716.527.0438', 'jalyn.heathcote@example.net', '35083 Baumbach Square Suite 740\nPort Callie, OK 15091', '38059 Brown Crossroad Apt. 156\nPort Meredith, CT 52662', 31.01951300, 29.24772300, 'PH-9951684', 'Leonor Hansen', 'LIC-8644212', '08:00:00', '22:00:00', 1, 'Et exercitationem repudiandae nobis a.', '2025-11-21 16:30:14', '2025-11-21 16:30:14'),
	(76, 59, 112, 'Turner, Labadie and Wolff Pharmacy', '702.414.9448', 'althea67@example.com', '92297 Miguel River Apt. 454\nNorth Marianamouth, VA 29436', '5535 Name Mills Suite 095\nLake Sally, IA 18945', 30.22758200, 32.45646800, 'PH-3406286', 'Prof. Kattie Crona', 'LIC-5278318', '08:00:00', '22:00:00', 1, NULL, '2025-11-21 16:30:14', '2025-11-21 16:30:14'),
	(77, 60, NULL, 'Upton Ltd Pharmacy', '+1-352-281-9409', 'lisandro32@example.com', '4307 Runte Grove Suite 836\nOlsonborough, IA 40777', '9625 Darren Inlet\nSouth Deniston, NV 76263', 30.30159100, 31.12259000, 'PH-0135864', 'Prof. Raina Kshlerin II', 'LIC-0383858', '08:00:00', '22:00:00', 1, NULL, '2025-11-21 16:30:14', '2025-11-21 16:30:14'),
	(78, 50, NULL, 'Bartell, Lebsack and Yost Pharmacy', '+1 (973) 217-0940', 'green.bell@example.net', '8722 Otho Isle Apt. 097\nNorth Rosinastad, WA 38656', '40751 Shana Ford\nSouth Cletusstad, AK 91123-2244', 30.63460200, 30.35871200, 'PH-3811698', 'Aglae Bogan', 'LIC-5905306', '08:00:00', '22:00:00', 1, NULL, '2025-11-21 16:30:14', '2025-11-21 16:30:14'),
	(79, 56, NULL, 'Gorczany, Dooley and Bechtelar Pharmacy', '1-564-628-7493', 'iprice@example.net', '6409 Ellsworth Views Suite 093\nDinaview, NC 59997', '215 Rice Lake\nGutmannfurt, CA 20694', 31.47316300, 29.50380200, 'PH-9872007', 'Mr. Tyree Harber', 'LIC-3254290', '08:00:00', '22:00:00', 1, 'Culpa magni culpa quae quia sit.', '2025-11-21 16:30:14', '2025-11-21 16:30:14'),
	(80, 61, 92, 'Kirlin-Gleason Pharmacy', '757-523-0015', 'ccronin@example.net', '52630 Walsh Vista Apt. 322\nNew Skye, KS 64922-2746', '57784 Thiel Glen\nBeattyborough, VA 31936', 30.50569800, 32.13728900, 'PH-7909127', 'Nikki Abbott', 'LIC-8182474', '08:00:00', '22:00:00', 0, 'Dolorem necessitatibus necessitatibus ut voluptas fuga.', '2025-11-21 16:30:14', '2025-11-21 16:30:14'),
	(81, 24, NULL, 'Stroman, Hills and Abshire Pharmacy', '743-320-0386', 'catharine70@example.com', '138 O\'Conner Overpass\nSouth Sally, CA 68230', '6767 Feil Villages\nEast Dominique, AZ 92614-4517', 31.03100700, 29.52269000, 'PH-6877199', 'Jerod Dicki', 'LIC-0441961', '08:00:00', '22:00:00', 1, 'Veniam quod animi sed fuga possimus quae iure.', '2025-11-21 16:30:14', '2025-11-21 16:30:14'),
	(82, 46, 52, 'Fay-Greenholt Pharmacy', '689.586.8157', 'napoleon.keebler@example.com', '596 Okuneva Route\nSporershire, NE 59985', '8405 Pinkie Forks\nLake Kaycee, IA 62463-6214', 30.73999800, 31.32980500, 'PH-1455261', 'Mrs. Opal Sauer', 'LIC-5587625', '08:00:00', '22:00:00', 1, 'Fugit ea est deleniti animi ea dolor.', '2025-11-21 16:30:14', '2025-11-21 16:30:14'),
	(83, 22, 41, 'Gerlach-Hodkiewicz Pharmacy', '+1.423.649.6159', 'linwood64@example.com', '510 Geraldine View\nBoton, MA 48203', '942 Aufderhar Stravenue\nPort Estella, WY 55278-1882', 30.15096800, 29.08515700, 'PH-1046870', 'Jacques Mohr', 'LIC-0981075', '08:00:00', '22:00:00', 1, NULL, '2025-11-21 16:30:14', '2025-11-21 16:30:14'),
	(84, 34, NULL, 'Nolan, Gleichner and Mosciski Pharmacy', '1-628-580-8520', 'reynolds.jonathan@example.net', '616 Laron Mission\nCandaceberg, AR 92212', '48480 Lavonne Alley\nWilsonchester, WV 73481-9556', 30.76633200, 31.51861100, 'PH-9911109', 'Jaida Stark IV', 'LIC-9057147', '08:00:00', '22:00:00', 1, 'Quia doloribus optio ea ipsa dolorum suscipit.', '2025-11-21 16:30:14', '2025-11-21 16:30:14'),
	(85, 37, 127, 'O\'Reilly Group Pharmacy', '904-628-4769', 'maya36@example.com', '42660 Berge Parkway\nBradlyburgh, LA 42298', '87653 Mario Plains Suite 229\nPort Kareem, CO 10252', 31.31487400, 30.96682800, 'PH-3308680', 'Prof. Gretchen Beer III', 'LIC-4930046', '08:00:00', '22:00:00', 1, NULL, '2025-11-21 16:30:14', '2025-11-21 16:30:14'),
	(86, 57, 125, 'Moen-Considine Pharmacy', '+1 (769) 923-0826', 'bbraun@example.com', '51971 Deja Point\nGorczanyburgh, ND 98102', '450 Considine Path\nLizahaven, WA 92013-0120', 31.47326300, 30.58390400, 'PH-1598365', 'Pearline Stracke', 'LIC-9190352', '08:00:00', '22:00:00', 1, NULL, '2025-11-21 16:30:14', '2025-11-21 16:30:14'),
	(87, 1, NULL, 'Pacocha, Crooks and Schroeder Pharmacy', '254-807-4100', 'kacey75@example.net', '212 Wisozk Islands Suite 929\nEribertoville, CO 40392', '83598 Abbey Parkways\nSengerburgh, NV 80349-6093', 31.08626900, 32.60269900, 'PH-5523812', 'Heaven Prohaska', 'LIC-3784190', '08:00:00', '22:00:00', 1, 'Numquam natus nam adipisci quidem.', '2025-11-21 16:30:14', '2025-11-21 16:30:14'),
	(88, 49, NULL, 'Kuhn-Labadie Pharmacy', '+1 (220) 824-5192', 'kris.kaley@example.net', '65039 Kuhlman Spurs\nHomenickfort, WV 83455-0425', '86306 Eliza Trace\nZackshire, SD 05864-5553', 31.48686700, 31.62494100, 'PH-9494357', 'Prof. Keyon Cruickshank', 'LIC-9823927', '08:00:00', '22:00:00', 0, 'Quia qui suscipit doloremque ullam voluptatem in et.', '2025-11-21 16:30:14', '2025-11-21 16:30:14'),
	(89, 5, 211, 'Gerlach, Torp and Hackett Pharmacy', '+1-938-833-6075', 'reichel.jaquan@example.net', '59494 Monserrat Junction Suite 883\nLake Brianafurt, UT 19710-2805', '81534 Cordie Summit\nPfeffershire, WV 27396', 30.66166000, 32.15620700, 'PH-3033173', 'Ruben Mayert', 'LIC-1706289', '08:00:00', '22:00:00', 1, NULL, '2025-11-21 16:30:14', '2025-11-21 16:30:14'),
	(90, 9, 137, 'Jenkins-Thiel Pharmacy', '360.760.5455', 'alana.pfeffer@example.com', '68576 Welch Tunnel Apt. 711\nHuelsfort, AK 86454', '39324 Vincent Park Apt. 640\nShaynatown, KY 24924', 30.60756100, 29.23435700, 'PH-0518376', 'Herman Corwin V', 'LIC-6645202', '08:00:00', '22:00:00', 1, 'Vel non qui laboriosam dolor autem aperiam illum.', '2025-11-21 16:30:14', '2025-11-21 16:30:14'),
	(91, 7, 183, 'Rodriguez-Abshire Pharmacy', '510.248.1964', 'nash99@example.net', '999 Devonte Corners Apt. 981\nBransonborough, OH 10198-5209', '6254 Fritsch Grove\nKeyshawnborough, DE 39377-9098', 30.54603400, 29.02272700, 'PH-3582752', 'Miss Era Jacobson DDS', 'LIC-9448142', '08:00:00', '22:00:00', 1, 'Et at reprehenderit itaque esse.', '2025-11-21 16:30:14', '2025-11-21 16:30:14'),
	(92, 22, NULL, 'Johnston and Sons Pharmacy', '239-387-9340', 'hailey91@example.com', '663 Lindgren Mission Suite 404\nJaydechester, WA 60626-6784', '42540 Hermina Wells Apt. 167\nLake Pablo, VT 06352', 30.78914900, 30.30347900, 'PH-0081652', 'Brandyn Runolfsson DVM', 'LIC-4336220', '08:00:00', '22:00:00', 1, NULL, '2025-11-25 12:46:08', '2025-11-25 12:46:08'),
	(93, 74, 113, 'Kunze, Herman and Kuphal Pharmacy', '1-323-330-0664', 'ilueilwitz@example.org', '628 Buckridge Shores Suite 294\nLake Reilly, CT 57894-3570', '545 Darrin Prairie Suite 718\nBryonberg, MD 75717', 30.76410500, 32.06444000, 'PH-7346076', 'Ima Beahan', 'LIC-7518202', '08:00:00', '22:00:00', 1, NULL, '2025-11-25 12:46:08', '2025-11-25 12:46:08'),
	(94, 80, NULL, 'Kiehn-Walter Pharmacy', '+1-425-382-5581', 'iwilkinson@example.net', '967 Boehm Mission Suite 864\nRyanville, MD 45448-6724', '208 Kurt Hills Suite 200\nCarolanneport, WA 47957-9086', 31.28111200, 29.38231600, 'PH-5688432', 'Gerardo Botsford', 'LIC-8420823', '08:00:00', '22:00:00', 0, 'Quaerat totam consectetur dignissimos ut in beatae.', '2025-11-25 12:46:08', '2025-11-25 12:46:08'),
	(95, 74, NULL, 'Stokes, Steuber and Bergstrom Pharmacy', '+1-458-810-9935', 'robel.fatima@example.com', '44210 D\'Amore Unions Apt. 887\nLincolntown, KS 25705-9440', '730 Sauer Landing Suite 306\nWest Jewell, UT 84728', 30.62065900, 32.36144600, 'PH-1259594', 'Mr. Nat Skiles DVM', 'LIC-4654732', '08:00:00', '22:00:00', 1, 'Mollitia molestiae quae qui temporibus est molestiae non.', '2025-11-25 12:46:08', '2025-11-25 12:46:08'),
	(96, 82, 114, 'Dach PLC Pharmacy', '228.510.8803', 'ryan.flossie@example.org', '55298 Waters Fort\nWest Peyton, MA 86063', '30952 McGlynn Turnpike Apt. 133\nSouth Edenview, MS 90580', 31.19036900, 31.92956200, 'PH-9937885', 'Linwood Terry', 'LIC-3920027', '08:00:00', '22:00:00', 0, 'Eum perferendis sed saepe omnis odio earum non.', '2025-11-25 12:46:08', '2025-11-25 12:46:08'),
	(97, 2, 35, 'Hettinger Group Pharmacy', '(814) 870-6508', 'owisozk@example.org', '19816 Bogisich Crossroad Apt. 819\nKilbackfurt, AR 20229', '65740 Grady Summit\nLowellmouth, AR 02289', 31.19043000, 32.78215900, 'PH-8890538', 'Emmanuelle Tromp', 'LIC-1949496', '08:00:00', '22:00:00', 1, NULL, '2025-11-25 12:46:08', '2025-11-25 12:46:08'),
	(98, 78, NULL, 'Corkery, O\'Kon and Reinger Pharmacy', '+1.661.914.2583', 'matilde.greenholt@example.com', '73462 Otha Trail\nNew Aliaside, TX 74529', '87045 Reilly Oval Suite 933\nSmithamside, MA 85459-0685', 30.87291600, 30.13456900, 'PH-2740941', 'Claud Funk', 'LIC-0146704', '08:00:00', '22:00:00', 1, NULL, '2025-11-25 12:46:08', '2025-11-25 12:46:08'),
	(99, 54, NULL, 'Simonis, Larkin and Lueilwitz Pharmacy', '+1-662-592-0920', 'vbins@example.net', '277 Roob Spring\nPort Judyville, WI 67193', '86415 Destany Unions Apt. 244\nWillview, NY 35838-7258', 30.00443400, 29.78038700, 'PH-4144365', 'Dr. Lloyd Jenkins PhD', 'LIC-5703483', '08:00:00', '22:00:00', 1, 'Pariatur cum quas dolorem quia beatae.', '2025-11-25 12:46:08', '2025-11-25 12:46:08'),
	(100, 57, 40, 'O\'Keefe-Botsford Pharmacy', '+1-260-478-9811', 'arlene10@example.net', '1979 Mya Curve\nLake Ozella, VT 12981', '96985 Sven Pike Suite 287\nHickleport, AL 01008-0121', 30.25781100, 32.66664100, 'PH-0886707', 'Lorena Hoppe II', 'LIC-9769003', '08:00:00', '22:00:00', 1, 'Aperiam rerum rerum recusandae placeat facere voluptatem perspiciatis.', '2025-11-25 12:46:08', '2025-11-25 12:46:08'),
	(101, 81, NULL, 'Emmerich Ltd Pharmacy', '+1-330-440-5435', 'fjohnston@example.com', '502 Allie Ports\nEast Enrique, LA 88106', '52001 Sanford Inlet Suite 444\nEast Oral, ID 92258-6242', 31.39351300, 29.74392200, 'PH-8904240', 'Asia McDermott V', 'LIC-3230718', '08:00:00', '22:00:00', 1, 'Voluptates perspiciatis necessitatibus qui aliquid consectetur fuga dolore.', '2025-11-25 12:46:08', '2025-11-25 12:46:08'),
	(102, 42, 112, 'Pollich, Sporer and Bailey Pharmacy', '+1 (725) 209-5175', 'jenkins.michel@example.org', '380 Treutel Trail\nPort Emileborough, IN 29706-1726', '95011 Legros Valleys Apt. 054\nNorth Karleeberg, MA 49076', 31.13646800, 30.55357500, 'PH-2112488', 'Prof. Kaci Upton MD', 'LIC-1463862', '08:00:00', '22:00:00', 1, NULL, '2025-11-25 12:46:08', '2025-11-25 12:46:08'),
	(103, 86, NULL, 'Abernathy-Stoltenberg Pharmacy', '414.562.1254', 'schaden.heaven@example.net', '861 Schneider Harbors Apt. 940\nAltatown, CA 22189-9038', '60225 Cummerata Valley\nPort Johnnieport, SD 81949', 30.01060900, 31.50354100, 'PH-6615420', 'Jayne Greenholt', 'LIC-1333410', '08:00:00', '22:00:00', 0, 'Natus suscipit rem sit non vel consequatur sint.', '2025-11-25 12:46:08', '2025-11-25 12:46:08'),
	(104, 13, 119, 'Koepp, Cole and Mertz Pharmacy', '385.222.7348', 'elise94@example.net', '61182 Stehr Knoll\nDooleyshire, MT 25892-2802', '503 Dario Square\nTownechester, SD 73669-4438', 31.37751300, 29.80694100, 'PH-8964435', 'Dr. Adele Prohaska', 'LIC-8724184', '08:00:00', '22:00:00', 1, 'Velit deleniti et veritatis nisi voluptates.', '2025-11-25 12:46:08', '2025-11-25 12:46:08'),
	(105, 71, 191, 'Lowe, Zemlak and Mraz Pharmacy', '(801) 639-7146', 'yost.buford@example.com', '47860 Trudie Flats Apt. 424\nNienowmouth, OH 50360', '36213 Idella Harbors\nLake Novellamouth, ME 77177', 30.31868700, 30.96018500, 'PH-9319855', 'Delfina Huels', 'LIC-9216303', '08:00:00', '22:00:00', 1, NULL, '2025-11-25 12:46:08', '2025-11-25 12:46:08'),
	(106, 76, 116, 'Roberts-Goyette Pharmacy', '1-779-451-8416', 'ratke.sofia@example.com', '16166 Mylene Mountains\nLake Harley, KS 04449-5534', '668 Fleta Loaf Suite 104\nKassulkebury, NM 44032', 30.05973000, 31.85224800, 'PH-4944871', 'Peggie Spencer', 'LIC-4666629', '08:00:00', '22:00:00', 1, 'Rerum error quis maxime ducimus corrupti aperiam rerum qui.', '2025-11-25 12:46:08', '2025-11-25 12:46:08'),
	(107, 19, 11, 'Kilback, Schneider and Schmeler Pharmacy', '+1-850-500-1914', 'dorthy.hills@example.org', '590 Titus Point Apt. 917\nNorth Trinityhaven, AZ 18467', '665 Carrie Passage Suite 418\nWest Kelvinberg, OH 73681-1218', 30.77143100, 31.28255100, 'PH-3946447', 'Marjory Casper', 'LIC-3857063', '08:00:00', '22:00:00', 1, NULL, '2025-11-25 12:46:08', '2025-11-25 12:46:08'),
	(108, 49, NULL, 'Parisian-Hammes Pharmacy', '+1 (929) 517-2862', 'soledad.stracke@example.org', '8382 Marina Cliff Apt. 459\nNew Tyrel, NC 45494-4305', '96180 Marquardt Throughway\nNorth Chandlertown, WA 12903-8899', 30.59907000, 32.30043000, 'PH-2499535', 'Miss Elna Hamill II', 'LIC-8361762', '08:00:00', '22:00:00', 1, NULL, '2025-11-25 12:46:08', '2025-11-25 12:46:08'),
	(109, 31, NULL, 'Stroman-Champlin Pharmacy', '930-798-4772', 'fpredovic@example.net', '4790 Maryjane Overpass\nTadmouth, RI 06389-2144', '4009 Block Prairie\nWest Elliot, AZ 42584-6580', 30.60550200, 30.68307700, 'PH-8771795', 'Devin Abernathy', 'LIC-0601512', '08:00:00', '22:00:00', 1, NULL, '2025-11-25 12:46:08', '2025-11-25 12:46:08'),
	(110, 57, NULL, 'Thompson, Homenick and Haag Pharmacy', '207-234-9455', 'kmonahan@example.net', '409 Lavinia Village\nSouth Johannmouth, MA 94172-5060', '37288 Unique Canyon\nDuaneburgh, DC 47367-3247', 30.08321000, 31.68993900, 'PH-8062438', 'Mrs. Marietta Cole V', 'LIC-3376288', '08:00:00', '22:00:00', 1, 'Dolores in omnis et laboriosam nihil dolorum.', '2025-11-25 12:46:08', '2025-11-25 12:46:08'),
	(111, 11, NULL, 'Runte-Pfeffer Pharmacy', '1-774-273-7816', 'nikolaus.aliya@example.net', '2997 Murray Rest\nO\'Connellview, SD 30167', '80941 Myrl Spring\nCarlosburgh, ME 40328', 30.72849800, 31.96650200, 'PH-7862161', 'Courtney Hessel', 'LIC-6554903', '08:00:00', '22:00:00', 1, 'Reiciendis similique ex et aut totam.', '2025-11-25 12:46:08', '2025-11-25 12:46:08'),
	(112, 92, NULL, 'Bernhard, Considine and Mann Pharmacy', '541.263.9816', 'opal.collier@example.net', '394 Buckridge Island Apt. 101\nLlewellynfort, UT 37896', '641 Weissnat Plains\nAnaisberg, VA 08985', 31.48881800, 32.84184100, 'PH-7020402', 'Candice Batz', 'LIC-7175518', '08:00:00', '22:00:00', 1, NULL, '2025-11-25 12:46:08', '2025-11-25 12:46:08'),
	(113, 81, NULL, 'Rippin-Mertz Pharmacy', '+1.585.543.0935', 'easter03@example.com', '577 Hoppe Ports\nLake Caroline, WV 28150-8426', '378 Mathew Lake Suite 515\nHackettview, IN 44810-4095', 31.31074200, 30.35205500, 'PH-3734365', 'Conner Hudson', 'LIC-8530314', '08:00:00', '22:00:00', 1, NULL, '2025-11-25 12:46:08', '2025-11-25 12:46:08'),
	(114, 74, NULL, 'Morar, Marvin and Farrell Pharmacy', '240-905-4084', 'xbauch@example.org', '184 Kilback Key\nAliyahbury, DE 09483', '50340 Murphy Vista Suite 552\nWest Sylvestertown, DC 84171', 30.70667100, 32.50857700, 'PH-8955763', 'Jannie Herzog', 'LIC-2077561', '08:00:00', '22:00:00', 1, 'Laudantium officiis dolorem et totam.', '2025-11-25 12:46:08', '2025-11-25 12:46:08'),
	(115, 48, 39, 'Dare-Bashirian Pharmacy', '+1 (775) 579-2942', 'stokes.rex@example.net', '548 Stoltenberg Forges Apt. 821\nWest Jaquelinebury, MI 81686-4336', '17037 Gregorio Divide Suite 101\nSouth Karianeview, UT 60738', 31.17122700, 31.74156200, 'PH-9880038', 'Pauline Hudson', 'LIC-6281506', '08:00:00', '22:00:00', 0, 'Voluptatum excepturi aut nisi et.', '2025-11-25 12:46:08', '2025-11-25 12:46:08'),
	(116, 88, 124, 'Kling PLC Pharmacy', '+19806858016', 'laney04@example.org', '48706 Rosamond Groves Suite 500\nEichmannstad, ID 33421-4528', '956 Virginie Expressway\nPort Otiliabury, GA 16537-9015', 30.90147900, 29.01877100, 'PH-8182588', 'Ms. Caroline Barrows MD', 'LIC-2404366', '08:00:00', '22:00:00', 1, 'Harum pariatur beatae unde unde cum in omnis.', '2025-11-25 12:46:08', '2025-11-25 12:46:08'),
	(117, 80, NULL, 'Watsica-Hill Pharmacy', '+17064226600', 'tracey.feest@example.com', '73775 Simonis Divide Apt. 218\nLake Keon, DC 06359', '786 Maggio Summit Suite 065\nWest Jamalton, LA 48689-0924', 30.03830600, 31.82384700, 'PH-5719206', 'Janiya Nader', 'LIC-3273385', '08:00:00', '22:00:00', 1, NULL, '2025-11-25 12:46:08', '2025-11-25 12:46:08'),
	(118, 31, NULL, 'Daugherty PLC Pharmacy', '918-222-0848', 'elroy.schinner@example.net', '151 Stiedemann Crest Suite 246\nDeckowfurt, WA 51243-6482', '79904 Waters Manors\nEberthaven, IL 93713-2554', 30.38017300, 29.56548500, 'PH-1259587', 'Bernardo Leannon', 'LIC-1475946', '08:00:00', '22:00:00', 1, NULL, '2025-11-25 12:46:08', '2025-11-25 12:46:08'),
	(119, 29, NULL, 'Fay, Oberbrunner and Ondricka Pharmacy', '878.290.0217', 'coby.langworth@example.net', '633 Kemmer Inlet Suite 397\nLake Joshuahburgh, AK 46568-3088', '68849 Ryleigh Radial Apt. 352\nNew Izaiahport, CA 12430-1820', 31.34809400, 29.16882500, 'PH-1501068', 'Arlie Effertz', 'LIC-7996693', '08:00:00', '22:00:00', 1, NULL, '2025-11-25 12:46:08', '2025-11-25 12:46:08'),
	(120, 42, 222, 'Nienow Inc Pharmacy', '1-806-708-4415', 'gutkowski.kailee@example.org', '13683 Ruben Estates Apt. 101\nLittlehaven, DE 18420', '69326 Thomas Key\nPort Chasityhaven, KY 25129', 30.49309500, 32.55322400, 'PH-7570224', 'Krystal Hyatt', 'LIC-7489521', '08:00:00', '22:00:00', 1, NULL, '2025-11-25 12:46:08', '2025-11-25 12:46:08'),
	(121, 33, 169, 'Beahan Inc Pharmacy', '(564) 838-8721', 'amya.borer@example.net', '8042 Larkin Expressway\nWest Laurine, LA 50340', '92211 Angus Cove Suite 852\nLake Camren, OK 21824', 30.61260100, 29.47680300, 'PH-0589973', 'Dr. Camryn Mitchell III', 'LIC-1908552', '08:00:00', '22:00:00', 1, 'Nobis dicta quia consequatur sint accusantium dolor sed vitae.', '2025-11-25 12:46:08', '2025-11-25 12:46:08');

-- Dumping structure for table rosheta.pharmacy_agents
CREATE TABLE IF NOT EXISTS `pharmacy_agents` (
  `id` bigint unsigned NOT NULL AUTO_INCREMENT,
  `pharmacy_id` bigint unsigned NOT NULL,
  `name` varchar(255) COLLATE utf8mb4_unicode_ci NOT NULL,
  `phone` varchar(255) COLLATE utf8mb4_unicode_ci DEFAULT NULL,
  `email` varchar(255) COLLATE utf8mb4_unicode_ci DEFAULT NULL,
  `active` tinyint(1) NOT NULL DEFAULT '1',
  `created_at` timestamp NULL DEFAULT NULL,
  `updated_at` timestamp NULL DEFAULT NULL,
  PRIMARY KEY (`id`),
  KEY `pharmacy_agents_pharmacy_id_foreign` (`pharmacy_id`),
  CONSTRAINT `pharmacy_agents_pharmacy_id_foreign` FOREIGN KEY (`pharmacy_id`) REFERENCES `pharmacies` (`id`) ON DELETE CASCADE
) ENGINE=InnoDB AUTO_INCREMENT=2 DEFAULT CHARSET=utf8mb4 COLLATE=utf8mb4_unicode_ci;

-- Dumping data for table rosheta.pharmacy_agents: ~1 rows (approximately)
INSERT INTO `pharmacy_agents` (`id`, `pharmacy_id`, `name`, `phone`, `email`, `active`, `created_at`, `updated_at`) VALUES
	(1, 1, ' test agent for test pharmacy', '01551095853', 'kimo151944@gmail.com', 1, '2025-11-09 19:47:10', '2025-11-09 19:47:10');

-- Dumping structure for table rosheta.sessions
CREATE TABLE IF NOT EXISTS `sessions` (
  `id` varchar(255) COLLATE utf8mb4_unicode_ci NOT NULL,
  `user_id` bigint unsigned DEFAULT NULL,
  `ip_address` varchar(45) COLLATE utf8mb4_unicode_ci DEFAULT NULL,
  `user_agent` text COLLATE utf8mb4_unicode_ci,
  `payload` longtext COLLATE utf8mb4_unicode_ci NOT NULL,
  `last_activity` int NOT NULL,
  PRIMARY KEY (`id`),
  KEY `sessions_user_id_index` (`user_id`),
  KEY `sessions_last_activity_index` (`last_activity`)
) ENGINE=InnoDB DEFAULT CHARSET=utf8mb4 COLLATE=utf8mb4_unicode_ci;

-- Dumping data for table rosheta.sessions: ~4 rows (approximately)
INSERT INTO `sessions` (`id`, `user_id`, `ip_address`, `user_agent`, `payload`, `last_activity`) VALUES
	('dFa47Z9vGN4OVeGyWytPuTV6fxqQ1YIXNbBimiNV', NULL, '127.0.0.1', 'Mozilla/5.0 (Windows NT 10.0; Win64; x64) AppleWebKit/537.36 (KHTML, like Gecko) Chrome/142.0.0.0 Safari/537.36', 'YTo0OntzOjY6Il90b2tlbiI7czo0MDoiOGV3b2QzUHRjU0NsQ0pla3k4RlIwZm05RmlsSldTcUhFY0l1dkhObCI7czozOiJ1cmwiO2E6MTp7czo4OiJpbnRlbmRlZCI7czoyNToiaHR0cDovL3Jvc2hldGEudGVzdC9hZG1pbiI7fXM6OToiX3ByZXZpb3VzIjthOjI6e3M6MzoidXJsIjtzOjI1OiJodHRwOi8vcm9zaGV0YS50ZXN0L2FkbWluIjtzOjU6InJvdXRlIjtzOjMwOiJmaWxhbWVudC5hZG1pbi5wYWdlcy5kYXNoYm9hcmQiO31zOjY6Il9mbGFzaCI7YToyOntzOjM6Im9sZCI7YTowOnt9czozOiJuZXciO2E6MDp7fX19', 1765318232),
	('ggIBjuLWx3dFisYio56cfVpbL250c9L0lnIWdjv1', 1, '127.0.0.1', 'Mozilla/5.0 (Windows NT 10.0; Win64; x64) AppleWebKit/537.36 (KHTML, like Gecko) Chrome/142.0.0.0 Safari/537.36', 'YTo3OntzOjY6Il90b2tlbiI7czo0MDoidUhuSXlLa1ViZFE4anhtUXdxZmV4aDlnY1lXNFVGUW4zNnhxVFBFZyI7czozOiJ1cmwiO2E6MDp7fXM6OToiX3ByZXZpb3VzIjthOjI6e3M6MzoidXJsIjtzOjMyOiJodHRwOi8vcm9zaGV0YS50ZXN0L2FkbWluL29mZmVycyI7czo1OiJyb3V0ZSI7czozNzoiZmlsYW1lbnQuYWRtaW4ucmVzb3VyY2VzLm9mZmVycy5pbmRleCI7fXM6NjoiX2ZsYXNoIjthOjI6e3M6Mzoib2xkIjthOjA6e31zOjM6Im5ldyI7YTowOnt9fXM6NTA6ImxvZ2luX3dlYl81OWJhMzZhZGRjMmIyZjk0MDE1ODBmMDE0YzdmNThlYTRlMzA5ODlkIjtpOjE7czoxNzoicGFzc3dvcmRfaGFzaF93ZWIiO3M6NjA6IiQyeSQxMiR1Q1FuZ3JpSHdLRmtGelJDaWdCOTNlOTJZTkp2RGhIVS53VUxINFlEYlNlbzdhS0h5S0hocSI7czo2OiJ0YWJsZXMiO2E6NTp7czo0MDoiZDM5ZjdmYmU4MDllNTBhNjRiZjNjNTgyMjdiOGRjNDJfY29sdW1ucyI7YTo1OntpOjA7YTo3OntzOjQ6InR5cGUiO3M6NjoiY29sdW1uIjtzOjQ6Im5hbWUiO3M6MjoiaWQiO3M6NToibGFiZWwiO3M6MjoiSUQiO3M6ODoiaXNIaWRkZW4iO2I6MDtzOjk6ImlzVG9nZ2xlZCI7YjoxO3M6MTI6ImlzVG9nZ2xlYWJsZSI7YjowO3M6MjQ6ImlzVG9nZ2xlZEhpZGRlbkJ5RGVmYXVsdCI7Tjt9aToxO2E6Nzp7czo0OiJ0eXBlIjtzOjY6ImNvbHVtbiI7czo0OiJuYW1lIjtzOjEyOiJjbGllbnRfbGFiZWwiO3M6NToibGFiZWwiO3M6NjoiQ2xpZW50IjtzOjg6ImlzSGlkZGVuIjtiOjA7czo5OiJpc1RvZ2dsZWQiO2I6MTtzOjEyOiJpc1RvZ2dsZWFibGUiO2I6MDtzOjI0OiJpc1RvZ2dsZWRIaWRkZW5CeURlZmF1bHQiO047fWk6MjthOjc6e3M6NDoidHlwZSI7czo2OiJjb2x1bW4iO3M6NDoibmFtZSI7czoxMzoiYWRkcmVzc19sYWJlbCI7czo1OiJsYWJlbCI7czo3OiJBZGRyZXNzIjtzOjg6ImlzSGlkZGVuIjtiOjA7czo5OiJpc1RvZ2dsZWQiO2I6MTtzOjEyOiJpc1RvZ2dsZWFibGUiO2I6MDtzOjI0OiJpc1RvZ2dsZWRIaWRkZW5CeURlZmF1bHQiO047fWk6MzthOjc6e3M6NDoidHlwZSI7czo2OiJjb2x1bW4iO3M6NDoibmFtZSI7czo2OiJzdGF0dXMiO3M6NToibGFiZWwiO3M6NjoiU3RhdHVzIjtzOjg6ImlzSGlkZGVuIjtiOjA7czo5OiJpc1RvZ2dsZWQiO2I6MTtzOjEyOiJpc1RvZ2dsZWFibGUiO2I6MDtzOjI0OiJpc1RvZ2dsZWRIaWRkZW5CeURlZmF1bHQiO047fWk6NDthOjc6e3M6NDoidHlwZSI7czo2OiJjb2x1bW4iO3M6NDoibmFtZSI7czoxMDoiY3JlYXRlZF9hdCI7czo1OiJsYWJlbCI7czoxMDoiQ3JlYXRlZCBhdCI7czo4OiJpc0hpZGRlbiI7YjowO3M6OToiaXNUb2dnbGVkIjtiOjE7czoxMjoiaXNUb2dnbGVhYmxlIjtiOjA7czoyNDoiaXNUb2dnbGVkSGlkZGVuQnlEZWZhdWx0IjtOO319czo0MDoiYzIyMWRiOTljMmYwMGE2OTM3NDk5NjY2NmEzNjRmMjJfY29sdW1ucyI7YTo1OntpOjA7YTo3OntzOjQ6InR5cGUiO3M6NjoiY29sdW1uIjtzOjQ6Im5hbWUiO3M6MTM6Im1lZGljaW5lLm5hbWUiO3M6NToibGFiZWwiO3M6ODoiTWVkaWNpbmUiO3M6ODoiaXNIaWRkZW4iO2I6MDtzOjk6ImlzVG9nZ2xlZCI7YjoxO3M6MTI6ImlzVG9nZ2xlYWJsZSI7YjowO3M6MjQ6ImlzVG9nZ2xlZEhpZGRlbkJ5RGVmYXVsdCI7Tjt9aToxO2E6Nzp7czo0OiJ0eXBlIjtzOjY6ImNvbHVtbiI7czo0OiJuYW1lIjtzOjg6InF1YW50aXR5IjtzOjU6ImxhYmVsIjtzOjg6IlF1YW50aXR5IjtzOjg6ImlzSGlkZGVuIjtiOjA7czo5OiJpc1RvZ2dsZWQiO2I6MTtzOjEyOiJpc1RvZ2dsZWFibGUiO2I6MDtzOjI0OiJpc1RvZ2dsZWRIaWRkZW5CeURlZmF1bHQiO047fWk6MjthOjc6e3M6NDoidHlwZSI7czo2OiJjb2x1bW4iO3M6NDoibmFtZSI7czo0OiJ1bml0IjtzOjU6ImxhYmVsIjtzOjQ6IlVuaXQiO3M6ODoiaXNIaWRkZW4iO2I6MDtzOjk6ImlzVG9nZ2xlZCI7YjoxO3M6MTI6ImlzVG9nZ2xlYWJsZSI7YjowO3M6MjQ6ImlzVG9nZ2xlZEhpZGRlbkJ5RGVmYXVsdCI7Tjt9aTozO2E6Nzp7czo0OiJ0eXBlIjtzOjY6ImNvbHVtbiI7czo0OiJuYW1lIjtzOjU6InByaWNlIjtzOjU6ImxhYmVsIjtzOjU6IlByaWNlIjtzOjg6ImlzSGlkZGVuIjtiOjA7czo5OiJpc1RvZ2dsZWQiO2I6MTtzOjEyOiJpc1RvZ2dsZWFibGUiO2I6MDtzOjI0OiJpc1RvZ2dsZWRIaWRkZW5CeURlZmF1bHQiO047fWk6NDthOjc6e3M6NDoidHlwZSI7czo2OiJjb2x1bW4iO3M6NDoibmFtZSI7czoxMDoibGluZV90b3RhbCI7czo1OiJsYWJlbCI7czoxMDoiTGluZSBUb3RhbCI7czo4OiJpc0hpZGRlbiI7YjowO3M6OToiaXNUb2dnbGVkIjtiOjE7czoxMjoiaXNUb2dnbGVhYmxlIjtiOjA7czoyNDoiaXNUb2dnbGVkSGlkZGVuQnlEZWZhdWx0IjtOO319czo0MDoiOTgyY2Q3MDhjZTRlMzMxY2FiY2YyNDllZGYxNjc5ZTFfY29sdW1ucyI7YToxOntpOjA7YTo3OntzOjQ6InR5cGUiO3M6NjoiY29sdW1uIjtzOjQ6Im5hbWUiO3M6MjQ6Im1lZGljYWxUZXN0LnRlc3RfbmFtZV9lbiI7czo1OiJsYWJlbCI7czoxMjoiTWVkaWNhbCBUZXN0IjtzOjg6ImlzSGlkZGVuIjtiOjA7czo5OiJpc1RvZ2dsZWQiO2I6MTtzOjEyOiJpc1RvZ2dsZWFibGUiO2I6MDtzOjI0OiJpc1RvZ2dsZWRIaWRkZW5CeURlZmF1bHQiO047fX1zOjQwOiJhNGI1MjA4YjU1OTI5MThjNWNkNTU5ZWI5NDgyNjRkN19jb2x1bW5zIjthOjY6e2k6MDthOjc6e3M6NDoidHlwZSI7czo2OiJjb2x1bW4iO3M6NDoibmFtZSI7czoyOiJpZCI7czo1OiJsYWJlbCI7czoyOiJJRCI7czo4OiJpc0hpZGRlbiI7YjowO3M6OToiaXNUb2dnbGVkIjtiOjE7czoxMjoiaXNUb2dnbGVhYmxlIjtiOjA7czoyNDoiaXNUb2dnbGVkSGlkZGVuQnlEZWZhdWx0IjtOO31pOjE7YTo3OntzOjQ6InR5cGUiO3M6NjoiY29sdW1uIjtzOjQ6Im5hbWUiO3M6MTA6InJlcXVlc3QuaWQiO3M6NToibGFiZWwiO3M6NzoiUmVxdWVzdCI7czo4OiJpc0hpZGRlbiI7YjowO3M6OToiaXNUb2dnbGVkIjtiOjE7czoxMjoiaXNUb2dnbGVhYmxlIjtiOjA7czoyNDoiaXNUb2dnbGVkSGlkZGVuQnlEZWZhdWx0IjtOO31pOjI7YTo3OntzOjQ6InR5cGUiO3M6NjoiY29sdW1uIjtzOjQ6Im5hbWUiO3M6MTA6ImFnZW50Lm5hbWUiO3M6NToibGFiZWwiO3M6NToiQWdlbnQiO3M6ODoiaXNIaWRkZW4iO2I6MDtzOjk6ImlzVG9nZ2xlZCI7YjoxO3M6MTI6ImlzVG9nZ2xlYWJsZSI7YjowO3M6MjQ6ImlzVG9nZ2xlZEhpZGRlbkJ5RGVmYXVsdCI7Tjt9aTozO2E6Nzp7czo0OiJ0eXBlIjtzOjY6ImNvbHVtbiI7czo0OiJuYW1lIjtzOjY6InN0YXR1cyI7czo1OiJsYWJlbCI7czo2OiJTdGF0dXMiO3M6ODoiaXNIaWRkZW4iO2I6MDtzOjk6ImlzVG9nZ2xlZCI7YjoxO3M6MTI6ImlzVG9nZ2xlYWJsZSI7YjowO3M6MjQ6ImlzVG9nZ2xlZEhpZGRlbkJ5RGVmYXVsdCI7Tjt9aTo0O2E6Nzp7czo0OiJ0eXBlIjtzOjY6ImNvbHVtbiI7czo0OiJuYW1lIjtzOjExOiJ0b3RhbF9wcmljZSI7czo1OiJsYWJlbCI7czoxMToiVG90YWwgcHJpY2UiO3M6ODoiaXNIaWRkZW4iO2I6MDtzOjk6ImlzVG9nZ2xlZCI7YjoxO3M6MTI6ImlzVG9nZ2xlYWJsZSI7YjowO3M6MjQ6ImlzVG9nZ2xlZEhpZGRlbkJ5RGVmYXVsdCI7Tjt9aTo1O2E6Nzp7czo0OiJ0eXBlIjtzOjY6ImNvbHVtbiI7czo0OiJuYW1lIjtzOjEwOiJjcmVhdGVkX2F0IjtzOjU6ImxhYmVsIjtzOjEwOiJDcmVhdGVkIGF0IjtzOjg6ImlzSGlkZGVuIjtiOjA7czo5OiJpc1RvZ2dsZWQiO2I6MTtzOjEyOiJpc1RvZ2dsZWFibGUiO2I6MDtzOjI0OiJpc1RvZ2dsZWRIaWRkZW5CeURlZmF1bHQiO047fX1zOjQwOiI3YjA5NjhiZGJmMWQ3ZWYwYzIwNWRjNjQyNTVkZjYxMF9jb2x1bW5zIjthOjQ6e2k6MDthOjc6e3M6NDoidHlwZSI7czo2OiJjb2x1bW4iO3M6NDoibmFtZSI7czoyNDoibWVkaWNhbFRlc3QudGVzdF9uYW1lX2VuIjtzOjU6ImxhYmVsIjtzOjE0OiJUZXN0IE5hbWUgKEVOKSI7czo4OiJpc0hpZGRlbiI7YjowO3M6OToiaXNUb2dnbGVkIjtiOjE7czoxMjoiaXNUb2dnbGVhYmxlIjtiOjA7czoyNDoiaXNUb2dnbGVkSGlkZGVuQnlEZWZhdWx0IjtOO31pOjE7YTo3OntzOjQ6InR5cGUiO3M6NjoiY29sdW1uIjtzOjQ6Im5hbWUiO3M6MjQ6Im1lZGljYWxUZXN0LnRlc3RfbmFtZV9hciI7czo1OiJsYWJlbCI7czoxNDoiVGVzdCBOYW1lIChBUikiO3M6ODoiaXNIaWRkZW4iO2I6MDtzOjk6ImlzVG9nZ2xlZCI7YjoxO3M6MTI6ImlzVG9nZ2xlYWJsZSI7YjowO3M6MjQ6ImlzVG9nZ2xlZEhpZGRlbkJ5RGVmYXVsdCI7Tjt9aToyO2E6Nzp7czo0OiJ0eXBlIjtzOjY6ImNvbHVtbiI7czo0OiJuYW1lIjtzOjU6InByaWNlIjtzOjU6ImxhYmVsIjtzOjU6IlByaWNlIjtzOjg6ImlzSGlkZGVuIjtiOjA7czo5OiJpc1RvZ2dsZWQiO2I6MTtzOjEyOiJpc1RvZ2dsZWFibGUiO2I6MDtzOjI0OiJpc1RvZ2dsZWRIaWRkZW5CeURlZmF1bHQiO047fWk6MzthOjc6e3M6NDoidHlwZSI7czo2OiJjb2x1bW4iO3M6NDoibmFtZSI7czo1OiJub3RlcyI7czo1OiJsYWJlbCI7czo1OiJOb3RlcyI7czo4OiJpc0hpZGRlbiI7YjowO3M6OToiaXNUb2dnbGVkIjtiOjE7czoxMjoiaXNUb2dnbGVhYmxlIjtiOjA7czoyNDoiaXNUb2dnbGVkSGlkZGVuQnlEZWZhdWx0IjtOO319fX0=', 1765309556),
	('Hqf4ZEdw3xpGK6CRXjDaavqXsLsIYwEISWhhwoiW', NULL, '127.0.0.1', 'Mozilla/5.0 (Windows NT 10.0; Win64; x64) AppleWebKit/537.36 (KHTML, like Gecko) Chrome/142.0.0.0 Safari/537.36', 'YTo0OntzOjY6Il90b2tlbiI7czo0MDoiWGo0UG1nWGVITDVrMmE2RUtPcWNiRmZLWGFuS0pUTWpUVVpnemlhUiI7czo5OiJfcHJldmlvdXMiO2E6Mjp7czozOiJ1cmwiO3M6MTk6Imh0dHA6Ly9yb3NoZXRhLnRlc3QiO3M6NToicm91dGUiO3M6Nzoid2VsY29tZSI7fXM6NjoiX2ZsYXNoIjthOjI6e3M6Mzoib2xkIjthOjA6e31zOjM6Im5ldyI7YTowOnt9fXM6NjoibG9jYWxlIjtzOjI6ImFyIjt9', 1765318369),
	('YAq1GAuzS01w8YGqag6cNjbq6bFOzen1BL5tt0NK', 1, '127.0.0.1', 'Mozilla/5.0 (Windows NT 10.0; Win64; x64) AppleWebKit/537.36 (KHTML, like Gecko) Chrome/142.0.0.0 Safari/537.36', 'YTo3OntzOjY6Il90b2tlbiI7czo0MDoiUmpEanpuMW5JdzNPcVI2MjM1aGxHV0FwalhjQlJObjZ0NGR4SGtqbyI7czozOiJ1cmwiO2E6MDp7fXM6OToiX3ByZXZpb3VzIjthOjI6e3M6MzoidXJsIjtzOjQxOiJodHRwOi8vcm9zaGV0YS50ZXN0L2FkbWluL2NsaWVudC1yZXF1ZXN0cyI7czo1OiJyb3V0ZSI7czo0NjoiZmlsYW1lbnQuYWRtaW4ucmVzb3VyY2VzLmNsaWVudC1yZXF1ZXN0cy5pbmRleCI7fXM6NjoiX2ZsYXNoIjthOjI6e3M6Mzoib2xkIjthOjA6e31zOjM6Im5ldyI7YTowOnt9fXM6NTA6ImxvZ2luX3dlYl81OWJhMzZhZGRjMmIyZjk0MDE1ODBmMDE0YzdmNThlYTRlMzA5ODlkIjtpOjE7czoxNzoicGFzc3dvcmRfaGFzaF93ZWIiO3M6NjA6IiQyeSQxMiR1Q1FuZ3JpSHdLRmtGelJDaWdCOTNlOTJZTkp2RGhIVS53VUxINFlEYlNlbzdhS0h5S0hocSI7czo2OiJ0YWJsZXMiO2E6Mzp7czo0MDoiYTRiNTIwOGI1NTkyOTE4YzVjZDU1OWViOTQ4MjY0ZDdfY29sdW1ucyI7YTo2OntpOjA7YTo3OntzOjQ6InR5cGUiO3M6NjoiY29sdW1uIjtzOjQ6Im5hbWUiO3M6MjoiaWQiO3M6NToibGFiZWwiO3M6MjoiSUQiO3M6ODoiaXNIaWRkZW4iO2I6MDtzOjk6ImlzVG9nZ2xlZCI7YjoxO3M6MTI6ImlzVG9nZ2xlYWJsZSI7YjowO3M6MjQ6ImlzVG9nZ2xlZEhpZGRlbkJ5RGVmYXVsdCI7Tjt9aToxO2E6Nzp7czo0OiJ0eXBlIjtzOjY6ImNvbHVtbiI7czo0OiJuYW1lIjtzOjEwOiJyZXF1ZXN0LmlkIjtzOjU6ImxhYmVsIjtzOjc6IlJlcXVlc3QiO3M6ODoiaXNIaWRkZW4iO2I6MDtzOjk6ImlzVG9nZ2xlZCI7YjoxO3M6MTI6ImlzVG9nZ2xlYWJsZSI7YjowO3M6MjQ6ImlzVG9nZ2xlZEhpZGRlbkJ5RGVmYXVsdCI7Tjt9aToyO2E6Nzp7czo0OiJ0eXBlIjtzOjY6ImNvbHVtbiI7czo0OiJuYW1lIjtzOjEwOiJhZ2VudC5uYW1lIjtzOjU6ImxhYmVsIjtzOjU6IkFnZW50IjtzOjg6ImlzSGlkZGVuIjtiOjA7czo5OiJpc1RvZ2dsZWQiO2I6MTtzOjEyOiJpc1RvZ2dsZWFibGUiO2I6MDtzOjI0OiJpc1RvZ2dsZWRIaWRkZW5CeURlZmF1bHQiO047fWk6MzthOjc6e3M6NDoidHlwZSI7czo2OiJjb2x1bW4iO3M6NDoibmFtZSI7czo2OiJzdGF0dXMiO3M6NToibGFiZWwiO3M6NjoiU3RhdHVzIjtzOjg6ImlzSGlkZGVuIjtiOjA7czo5OiJpc1RvZ2dsZWQiO2I6MTtzOjEyOiJpc1RvZ2dsZWFibGUiO2I6MDtzOjI0OiJpc1RvZ2dsZWRIaWRkZW5CeURlZmF1bHQiO047fWk6NDthOjc6e3M6NDoidHlwZSI7czo2OiJjb2x1bW4iO3M6NDoibmFtZSI7czoxMToidG90YWxfcHJpY2UiO3M6NToibGFiZWwiO3M6MTE6IlRvdGFsIHByaWNlIjtzOjg6ImlzSGlkZGVuIjtiOjA7czo5OiJpc1RvZ2dsZWQiO2I6MTtzOjEyOiJpc1RvZ2dsZWFibGUiO2I6MDtzOjI0OiJpc1RvZ2dsZWRIaWRkZW5CeURlZmF1bHQiO047fWk6NTthOjc6e3M6NDoidHlwZSI7czo2OiJjb2x1bW4iO3M6NDoibmFtZSI7czoxMDoiY3JlYXRlZF9hdCI7czo1OiJsYWJlbCI7czoxMDoiQ3JlYXRlZCBhdCI7czo4OiJpc0hpZGRlbiI7YjowO3M6OToiaXNUb2dnbGVkIjtiOjE7czoxMjoiaXNUb2dnbGVhYmxlIjtiOjA7czoyNDoiaXNUb2dnbGVkSGlkZGVuQnlEZWZhdWx0IjtOO319czo0MDoiNjYyZTM4OTIwZmFlYjY2MWJjMGE5MTMyNjRiNTQ3ZTdfY29sdW1ucyI7YTo3OntpOjA7YTo3OntzOjQ6InR5cGUiO3M6NjoiY29sdW1uIjtzOjQ6Im5hbWUiO3M6NDoibmFtZSI7czo1OiJsYWJlbCI7czoxMToiQ2xpZW50IE5hbWUiO3M6ODoiaXNIaWRkZW4iO2I6MDtzOjk6ImlzVG9nZ2xlZCI7YjoxO3M6MTI6ImlzVG9nZ2xlYWJsZSI7YjowO3M6MjQ6ImlzVG9nZ2xlZEhpZGRlbkJ5RGVmYXVsdCI7Tjt9aToxO2E6Nzp7czo0OiJ0eXBlIjtzOjY6ImNvbHVtbiI7czo0OiJuYW1lIjtzOjEyOiJwaG9uZV9udW1iZXIiO3M6NToibGFiZWwiO3M6NToiUGhvbmUiO3M6ODoiaXNIaWRkZW4iO2I6MDtzOjk6ImlzVG9nZ2xlZCI7YjoxO3M6MTI6ImlzVG9nZ2xlYWJsZSI7YjowO3M6MjQ6ImlzVG9nZ2xlZEhpZGRlbkJ5RGVmYXVsdCI7Tjt9aToyO2E6Nzp7czo0OiJ0eXBlIjtzOjY6ImNvbHVtbiI7czo0OiJuYW1lIjtzOjE3OiJhZGRyZXNzZXMuYWRkcmVzcyI7czo1OiJsYWJlbCI7czo5OiJBZGRyZXNzZXMiO3M6ODoiaXNIaWRkZW4iO2I6MDtzOjk6ImlzVG9nZ2xlZCI7YjoxO3M6MTI6ImlzVG9nZ2xlYWJsZSI7YjowO3M6MjQ6ImlzVG9nZ2xlZEhpZGRlbkJ5RGVmYXVsdCI7Tjt9aTozO2E6Nzp7czo0OiJ0eXBlIjtzOjY6ImNvbHVtbiI7czo0OiJuYW1lIjtzOjE5OiJhZGRyZXNzZXMuY2l0eS5uYW1lIjtzOjU6ImxhYmVsIjtzOjY6IkNpdGllcyI7czo4OiJpc0hpZGRlbiI7YjowO3M6OToiaXNUb2dnbGVkIjtiOjE7czoxMjoiaXNUb2dnbGVhYmxlIjtiOjA7czoyNDoiaXNUb2dnbGVkSGlkZGVuQnlEZWZhdWx0IjtOO31pOjQ7YTo3OntzOjQ6InR5cGUiO3M6NjoiY29sdW1uIjtzOjQ6Im5hbWUiO3M6MTk6ImFkZHJlc3Nlcy5hcmVhLm5hbWUiO3M6NToibGFiZWwiO3M6NToiQXJlYXMiO3M6ODoiaXNIaWRkZW4iO2I6MDtzOjk6ImlzVG9nZ2xlZCI7YjoxO3M6MTI6ImlzVG9nZ2xlYWJsZSI7YjowO3M6MjQ6ImlzVG9nZ2xlZEhpZGRlbkJ5RGVmYXVsdCI7Tjt9aTo1O2E6Nzp7czo0OiJ0eXBlIjtzOjY6ImNvbHVtbiI7czo0OiJuYW1lIjtzOjEwOiJjcmVhdGVkX2F0IjtzOjU6ImxhYmVsIjtzOjEwOiJDcmVhdGVkIGF0IjtzOjg6ImlzSGlkZGVuIjtiOjA7czo5OiJpc1RvZ2dsZWQiO2I6MDtzOjEyOiJpc1RvZ2dsZWFibGUiO2I6MTtzOjI0OiJpc1RvZ2dsZWRIaWRkZW5CeURlZmF1bHQiO2I6MTt9aTo2O2E6Nzp7czo0OiJ0eXBlIjtzOjY6ImNvbHVtbiI7czo0OiJuYW1lIjtzOjEwOiJ1cGRhdGVkX2F0IjtzOjU6ImxhYmVsIjtzOjEwOiJVcGRhdGVkIGF0IjtzOjg6ImlzSGlkZGVuIjtiOjA7czo5OiJpc1RvZ2dsZWQiO2I6MDtzOjEyOiJpc1RvZ2dsZWFibGUiO2I6MTtzOjI0OiJpc1RvZ2dsZWRIaWRkZW5CeURlZmF1bHQiO2I6MTt9fXM6NDA6ImQzOWY3ZmJlODA5ZTUwYTY0YmYzYzU4MjI3YjhkYzQyX2NvbHVtbnMiO2E6NTp7aTowO2E6Nzp7czo0OiJ0eXBlIjtzOjY6ImNvbHVtbiI7czo0OiJuYW1lIjtzOjI6ImlkIjtzOjU6ImxhYmVsIjtzOjI6IklEIjtzOjg6ImlzSGlkZGVuIjtiOjA7czo5OiJpc1RvZ2dsZWQiO2I6MTtzOjEyOiJpc1RvZ2dsZWFibGUiO2I6MDtzOjI0OiJpc1RvZ2dsZWRIaWRkZW5CeURlZmF1bHQiO047fWk6MTthOjc6e3M6NDoidHlwZSI7czo2OiJjb2x1bW4iO3M6NDoibmFtZSI7czoxMjoiY2xpZW50X2xhYmVsIjtzOjU6ImxhYmVsIjtzOjY6IkNsaWVudCI7czo4OiJpc0hpZGRlbiI7YjowO3M6OToiaXNUb2dnbGVkIjtiOjE7czoxMjoiaXNUb2dnbGVhYmxlIjtiOjA7czoyNDoiaXNUb2dnbGVkSGlkZGVuQnlEZWZhdWx0IjtOO31pOjI7YTo3OntzOjQ6InR5cGUiO3M6NjoiY29sdW1uIjtzOjQ6Im5hbWUiO3M6MTM6ImFkZHJlc3NfbGFiZWwiO3M6NToibGFiZWwiO3M6NzoiQWRkcmVzcyI7czo4OiJpc0hpZGRlbiI7YjowO3M6OToiaXNUb2dnbGVkIjtiOjE7czoxMjoiaXNUb2dnbGVhYmxlIjtiOjA7czoyNDoiaXNUb2dnbGVkSGlkZGVuQnlEZWZhdWx0IjtOO31pOjM7YTo3OntzOjQ6InR5cGUiO3M6NjoiY29sdW1uIjtzOjQ6Im5hbWUiO3M6Njoic3RhdHVzIjtzOjU6ImxhYmVsIjtzOjY6IlN0YXR1cyI7czo4OiJpc0hpZGRlbiI7YjowO3M6OToiaXNUb2dnbGVkIjtiOjE7czoxMjoiaXNUb2dnbGVhYmxlIjtiOjA7czoyNDoiaXNUb2dnbGVkSGlkZGVuQnlEZWZhdWx0IjtOO31pOjQ7YTo3OntzOjQ6InR5cGUiO3M6NjoiY29sdW1uIjtzOjQ6Im5hbWUiO3M6MTA6ImNyZWF0ZWRfYXQiO3M6NToibGFiZWwiO3M6MTA6IkNyZWF0ZWQgYXQiO3M6ODoiaXNIaWRkZW4iO2I6MDtzOjk6ImlzVG9nZ2xlZCI7YjoxO3M6MTI6ImlzVG9nZ2xlYWJsZSI7YjowO3M6MjQ6ImlzVG9nZ2xlZEhpZGRlbkJ5RGVmYXVsdCI7Tjt9fX19', 1765278078);

-- Dumping structure for table rosheta.users
CREATE TABLE IF NOT EXISTS `users` (
  `id` bigint unsigned NOT NULL AUTO_INCREMENT,
  `name` varchar(255) COLLATE utf8mb4_unicode_ci NOT NULL,
  `email` varchar(255) COLLATE utf8mb4_unicode_ci NOT NULL,
  `email_verified_at` timestamp NULL DEFAULT NULL,
  `password` varchar(255) COLLATE utf8mb4_unicode_ci NOT NULL,
  `remember_token` varchar(100) COLLATE utf8mb4_unicode_ci DEFAULT NULL,
  `created_at` timestamp NULL DEFAULT NULL,
  `updated_at` timestamp NULL DEFAULT NULL,
  `pharmacy_id` bigint unsigned DEFAULT NULL,
  `laboratory_id` bigint unsigned DEFAULT NULL,
  PRIMARY KEY (`id`),
  UNIQUE KEY `users_email_unique` (`email`),
  KEY `users_pharmacy_id_foreign` (`pharmacy_id`),
  KEY `users_laboratory_id_foreign` (`laboratory_id`),
  CONSTRAINT `users_laboratory_id_foreign` FOREIGN KEY (`laboratory_id`) REFERENCES `laboratories` (`id`) ON DELETE SET NULL,
  CONSTRAINT `users_pharmacy_id_foreign` FOREIGN KEY (`pharmacy_id`) REFERENCES `pharmacies` (`id`) ON DELETE SET NULL
) ENGINE=InnoDB AUTO_INCREMENT=124 DEFAULT CHARSET=utf8mb4 COLLATE=utf8mb4_unicode_ci;

-- Dumping data for table rosheta.users: ~123 rows (approximately)
INSERT INTO `users` (`id`, `name`, `email`, `email_verified_at`, `password`, `remember_token`, `created_at`, `updated_at`, `pharmacy_id`, `laboratory_id`) VALUES
	(1, 'Test User', 'test@example.com', '2025-11-01 10:28:31', '$2y$12$uCQngriHwKFkFzRCigB93e92YNJvDhHU.wULH4YDbSeo7aKHyKHhq', '2fPdVfVloT', '2025-11-01 10:28:32', '2025-11-01 10:28:32', NULL, 1),
	(2, 'test pharmacy User', 'pharmacy1@example.com', '2025-11-17 08:49:51', '$2y$12$wGd/XDcLpUbS5sZFv0jWxul4Tnhnbkc0ZEtwIikDsw8s.U/mEHtx.', 'ZtSfhCDiMG', '2025-11-17 08:49:51', '2025-11-17 08:49:51', 1, NULL),
	(3, 'Dooley and Sons Pharmacy User', 'pharmacy2@example.com', '2025-11-17 08:49:51', '$2y$12$OJln5hPln9Ps5kXubAxHvet2r3XK99hzY8KYjXQ1LG2p5Xm6DSfB6', 'eUXUwlqvwK', '2025-11-17 08:49:51', '2025-11-17 08:49:51', 2, NULL),
	(4, 'Paucek PLC Pharmacy User', 'pharmacy3@example.com', '2025-11-17 08:49:52', '$2y$12$e2wLz4u8UXddzuktKh4huuSLuTaM1nlHiL53PWcRhrpoIHspF6l3.', 'gbuXb1XKqg', '2025-11-17 08:49:52', '2025-11-17 08:49:52', 3, NULL),
	(5, 'Glover, Schowalter and Muller Pharmacy User', 'pharmacy4@example.com', '2025-11-17 08:49:52', '$2y$12$OzDTgbY7JOwrr4ghpBbxtuzuO1/KvTCGOVvbUgcSodvwR91FWUqCS', 'y5Yz4gCvcS', '2025-11-17 08:49:52', '2025-11-17 08:49:52', 4, NULL),
	(6, 'Hamill LLC Pharmacy User', 'pharmacy5@example.com', '2025-11-17 08:49:52', '$2y$12$o6PlB4FC1BVvx16QyvNEIuvRXmwNiaqgjMYE.VdEWytMscWY9SiR6', '1ii6HBh8Rl', '2025-11-17 08:49:52', '2025-11-17 08:49:52', 5, NULL),
	(7, 'Muller-Dibbert Pharmacy User', 'pharmacy6@example.com', '2025-11-17 08:49:53', '$2y$12$Ky3bG6yIB5Pa1OtpXerpCe98qdo61C6F.L5MuW9y2sf5b0mkKNF5O', 'UqOieJuw9n', '2025-11-17 08:49:53', '2025-11-17 08:49:53', 6, NULL),
	(8, 'Stroman-Hyatt Pharmacy User', 'pharmacy7@example.com', '2025-11-17 08:49:53', '$2y$12$rNJxCjuWY0VLeA1bPCX5RuhmtydmkQ2Sl6Mhqkp4M59TRdC/vSa.e', 'Ci9VolCocr', '2025-11-17 08:49:53', '2025-11-17 08:49:53', 7, NULL),
	(9, 'Heaney PLC Pharmacy User', 'pharmacy8@example.com', '2025-11-17 08:49:53', '$2y$12$vNhovwk2NYKyTVRWFOYSMezr9vZ2xFvA7B8uSeokCEVuCS7q81Axi', 'ZR1fdPydFQ', '2025-11-17 08:49:53', '2025-11-17 08:49:53', 8, NULL),
	(10, 'Greenfelder LLC Pharmacy User', 'pharmacy9@example.com', '2025-11-17 08:49:54', '$2y$12$fc/G48PIS8eR92b4He3QxOFLY1wnFn7EiIpzsKn/76G8niJ8sqVlG', 'CAZX2LUofk', '2025-11-17 08:49:54', '2025-11-17 08:49:54', 9, NULL),
	(11, 'Quigley, Conroy and Schaefer Pharmacy User', 'kimo151944@gmail.com', '2025-11-17 08:49:54', '$2y$12$W7prizY30Usv57Gqch7.iOcJvemasZ7J.Unupv.VvKq3N9Mx/Edk.', 'xijVBaixom', '2025-11-17 08:49:54', '2025-11-17 08:49:54', 10, NULL),
	(12, 'Bode PLC Pharmacy User', 'pharmacy11@example.com', '2025-11-17 08:49:54', '$2y$12$WSUUxtMgZUSbrLV6CdBEJe6h3pVGVaKnDG/aVbw3ODwl0VYlgoRD.', 'rg8owDvHv7', '2025-11-17 08:49:54', '2025-11-17 08:49:54', 11, NULL),
	(13, 'Kuvalis PLC Pharmacy User', 'pharmacy12@example.com', '2025-11-17 08:49:55', '$2y$12$BiG.n9CCO.K5sCCjJu9sJ.WCfmVpUeHqPkWRXrm1uW20K5l8Y7tTW', 'sBHCB2wzaw', '2025-11-17 08:49:55', '2025-11-17 08:49:55', 12, NULL),
	(14, 'Schulist, Crist and Senger Pharmacy User', 'pharmacy13@example.com', '2025-11-17 08:49:55', '$2y$12$mrSjB8cM/aht4dum.DGIoONeUHBmlL9D1Nacwhka3qovqjxLYFH02', '7vpn2KCJJi', '2025-11-17 08:49:55', '2025-11-17 08:49:55', 13, NULL),
	(15, 'Borer-Treutel Pharmacy User', 'pharmacy14@example.com', '2025-11-17 08:49:56', '$2y$12$9HDuRPtwoQAY9C1ZsF6q2ewX0t3ijkYRdQm5jJY9GBRvY2bg04Mcy', 'PwNchVBooV', '2025-11-17 08:49:56', '2025-11-17 08:49:56', 14, NULL),
	(16, 'Towne PLC Pharmacy User', 'pharmacy15@example.com', '2025-11-17 08:49:56', '$2y$12$aR/40Ed.8X4aHwRATM29Z.aBVB60/4NUmX6tjJ4ECqpEESko6lo9K', '5FvZsibYcD', '2025-11-17 08:49:56', '2025-11-17 08:49:56', 15, NULL),
	(17, 'Kerluke Group Pharmacy User', 'pharmacy16@example.com', '2025-11-17 08:49:56', '$2y$12$9kZb4p8R.MEOg2gj1OIFsuJBBvbTpuoE.anMcPT5/PzlnjjoPrGOS', 'BXzfzv16uF', '2025-11-17 08:49:56', '2025-11-17 08:49:56', 16, NULL),
	(18, 'West Group Pharmacy User', 'pharmacy17@example.com', '2025-11-17 08:49:57', '$2y$12$Zf9a3aycMvyTMOgoLE5C0OLURcx87gVzDlnIvyCt2gpmj2i835ex6', 'EnVHa3onuT', '2025-11-17 08:49:57', '2025-11-17 08:49:57', 17, NULL),
	(19, 'Hahn-Frami Pharmacy User', 'pharmacy18@example.com', '2025-11-17 08:49:57', '$2y$12$7ci/dMQk.izWsXvbnCVVMOvO0u/G2WutRlGxveazV0ER/GpntgorO', '82ttWs3leC', '2025-11-17 08:49:57', '2025-11-17 08:49:57', 18, NULL),
	(20, 'Treutel-Orn Pharmacy User', 'pharmacy19@example.com', '2025-11-17 08:49:58', '$2y$12$JjRmEr.IdvznuHcQxjA4JeDnShcQxkn575QcnJpEJGb4fnW8VqRLS', 'e9pr0BHddx', '2025-11-17 08:49:58', '2025-11-17 08:49:58', 19, NULL),
	(21, 'Powlowski PLC Pharmacy User', 'pharmacy20@example.com', '2025-11-17 08:49:58', '$2y$12$a/o/cxNlUZ5q9MRwWzxbp.PNN21uUuwj/0B1wmXIVpy.NBGNycJ26', 'yIk5KMCIgr', '2025-11-17 08:49:58', '2025-11-17 08:49:58', 20, NULL),
	(22, 'Daniel PLC Pharmacy User', 'pharmacy21@example.com', '2025-11-17 08:49:58', '$2y$12$1HyNlIS3nNrDIWWLiN3YZefqd8uqvJ7Cx77tBV8suqm9rdKpdxL4W', 'BiLetL3O1Y', '2025-11-17 08:49:58', '2025-11-17 08:49:58', 21, NULL),
	(23, 'Zboncak, O\'Hara and Windler Pharmacy User', 'pharmacy22@example.com', '2025-11-17 08:49:59', '$2y$12$O3mQ3tP/jUkxGCrm.Sv32.AmN28nQhVG20ZjDaucTeOqSxx5c7Bj2', 'XV0hBA4IwB', '2025-11-17 08:49:59', '2025-11-17 08:49:59', 22, NULL),
	(24, 'Wintheiser PLC Pharmacy User', 'pharmacy23@example.com', '2025-11-17 08:49:59', '$2y$12$efVJI/ZKaRVV0KJsDTC7G.IgQjmtNdoykjHIILaatWeBCeXqz4Hn2', '8bCaWnraP3', '2025-11-17 08:49:59', '2025-11-17 08:49:59', 23, NULL),
	(25, 'Glover Group Pharmacy User', 'pharmacy24@example.com', '2025-11-17 08:49:59', '$2y$12$wj4Hu/3Qlu.HaHhHlNbiuOsZRWLJO4eA7ZeOIIlgb1lQVM6jCNYHy', '313cHWM1xi', '2025-11-17 08:49:59', '2025-11-17 08:49:59', 24, NULL),
	(26, 'Ankunding, Mertz and Sporer Pharmacy User', 'pharmacy25@example.com', '2025-11-17 08:50:00', '$2y$12$UUFpNdwUcDwYqJRzlAAuPOHV6idgSaBufJkD.EkAcpGBlvmaIRaAa', 'Q6ClmJ7LHJ', '2025-11-17 08:50:00', '2025-11-17 08:50:00', 25, NULL),
	(27, 'Ruecker and Sons Pharmacy User', 'pharmacy26@example.com', '2025-11-17 08:50:00', '$2y$12$8wmkieD2BUySypAozrJHpOIvydggD4cTuZJdYhvowUEr5CJgZ2XDK', 'e4K036GUm5', '2025-11-17 08:50:00', '2025-11-17 08:50:00', 26, NULL),
	(28, 'Kessler, Shields and Marquardt Pharmacy User', 'pharmacy27@example.com', '2025-11-17 08:50:00', '$2y$12$12oUvL1.vlnntFeTEiK1xezQv7POT7aJJ90ltTeiQz2dJvMmZDFrW', 'TyWWLZUxts', '2025-11-17 08:50:00', '2025-11-17 08:50:00', 27, NULL),
	(29, 'Rosenbaum Inc Pharmacy User', 'pharmacy28@example.com', '2025-11-17 08:50:01', '$2y$12$i5hjkLZ/apYGqZ0Y918GMOHjnK12YLxOkraEJzTl2YkyMY.7dBOMi', 'OFiSUfbAJb', '2025-11-17 08:50:01', '2025-11-17 08:50:01', 28, NULL),
	(30, 'Schaefer, Sauer and Bins Pharmacy User', 'pharmacy29@example.com', '2025-11-17 08:50:01', '$2y$12$ypYAWQ2z0E3Ug2upBEhps.8HnBFVk26RvB.OYEtbnQmT6mBESoLIC', 'xbjXdAmGyP', '2025-11-17 08:50:01', '2025-11-17 08:50:01', 29, NULL),
	(31, 'Schultz, Bayer and Metz Pharmacy User', 'pharmacy30@example.com', '2025-11-17 08:50:01', '$2y$12$bjbe2g51FibeWStZTJzM5eEky9P060WQLcVEigdmCqzYLgzFR0jru', 'L8gnEeyivm', '2025-11-17 08:50:01', '2025-11-17 08:50:01', 30, NULL),
	(32, 'Grant, Gleichner and Orn Pharmacy User', 'pharmacy31@example.com', '2025-11-17 08:50:02', '$2y$12$cm8ehp85ZOX3SUM6LBcuy.8XxlNLL6KgrFuyw96opQNePiFBGNxN2', 'Mbg0KWhTjR', '2025-11-17 08:50:02', '2025-11-17 08:50:02', 31, NULL),
	(33, 'Gislason Ltd Pharmacy User', 'pharmacy32@example.com', '2025-11-17 08:50:02', '$2y$12$H7/xNi4uNHvFRNRKIBF/9uKgzyOA7hQSJAN3LCtLMFqnaO/5cXIIS', 'pchbIZ7L2V', '2025-11-17 08:50:02', '2025-11-17 08:50:02', 32, NULL),
	(34, 'Kohler, Tillman and Swift Pharmacy User', 'pharmacy33@example.com', '2025-11-17 08:50:03', '$2y$12$Rvc.BPpbI/UKPoE5IzATY.nYR3qWeZWKD2JkwgSg.7IPjashvT2jO', '1APBpVEwAX', '2025-11-17 08:50:03', '2025-11-17 08:50:03', 33, NULL),
	(35, 'Gleichner, Buckridge and Bruen Pharmacy User', 'pharmacy34@example.com', '2025-11-17 08:50:03', '$2y$12$BCZMybY3pxypCPRRzspJ.e31nX7rQDEGaXGMLILAP0.s0377tUM/O', '0LTf8OXbwS', '2025-11-17 08:50:03', '2025-11-17 08:50:03', 34, NULL),
	(36, 'Waelchi, Bayer and Frami Pharmacy User', 'pharmacy35@example.com', '2025-11-17 08:50:03', '$2y$12$GyeNwWrry7ppwcjalIectO5r5NFKcNu0usasKS7hje65c3Z88H5E.', '29sW3HzM2R', '2025-11-17 08:50:03', '2025-11-17 08:50:03', 35, NULL),
	(37, 'Swaniawski Ltd Pharmacy User', 'pharmacy36@example.com', '2025-11-17 08:50:04', '$2y$12$bUYYwlnAW2tI6Zz/PSrQyeOhtVU.yffKJfRQJ3MXFW.OFClPhqowq', 'DggJZjSZ61', '2025-11-17 08:50:04', '2025-11-17 08:50:04', 36, NULL),
	(38, 'Carter, Weber and Quigley Pharmacy User', 'pharmacy37@example.com', '2025-11-17 08:50:04', '$2y$12$WQQPhKVszlW/wdNJ6yXf8ucktxzrEwWFzxw.qFSOkekg8y4HK6SSy', 'RGVnqAK201', '2025-11-17 08:50:04', '2025-11-17 08:50:04', 37, NULL),
	(39, 'Roberts, Reilly and Ondricka Pharmacy User', 'pharmacy38@example.com', '2025-11-17 08:50:04', '$2y$12$EYA0njnma.YKImZkn3rtUe/FzXzWH.qxalVmdBWFvelU6bcbt5jdW', 'UWNrkkbBh8', '2025-11-17 08:50:04', '2025-11-17 08:50:04', 38, NULL),
	(40, 'Volkman-Pagac Pharmacy User', 'pharmacy39@example.com', '2025-11-17 08:50:05', '$2y$12$wz6rjmHjgAmuqu6gxy980OgpRbmU5ZWho36XSRoLCcNtsiI6hyFQ2', 'cJqZDpWdyO', '2025-11-17 08:50:05', '2025-11-17 08:50:05', 39, NULL),
	(41, 'Cummerata LLC Pharmacy User', 'pharmacy40@example.com', '2025-11-17 08:50:05', '$2y$12$EY5HiP3G5dHrG84Jk.nmaOYXxywq.9IWitKiDbKj/rf3vJnFQuuIG', 'Bp5tp2gEoI', '2025-11-17 08:50:05', '2025-11-17 08:50:05', 40, NULL),
	(42, 'Windler-Rath Pharmacy User', 'pharmacy41@example.com', '2025-11-17 08:50:05', '$2y$12$lk7ZL3JZoq87KA7KyU2Pau7k3OOn1OhBg0Vx1X54AkKgSjUCe8pLC', 'vpIblLeu6m', '2025-11-17 08:50:05', '2025-11-17 08:50:05', 41, NULL),
	(43, 'Ward-Armstrong Pharmacy User', 'pharmacy42@example.com', '2025-11-17 08:50:06', '$2y$12$d1OtSnKXjAHcRLmUYIao8enlluBOhNihJI3hcgGnjPEhqfRU.92/e', 'Gq1vYHLcAq', '2025-11-17 08:50:06', '2025-11-17 08:50:06', 42, NULL),
	(44, 'Sanford Inc Pharmacy User', 'pharmacy43@example.com', '2025-11-17 08:50:06', '$2y$12$zpf6ELeRhS0Z3/ljUWTx5.IjVleGc9mmrz0ashU8HvdQWXcAbCpyq', 'zurcY5XpR1', '2025-11-17 08:50:06', '2025-11-17 08:50:06', 43, NULL),
	(45, 'Medhurst-Altenwerth Pharmacy User', 'pharmacy44@example.com', '2025-11-17 08:50:07', '$2y$12$fPk75sGJYGlEiY7w6N3sm.NyaYXB9nW.Yy7hIiJCaOzMljtMc7zPW', 'Xqpu7Ph6gj', '2025-11-17 08:50:07', '2025-11-17 08:50:07', 44, NULL),
	(46, 'Abernathy and Sons Pharmacy User', 'pharmacy45@example.com', '2025-11-17 08:50:07', '$2y$12$kIhiAnn6hf2Eo6/MPRo6gO6mKNAqiOOk7Hx7jdtxJD.1znsBh9jIy', '0N18RLyqhx', '2025-11-17 08:50:07', '2025-11-17 08:50:07', 45, NULL),
	(47, 'VonRueden-Gutkowski Pharmacy User', 'pharmacy46@example.com', '2025-11-17 08:50:08', '$2y$12$U8j6zc0juMFGkaXLfxdowuF0XgzaiYQyH8P2NB8ptQ.6Axf3/pble', 'BUx0Ae0OV6', '2025-11-17 08:50:08', '2025-11-17 08:50:08', 46, NULL),
	(48, 'Bauch Group Pharmacy User', 'pharmacy47@example.com', '2025-11-17 08:50:08', '$2y$12$fQnZp3HqmpGQdhWjLZska.ZDfMf6/uJI.y4W3.9.I/mxckOZIG2aq', 'hvTC1Lo2Vm', '2025-11-17 08:50:08', '2025-11-17 08:50:08', 47, NULL),
	(49, 'Emard, Heller and Ryan Pharmacy User', 'pharmacy48@example.com', '2025-11-17 08:50:09', '$2y$12$/D5YGRoIPDeDQwOfkorpaOBmq1/oLmC8kvgPmQSIIvcRrfJ1uUMRy', 'RIXI9zyOJK', '2025-11-17 08:50:09', '2025-11-17 08:50:09', 48, NULL),
	(50, 'Beier, Nader and Kunde Pharmacy User', 'pharmacy49@example.com', '2025-11-17 08:50:09', '$2y$12$0pOZ7WNUEVjK4Z9/PPwgIOpCZaHXMwnCbYI1HK9D93FsO/B2lSAby', 'Q5XzW8dvUZ', '2025-11-17 08:50:09', '2025-11-17 08:50:09', 49, NULL),
	(51, 'Parker Ltd Pharmacy User', 'pharmacy50@example.com', '2025-11-17 08:50:10', '$2y$12$sqeW4pvmt9jgM0KXlna9r.sYfRTvlW6ZXf.QJ23UBdAoxJeNt0Hbu', 'v7xMzNmzzN', '2025-11-17 08:50:10', '2025-11-17 08:50:10', 50, NULL),
	(52, 'Jacobson and Sons Pharmacy User', 'pharmacy51@example.com', '2025-11-17 08:50:10', '$2y$12$zkZpEE1W52LujTYEXAlKTeK2BZRaNGnVfTdGB3CcuxNK.X0m8Ji0m', '9InIjwLFFr', '2025-11-17 08:50:10', '2025-11-17 08:50:10', 51, NULL),
	(53, 'Hodkiewicz PLC Pharmacy User', 'pharmacy52@example.com', '2025-11-17 08:50:11', '$2y$12$1B6r6SsFdJ5.24NDa09fJusGa/fH2ZrhCDM8Tger.7hCI3jUoaJVS', 'o2a7oT7EE7', '2025-11-17 08:50:11', '2025-11-17 08:50:11', 52, NULL),
	(54, 'Goyette, McKenzie and Dibbert Pharmacy User', 'pharmacy53@example.com', '2025-11-17 08:50:11', '$2y$12$xLho5AirzBix9gPRlOe7i.EvB5D.yUUqG4u2SqX2bBsrwYjqI53/m', 'K8G2O9JQ1M', '2025-11-17 08:50:11', '2025-11-17 08:50:11', 53, NULL),
	(55, 'Kohler Inc Pharmacy User', 'pharmacy54@example.com', '2025-11-17 08:50:11', '$2y$12$MwbaF9S8JXqJ7/rKjNuOSuWe1i3.Z84I9yxeqWMZ0K3JpxXkJSen.', 'qAQwiS6FvA', '2025-11-17 08:50:11', '2025-11-17 08:50:11', 54, NULL),
	(56, 'Harvey LLC Pharmacy User', 'pharmacy55@example.com', '2025-11-17 08:50:12', '$2y$12$QBFt.NP1tQRW5kla5Riro.uH2Jv5JUnCxPpK7sAuK5pNFyJMG2kx6', 'IXfoOQt0Ic', '2025-11-17 08:50:12', '2025-11-17 08:50:12', 55, NULL),
	(57, 'Conroy LLC Pharmacy User', 'pharmacy56@example.com', '2025-11-17 08:50:12', '$2y$12$9y.6S21uS0EssLmpIPmIqegvUw8s8Vs7YCOTC607C484HFjrQO9dm', 'Iw2uGsEpn3', '2025-11-17 08:50:12', '2025-11-17 08:50:12', 56, NULL),
	(58, 'Pfeffer Inc Pharmacy User', 'pharmacy57@example.com', '2025-11-17 08:50:13', '$2y$12$ZVIZYm67l678h/Dl92WG5.3nitk7WN73y7zYF3j5F0DMme/jQBJYW', '650dk7Gm7w', '2025-11-17 08:50:13', '2025-11-17 08:50:13', 57, NULL),
	(59, 'Gleichner Ltd Pharmacy User', 'pharmacy58@example.com', '2025-11-17 08:50:13', '$2y$12$73rgyUk7xhZH3VRuHjNub..UeR6WIIC2.kubzT7nF/GX8nHB2Fp5S', 'c2RAVPnnoz', '2025-11-17 08:50:13', '2025-11-17 08:50:13', 58, NULL),
	(60, 'Kerluke-Gutkowski Pharmacy User', 'pharmacy59@example.com', '2025-11-17 08:50:13', '$2y$12$TyA69yv/e97POE4J1UHAouEWeFrX1Jw.d.ioo.E9A5NBcath8.lcG', 'CydzGoMpcY', '2025-11-17 08:50:13', '2025-11-17 08:50:13', 59, NULL),
	(61, 'Casper-Auer Pharmacy User', 'pharmacy60@example.com', '2025-11-17 08:50:14', '$2y$12$LC2HnaITM.QjaNELknmMI.KfYBYYxDVNdBey5dDiXkajOUoF6w8Hm', 'i06SzpDo8D', '2025-11-17 08:50:14', '2025-11-17 08:50:14', 60, NULL),
	(62, 'Altenwerth-Bruen Pharmacy User', 'pharmacy61@example.com', '2025-11-17 08:50:14', '$2y$12$kYh3Pway62KTwufzGZFlB.O/s4RpD8HK0k8czxss4MggKTrfp8khy', 'woWGMMHoVk', '2025-11-17 08:50:14', '2025-11-17 08:50:14', 61, NULL),
	(63, 'Kub-Zulauf Pharmacy User', 'pharmacy62@example.com', '2025-11-21 16:30:14', '$2y$12$PDbzQuOU6eMo2IzEdPyLWOkjTgRS4Rg9aih1b6kxw2.UHrDVigFqm', 'ayJYCNKaIq', '2025-11-21 16:30:14', '2025-11-21 16:30:14', 62, NULL),
	(64, 'Willms, Schmitt and Marvin Pharmacy User', 'pharmacy63@example.com', '2025-11-21 16:30:15', '$2y$12$7uUGEg37UD6wyBsI9/Pyoe29oqNdszUXrIYOB5Xkw20nXelcLKW42', 'vCJSt8e6CZ', '2025-11-21 16:30:15', '2025-11-21 16:30:15', 63, NULL),
	(65, 'Reichel Inc Pharmacy User', 'pharmacy64@example.com', '2025-11-21 16:30:15', '$2y$12$eT/echf65VDZ9zIeOovLluUVlLyGNovGc/wK5VxUDR8rnBVIpURH.', 'r4pppOBe4t', '2025-11-21 16:30:15', '2025-11-21 16:30:15', 64, NULL),
	(66, 'Halvorson, Predovic and Nicolas Pharmacy User', 'pharmacy65@example.com', '2025-11-21 16:30:15', '$2y$12$2Of3mOqUzBsy9QGFYxZSvOhwrZ92m1zZyA57Pdk2ebTlYYXzHfJAm', 'apWzwOWx6U', '2025-11-21 16:30:15', '2025-11-21 16:30:15', 65, NULL),
	(67, 'Monahan Inc Pharmacy User', 'pharmacy66@example.com', '2025-11-21 16:30:16', '$2y$12$AdQjb1fiJ0ZooiLOKJ4poeHKfE5e6om/6.9cG52e9tutmlHg4VknW', 'BgkDBrJVmG', '2025-11-21 16:30:16', '2025-11-21 16:30:16', 66, NULL),
	(68, 'Beier-McLaughlin Pharmacy User', 'pharmacy67@example.com', '2025-11-21 16:30:17', '$2y$12$Ic155QEIaB41riR7GhmdpOjTnePfpxfVxdp4IEmsrPJxIQahciHam', 'OppGaaVAtk', '2025-11-21 16:30:17', '2025-11-21 16:30:17', 67, NULL),
	(69, 'Watsica-Denesik Pharmacy User', 'pharmacy68@example.com', '2025-11-21 16:30:18', '$2y$12$4fMCVp8A0ApqLdabnQqzIuEKXjn4nU0FR5Iaqu2lQso1yeYZSqkNi', 'AvHH3xlY9s', '2025-11-21 16:30:18', '2025-11-21 16:30:18', 68, NULL),
	(70, 'Yost-Bailey Pharmacy User', 'pharmacy69@example.com', '2025-11-21 16:30:18', '$2y$12$RhhziA2meodYEoUL5KKEIOhXpNEevp3fwy99CMZq5I2t7Gy428zsS', 'araibwXkna', '2025-11-21 16:30:18', '2025-11-21 16:30:18', 69, NULL),
	(71, 'Kirlin-Aufderhar Pharmacy User', 'pharmacy70@example.com', '2025-11-21 16:30:18', '$2y$12$jy0JLh442IuensjX0gNZDOy5OYtyMFXDNVCOzt.LhKcMWHjhikfXa', '3KXhAdEsfH', '2025-11-21 16:30:18', '2025-11-21 16:30:18', 70, NULL),
	(72, 'Tillman-Walter Pharmacy User', 'pharmacy71@example.com', '2025-11-21 16:30:19', '$2y$12$nHVbn.olwcEQC8BSwSLQ.uNdVW/icxBkzGDtgYKE9agbM7fQj82mi', 'r7uFHxd5Y8', '2025-11-21 16:30:19', '2025-11-21 16:30:19', 71, NULL),
	(73, 'Senger-Hodkiewicz Pharmacy User', 'pharmacy72@example.com', '2025-11-21 16:30:19', '$2y$12$5tguWwzRdQ7baMPbRnJJPO.TTHKsXVYGIQbCFdncbSaiJL3TxzHTS', 'TmPokTtY3W', '2025-11-21 16:30:19', '2025-11-21 16:30:19', 72, NULL),
	(74, 'Bergnaum, Bergnaum and Schaden Pharmacy User', 'pharmacy73@example.com', '2025-11-21 16:30:20', '$2y$12$1yB8XBx3kmkoyR96ExMwveKi6auJhEHyY0GQyZTcSo3dXYPXGs5sy', 'Z6L9fHlYai', '2025-11-21 16:30:20', '2025-11-21 16:30:20', 73, NULL),
	(75, 'Gutmann Group Pharmacy User', 'pharmacy74@example.com', '2025-11-21 16:30:20', '$2y$12$vZTEZR9YqqibPtwXKN4xQu2976kBfb127UZEtnaOzLf5MnUdG8CX2', 'Hd4azHMtgH', '2025-11-21 16:30:20', '2025-11-21 16:30:20', 74, NULL),
	(76, 'Kautzer-Olson Pharmacy User', 'pharmacy75@example.com', '2025-11-21 16:30:20', '$2y$12$ldBzmlT1LIH50l.LCG.KV.T7nkkJ4guCdFFRuLdkD2Ol9PvvDLLmm', 'fnl7sQy4qW', '2025-11-21 16:30:20', '2025-11-21 16:30:20', 75, NULL),
	(77, 'Turner, Labadie and Wolff Pharmacy User', 'pharmacy76@example.com', '2025-11-21 16:30:21', '$2y$12$leOJR7vIyKm3Jz0zElCulOUBbSajWQpqVTDhobN978cFf/d1CcdoW', '42ahBc2K89', '2025-11-21 16:30:21', '2025-11-21 16:30:21', 76, NULL),
	(78, 'Upton Ltd Pharmacy User', 'pharmacy77@example.com', '2025-11-21 16:30:21', '$2y$12$RZfG4j8hg/jOZXJgq1ZdCeHwZmex3OY2IZNjB4YE6ioAC3Lq7QG.K', 'dhByygxpKE', '2025-11-21 16:30:21', '2025-11-21 16:30:21', 77, NULL),
	(79, 'Bartell, Lebsack and Yost Pharmacy User', 'pharmacy78@example.com', '2025-11-21 16:30:22', '$2y$12$EF6giloaeDR98eaBxWtPmeB23f7lwzuTQLEqZI6C/0aCipJOfw8ui', '2pbh7Tl8dJ', '2025-11-21 16:30:22', '2025-11-21 16:30:22', 78, NULL),
	(80, 'Gorczany, Dooley and Bechtelar Pharmacy User', 'pharmacy79@example.com', '2025-11-21 16:30:22', '$2y$12$WmW7M5OIITT4yY5EuYkNreYmpIxKBOngDE65YOXr4WDRyKBfF9iVm', 'npG9VTqai6', '2025-11-21 16:30:22', '2025-11-21 16:30:22', 79, NULL),
	(81, 'Kirlin-Gleason Pharmacy User', 'pharmacy80@example.com', '2025-11-21 16:30:22', '$2y$12$8s2JPNYPOHmEiRBBlSLUK.yVP7Ye2yJsW83ZFm2O7ysTFGGlQZYPy', 'GEu5WR8G0l', '2025-11-21 16:30:22', '2025-11-21 16:30:22', 80, NULL),
	(82, 'Stroman, Hills and Abshire Pharmacy User', 'pharmacy81@example.com', '2025-11-21 16:30:23', '$2y$12$tsKuU9vkwaRIe53fvXjwOO6NIJjI2G/5QWEviQsns9zLjFeZPzUhu', 'aqzSjCd9oP', '2025-11-21 16:30:23', '2025-11-21 16:30:23', 81, NULL),
	(83, 'Fay-Greenholt Pharmacy User', 'pharmacy82@example.com', '2025-11-21 16:30:23', '$2y$12$m5p3p01MuyO4Qs2zQyQ2NuQStBTOdfLRVHO9pQlVJqZStjXKpfpAG', 'ScEYZs4Zg6', '2025-11-21 16:30:23', '2025-11-21 16:30:23', 82, NULL),
	(84, 'Gerlach-Hodkiewicz Pharmacy User', 'pharmacy83@example.com', '2025-11-21 16:30:23', '$2y$12$U0zuRlrFihr/1MqRGgBWmOWw9DwIFaUTopt158/BZsOHgZT5UYDPy', 'Ph2HT1ARPP', '2025-11-21 16:30:23', '2025-11-21 16:30:23', 83, NULL),
	(85, 'Nolan, Gleichner and Mosciski Pharmacy User', 'pharmacy84@example.com', '2025-11-21 16:30:24', '$2y$12$SjhhKY5RWMcPY/YhXCMfSOpAFeWyysrAeIUCCEZLsTH0zWzVkvBkS', 'UCchs1mxZx', '2025-11-21 16:30:24', '2025-11-21 16:30:24', 84, NULL),
	(86, 'O\'Reilly Group Pharmacy User', 'pharmacy85@example.com', '2025-11-21 16:30:24', '$2y$12$dRyv6AqEnJA.OeL14JCVkum3aCzyxsV/BwSiXkKa.cfk78/zksswy', 'R5OsCYYRRs', '2025-11-21 16:30:24', '2025-11-21 16:30:24', 85, NULL),
	(87, 'Moen-Considine Pharmacy User', 'pharmacy86@example.com', '2025-11-21 16:30:24', '$2y$12$QO36uzy1vBt05QD.XZ7G/OLXWnuvRhzGDWZODn1iryZ3gqHXyVSvK', 'ujOSrS05BD', '2025-11-21 16:30:24', '2025-11-21 16:30:24', 86, NULL),
	(88, 'Pacocha, Crooks and Schroeder Pharmacy User', 'pharmacy87@example.com', '2025-11-21 16:30:25', '$2y$12$laXsltBrjFx6a9SNvDufw.H9sScWP4uXRDXqx6tqNUuo3EjriWaXW', 'pVrUSqeeIP', '2025-11-21 16:30:25', '2025-11-21 16:30:25', 87, NULL),
	(89, 'Kuhn-Labadie Pharmacy User', 'pharmacy88@example.com', '2025-11-21 16:30:25', '$2y$12$.o55sFoAIzrgZX47XXrLYONEsrvg4UHYjcZ7Rse4D6KPvV9YyrwWS', '7Kg0Vh8svj', '2025-11-21 16:30:25', '2025-11-21 16:30:25', 88, NULL),
	(90, 'Gerlach, Torp and Hackett Pharmacy User', 'pharmacy89@example.com', '2025-11-21 16:30:25', '$2y$12$EGvLIKHHIctplpY2s/Z/oegRhXwtv3Sge.EYqJebLB3DRuaWXXj3.', 'mGKnNhDbKT', '2025-11-21 16:30:25', '2025-11-21 16:30:25', 89, NULL),
	(91, 'Jenkins-Thiel Pharmacy User', 'pharmacy90@example.com', '2025-11-21 16:30:26', '$2y$12$gYAuAsfpUgtSUFuEB7l4UOW5llsUyKBX8hWgbgsfoA/W63L4fE1cu', 'yfZujN1kk9', '2025-11-21 16:30:26', '2025-11-21 16:30:26', 90, NULL),
	(92, 'Rodriguez-Abshire Pharmacy User', 'pharmacy91@example.com', '2025-11-21 16:30:26', '$2y$12$Kmp/gLCLRGh3xQ5y7lgXXO5g4lzKdm.1FNwX0Dc7QjRF9.wquIlsG', 'g0XmART4yD', '2025-11-21 16:30:26', '2025-11-21 16:30:26', 91, NULL),
	(93, 'lab agent1', 'kimo@admin2.com', NULL, '$2y$12$R/mQ3M6a6.wamyZpm/T.J.vxo3c9Lw1dc18etXypS3xf3qt6p95mO', NULL, '2025-11-24 17:10:15', '2025-11-24 17:10:15', NULL, NULL),
	(94, 'Johnston and Sons Pharmacy User', 'pharmacy92@example.com', '2025-11-25 12:46:08', '$2y$12$J2snQXP8okkT3LPwMAnev.iX4WBJGhSc2AcHTqx2zd1g7nn/J./Ue', 'wW1nPYF04Q', '2025-11-25 12:46:08', '2025-11-25 12:46:08', 92, NULL),
	(95, 'Kunze, Herman and Kuphal Pharmacy User', 'pharmacy93@example.com', '2025-11-25 12:46:09', '$2y$12$9tA4FC/KYOO0X4DOdg9INepNQqhjeqVFtNb.aWDkH5Ku3xzD9AjwG', 'mQwmMqtpCX', '2025-11-25 12:46:09', '2025-11-25 12:46:09', 93, NULL),
	(96, 'Kiehn-Walter Pharmacy User', 'pharmacy94@example.com', '2025-11-25 12:46:09', '$2y$12$Q8ruqu4V7tY9WjAA2tflkOOo0x479wQA2Eis82yba06XrzFyNwl0m', 'BbCt5g2i1I', '2025-11-25 12:46:09', '2025-11-25 12:46:09', 94, NULL),
	(97, 'Stokes, Steuber and Bergstrom Pharmacy User', 'pharmacy95@example.com', '2025-11-25 12:46:09', '$2y$12$N31ovni/VRDVkQ/LThydAOob5EVICLULMw9C8h6y2cP/v1WTJHTU2', 'vX1WGKNV8W', '2025-11-25 12:46:09', '2025-11-25 12:46:09', 95, NULL),
	(98, 'Dach PLC Pharmacy User', 'pharmacy96@example.com', '2025-11-25 12:46:10', '$2y$12$OZO7AHmeEmUd1GAAf8jzpOl6jLTiqbYiXzHOmZSqchmfvhF/suQwC', 'fI0j06aw4n', '2025-11-25 12:46:10', '2025-11-25 12:46:10', 96, NULL),
	(99, 'Hettinger Group Pharmacy User', 'pharmacy97@example.com', '2025-11-25 12:46:10', '$2y$12$NHs3JvauTirnvgk6SF6GUepo1VH4pbywnn1qF0DqeYujwCrmzhza6', 'EvYeSEUiGi', '2025-11-25 12:46:10', '2025-11-25 12:46:10', 97, NULL),
	(100, 'Corkery, O\'Kon and Reinger Pharmacy User', 'pharmacy98@example.com', '2025-11-25 12:46:10', '$2y$12$rP.XHKKatXlh5Lmymp32NOQNC4Pi7ODVzodPT19OvQ3NnGPpAOWEW', 'tBq71UXbEJ', '2025-11-25 12:46:10', '2025-11-25 12:46:10', 98, NULL),
	(101, 'Simonis, Larkin and Lueilwitz Pharmacy User', 'pharmacy99@example.com', '2025-11-25 12:46:11', '$2y$12$.Z3dhD2oGCzd7IVWZLY5b.IsuSjDcElNYeyw2GVawqgdz2XsWSDtW', 'ypJ9IgXwCT', '2025-11-25 12:46:11', '2025-11-25 12:46:11', 99, NULL),
	(102, 'O\'Keefe-Botsford Pharmacy User', 'pharmacy100@example.com', '2025-11-25 12:46:11', '$2y$12$BdH7uSC6Sa3gA0ZlGCzmX.QgBGfyGgLbJ.GEzTM4AigUuKuuyixi6', 'KylgRjaA71', '2025-11-25 12:46:11', '2025-11-25 12:46:11', 100, NULL),
	(103, 'Emmerich Ltd Pharmacy User', 'pharmacy101@example.com', '2025-11-25 12:46:12', '$2y$12$MdqeQ22br.I9zHJaMTeBreiZJLMZqNnfgd2EfAt4Htk.rUqLI5vpy', 'hPCfQiAjzx', '2025-11-25 12:46:12', '2025-11-25 12:46:12', 101, NULL),
	(104, 'Pollich, Sporer and Bailey Pharmacy User', 'pharmacy102@example.com', '2025-11-25 12:46:12', '$2y$12$R9Xm23CJkLzSbfdCu/Q7duCgu.wymtG1IV.RT.bg2g00ZydCerAy6', 'U6Zo1qw3Ru', '2025-11-25 12:46:12', '2025-11-25 12:46:12', 102, NULL),
	(105, 'Abernathy-Stoltenberg Pharmacy User', 'pharmacy103@example.com', '2025-11-25 12:46:12', '$2y$12$dPC/EcOF/h1j/9PF.OTwme/fvaCBIYN2VsXD0KuJaELe1YYKL7nSO', '7ejwWfvKoM', '2025-11-25 12:46:12', '2025-11-25 12:46:12', 103, NULL),
	(106, 'Koepp, Cole and Mertz Pharmacy User', 'pharmacy104@example.com', '2025-11-25 12:46:13', '$2y$12$FAmXhO3qCbpEBuGlKrFBi.iHmZKVKpyQ/FEUpJWNZroMbi8hS2syu', 'QugQZVcwDp', '2025-11-25 12:46:13', '2025-11-25 12:46:13', 104, NULL),
	(107, 'Lowe, Zemlak and Mraz Pharmacy User', 'pharmacy105@example.com', '2025-11-25 12:46:13', '$2y$12$PTaXbEGqG4QAvLMylWHrL.4q3Qal9X4WLQ/CjNmcQorJYfTK62p76', 'ZPXJ57fh84', '2025-11-25 12:46:13', '2025-11-25 12:46:13', 105, NULL),
	(108, 'Roberts-Goyette Pharmacy User', 'pharmacy106@example.com', '2025-11-25 12:46:14', '$2y$12$iBTARHy.qByzjRZuyVbCcucLx.zbuOAMR5DTG0JiPh27PF15MjgTi', 'gv9nAVxn3e', '2025-11-25 12:46:14', '2025-11-25 12:46:14', 106, NULL),
	(109, 'Kilback, Schneider and Schmeler Pharmacy User', 'pharmacy107@example.com', '2025-11-25 12:46:14', '$2y$12$6TDXvrSO3jzvgoNPCQ0hxu9s359rWbvQDIxv.6Q8QAjStFtrfpLAm', 'AptM38kBM1', '2025-11-25 12:46:14', '2025-11-25 12:46:14', 107, NULL),
	(110, 'Parisian-Hammes Pharmacy User', 'pharmacy108@example.com', '2025-11-25 12:46:14', '$2y$12$b04q1FlO5SawRdZq0BLbH.c8bjYahxQ1yJdlTKGvlcOIXXnwS/YSK', 'u0UZTVo7R6', '2025-11-25 12:46:14', '2025-11-25 12:46:14', 108, NULL),
	(111, 'Stroman-Champlin Pharmacy User', 'pharmacy109@example.com', '2025-11-25 12:46:15', '$2y$12$AssUbBX5djDSBFThgUlmR.cKHpvTNyBhxy9Fah0vkIDbyzo95cF3.', 'eCtLcE0WMX', '2025-11-25 12:46:15', '2025-11-25 12:46:15', 109, NULL),
	(112, 'Thompson, Homenick and Haag Pharmacy User', 'pharmacy110@example.com', '2025-11-25 12:46:15', '$2y$12$3KDUPZvJ5iXGC98BhRnRfewMl4m6NUHHRctwBijODYChScBV/J48C', 'Fvb1WFP7wF', '2025-11-25 12:46:15', '2025-11-25 12:46:15', 110, NULL),
	(113, 'Runte-Pfeffer Pharmacy User', 'pharmacy111@example.com', '2025-11-25 12:46:15', '$2y$12$R7gptDpDIb8Rcd4/S9sc6.10Lh/kwUUKHvssjCFGLhUBwPKTJsySS', 'LUIa03VSeJ', '2025-11-25 12:46:15', '2025-11-25 12:46:15', 111, NULL),
	(114, 'Bernhard, Considine and Mann Pharmacy User', 'pharmacy112@example.com', '2025-11-25 12:46:16', '$2y$12$fGEU4DjyQvG24rNOMzppeepXH3hUsQPubGGgpElNvUU3d20WPsnSi', 'u8eTvc0MWz', '2025-11-25 12:46:16', '2025-11-25 12:46:16', 112, NULL),
	(115, 'Rippin-Mertz Pharmacy User', 'pharmacy113@example.com', '2025-11-25 12:46:16', '$2y$12$8RSZ7yJrGLyQSVB.2vMRKunpvYxd.UB/01b0UyWp6CkaLgWcift.O', 'AwlsVw7Cde', '2025-11-25 12:46:16', '2025-11-25 12:46:16', 113, NULL),
	(116, 'Morar, Marvin and Farrell Pharmacy User', 'pharmacy114@example.com', '2025-11-25 12:46:16', '$2y$12$pOk2xU551tvvpUkbpxu2hOg0OuYOAWyyXxEss2ske9aW21j24JqnW', 'gWDS3dLgGX', '2025-11-25 12:46:16', '2025-11-25 12:46:16', 114, NULL),
	(117, 'Dare-Bashirian Pharmacy User', 'pharmacy115@example.com', '2025-11-25 12:46:17', '$2y$12$8F2GhXdi0nQHboq50l1..uYRdxPtUlUL04PStjbBq00RPrQDNhCZO', 'wouTDZgNu9', '2025-11-25 12:46:17', '2025-11-25 12:46:17', 115, NULL),
	(118, 'Kling PLC Pharmacy User', 'pharmacy116@example.com', '2025-11-25 12:46:17', '$2y$12$JDAuNGmdzxAtgd38pFAPNOm2AIqPd3vOFif8AqYlefdueAC2TmoBK', 'fwaCkhvbeF', '2025-11-25 12:46:17', '2025-11-25 12:46:17', 116, NULL),
	(119, 'Watsica-Hill Pharmacy User', 'pharmacy117@example.com', '2025-11-25 12:46:17', '$2y$12$euCWSQ4OM2RnzpaN4mhc9.OVvDSEO89A8U.l5WDx8fL3WxyqzRZTe', '7g3HHFA3Ld', '2025-11-25 12:46:17', '2025-11-25 12:46:17', 117, NULL),
	(120, 'Daugherty PLC Pharmacy User', 'pharmacy118@example.com', '2025-11-25 12:46:18', '$2y$12$INUgxg7fQWyXn/a4bvGgvO8746Q362oGoyaV1rLGmUH38PCmUheiu', 'LUjPpPJA8A', '2025-11-25 12:46:18', '2025-11-25 12:46:18', 118, NULL),
	(121, 'Fay, Oberbrunner and Ondricka Pharmacy User', 'pharmacy119@example.com', '2025-11-25 12:46:18', '$2y$12$ddPrJmPhpUOqquz5Wc.CneZoT9TAE/uhchjRjdvWMhzsREjJL8F2W', 'DEYnHy88dG', '2025-11-25 12:46:18', '2025-11-25 12:46:18', 119, NULL),
	(122, 'Nienow Inc Pharmacy User', 'pharmacy120@example.com', '2025-11-25 12:46:18', '$2y$12$5H0rs3k9h7GuiSHK8Mbt5O2IbUmge1fr1zWfMI4oRbJjho//y8Kq6', 'kiLdn88UXG', '2025-11-25 12:46:18', '2025-11-25 12:46:18', 120, NULL),
	(123, 'Beahan Inc Pharmacy User', 'pharmacy121@example.com', '2025-11-25 12:46:19', '$2y$12$ccySj4rDKWwfs/FM49scNOeKu063vnLrq7XZF6hjRX8HJ3VeV5066', 'BA4yoetJRJ', '2025-11-25 12:46:19', '2025-11-25 12:46:19', 121, NULL);

/*!40103 SET TIME_ZONE=IFNULL(@OLD_TIME_ZONE, 'system') */;
/*!40101 SET SQL_MODE=IFNULL(@OLD_SQL_MODE, '') */;
/*!40014 SET FOREIGN_KEY_CHECKS=IFNULL(@OLD_FOREIGN_KEY_CHECKS, 1) */;
/*!40101 SET CHARACTER_SET_CLIENT=@OLD_CHARACTER_SET_CLIENT */;
/*!40111 SET SQL_NOTES=IFNULL(@OLD_SQL_NOTES, 1) */;
